facts_summary,case_category,likely_outcome,source_file,source_prefix,date_lecture,type_decision,type_recours,solution,text_length
"La Fédération CFDT des banques et assurances, Mme D B, Mme M E épouse O, Mme L N épouse H, Mme J F épouse A, Mme G I et M. K C ont demandé au tribunal administratif de Paris d'annuler pour excès de pouvoir la décision du 12 octobre 2018 par laquelle la directrice régionale des entreprises, de la concurrence, de la consommation, du travail et de l'emploi d'Ile-de-France a homologué le document unilatéral portant plan de sauvegarde de l'emploi de la société Alliage Assurances. Par un jugement n° 1823072/3-3 du 5 mars 2019, le tribunal administratif a rejeté cette demande. Par un arrêt n° 19PA01502 du 4 juillet 2019, la cour administrative d'appel de Paris a, sur appel de la Fédération CFDT des banques et assurances, de Mme D B, Mme M O, Mme L H, Mme J A, Mme G I et M. K C, annulé ce jugement et la décision du 12 octobre 2018. 1° Sous le n° 434225, par un pourvoi sommaire et un mémoire complémentaire, enregistrés les 4 septembre et 5 décembre 2019 au secrétariat du contentieux du Conseil d'Etat, la ministre du travail demande au Conseil d'Etat : 1°) d'annuler cet arrêt ; 2°) réglant l'affaire au fond, de rejeter l'appel de la Fédération CFDT des banques et assurances et autres. 2° Sous le n°434243, par un pourvoi sommaire, un mémoire complémentaire et un mémoire en réplique, enregistrés les 4 septembre et 4 décembre 2019 et le 3 décembre 2020 au secrétariat du contentieux du Conseil d'Etat, la SELAFA MJA et la SELARL FIDES, agissant en qualité de liquidateurs de la société Alliage Assurances, demandent au Conseil d'Etat : 1°) d'annuler cet arrêt ; 2°) réglant l'affaire au fond, de rejeter l'appel de la Fédération CFDT des banques et assurances et autres ; 3°) de mettre à la charge de la Fédération CFDT des banques et assurances et autres la somme de 4 500 euros au titre de l'article L. 761-1 du code de justice administrative. Vu les autres pièces des dossiers ;",exces_de_pouvoir,defavorable_requerant,DCE_434225_20220601.xml,DCE,2022-06-01,Décision,Excès de pouvoir,Rejet,18131
"M. B A a demandé au tribunal administratif de Lille d'annuler pour excès de pouvoir la décision du 28 mai 2015 par laquelle la ministre du travail, de l'emploi, de la formation professionnelle et du dialogue social a, d'une part, retiré sa décision implicite née le 22 avril 2015 et annulé la décision du 17 novembre 2014 de l'inspecteur du travail de la 16ème section de l'unité territoriale Nord-Lille refusant d'autoriser l'établissement public industriel et commercial Société Nationale des Chemins de fer français Mobilités (SNCF Mobilités) à procéder à son licenciement pour faute et, d'autre part, accordé l'autorisation de licenciement sollicitée. Par un jugement n° 1505972 du 14 décembre 2016, le tribunal administratif a rejeté sa demande. Par un arrêt n° 17DA00295 du 13 juin 2019, la cour administrative d'appel de Douai a rejeté son appel contre ce jugement. Par un pourvoi sommaire et un mémoire complémentaire, enregistrés les 10 octobre 2019 et 10 janvier 2020 au secrétariat du contentieux du Conseil d'Etat, M. A demande au Conseil d'Etat : 1°) d'annuler cet arrêt ; 2°) réglant l'affaire au fond, de faire droit à son appel ; 3°) de mettre à la charge de la société SNCF Mobilités la somme de 3 000 euros à verser à la SCP Garreau, Bauer-Violas, Feschotte-Desbois, son avocat, au titre des dispositions des articles L. 761-1 du code de justice administrative et 37 de la loi du 10 juillet 1991.",exces_de_pouvoir,favorable_requerant,DCE_435266_20220620.xml,DCE,2022-06-20,Décision,Excès de pouvoir,Satisfaction totale,10001
"Par une décision du 30 décembre 2020, le Conseil d’Etat, statuant au contentieux, a prononcé l’admission des conclusions du pourvoi de la société Immotour dirigées contre l’arrêt n°s 18NC02355, 18NC02356, 18NC02508 du 24 octobre 2019 de la cour administrative d’appel de Nancy en tant seulement qu’il écarte la responsabilité sans faute de la commune de Saverne.",plein_contentieux,partiellement_favorable,DCE_437160_20220613.xml,DCE,2022-06-13,Décision,Plein contentieux,Satisfaction partielle,8347
"Mme A B a demandé au tribunal administratif de Caen d'annuler pour excès de pouvoir la décision du 24 janvier 2014 par laquelle l'inspectrice du travail de la 2ème section de l'unité territoriale du Calvados a autorisé la société Trucks and Stores à la licencier pour motif économique. Par un jugement n° 1400559 du 21 mai 2015, le tribunal administratif a rejeté sa demande. Par un arrêt n° 15NT02233 du 14 novembre 2017, la cour administrative d'appel de Nantes, sur appel de Mme B, a annulé ce jugement et cette décision. Par une décision n° 417307 du 12 décembre 2018, le Conseil d'Etat, statuant au contentieux a, sur pourvoi de Me Francis Villa, agissant en qualité de mandataire liquidateur de la société Trucks and Stores, annulé cet arrêt et renvoyé l'affaire à la cour administrative d'appel de Nantes. Par un arrêt n° 18NT04615 du 5 novembre 2019, la cour administrative d'appel de Nantes, statuant sur renvoi du Conseil d'Etat, a rejeté l'appel de Mme B. Par un pourvoi sommaire et un mémoire complémentaire, enregistrés les 6 janvier et 21 avril 2020 au secrétariat du contentieux du Conseil d'Etat, Mme B demande au Conseil d'Etat : 1°) d'annuler cet arrêt ; 2°) réglant l'affaire au fond, de faire droit à son appel ; 3°) de mettre solidairement à la charge de l'Etat et de Me Villa, mandataire liquidateur de la société Trucks and Stores, la somme de 2 500 euros au titre de l'article L. 761-1 du code de justice administrative.",exces_de_pouvoir,defavorable_requerant,DCE_437422_20220614.xml,DCE,2022-06-14,Décision,Excès de pouvoir,Rejet,17850
"Le comité d'entreprise de l'unité économique et sociale (UES) Hop !, le Syndicat CGT Hop !, la CFDT Groupe Air France SPASAF, l'Union de l'encadrement Hop ! CFE-CGC FNEMA, le syndicat UNSA Aérien et M. A B ont demandé au tribunal administratif de Melun d'annuler pour excès de pouvoir la décision du 5 février 2019 par laquelle la directrice régionale des entreprises, de la concurrence, de la consommation, du travail et de l'emploi d'Ile-de-France a homologué le document unilatéral fixant le contenu du plan de sauvegarde de l'emploi de la société Hop !. Par un jugement n° 1903205 du 5 juillet 2019, le tribunal administratif a annulé cette décision. Par un arrêt n° 19PA02896, 19PA02901 du 19 novembre 2019 la cour administrative d'appel de Paris a, sur appels de la société Hop ! et de la ministre du travail, de l'emploi et de l'insertion, annulé ce jugement et rejeté la demande présentée devant le tribunal administratif de Melun. Par un pourvoi sommaire, un mémoire complémentaire, un mémoire en réplique et un nouveau mémoire, enregistrés les 20 janvier et 6 août 2020 et les 3 mai et 30 juin 2021, au secrétariat du contentieux du Conseil d'Etat, le Comité social et économique de l'UES Hop !, le Syndicat CGT Hop !, l'Union de l'encadrement Hop ! CFE-CGC FNEMA et M. B demandent au Conseil d'Etat : 1°) d'annuler cet arrêt ; 2°) réglant l'affaire au fond, de rejeter les requêtes d'appel ; 3°) de mettre à la charge de l'État et de la société Hop ! la somme de 5 000 euros chacun au titre de l'article L. 761-1 du code de justice administrative.",exces_de_pouvoir,defavorable_requerant,DCE_437767_20220620.xml,DCE,2022-06-20,Décision,Excès de pouvoir,Rejet,25929
"M. A B a demandé au tribunal administratif de Strasbourg d'annuler pour excès de pouvoir l'arrêté du 31 août 2015 par lequel la ministre de l'éducation nationale, de l'enseignement supérieur et de la recherche a prononcé son licenciement, ainsi que la décision implicite de rejet de son recours gracieux et d'enjoindre à la ministre de le réintégrer en tant que fonctionnaire stagiaire et de lui accorder une nouvelle année de stage avec un nouveau tuteur. Par un jugement n° 1601019 du 9 mai 2018, le tribunal administratif a rejeté sa demande. Par un arrêt n° 18NC01952 du 3 décembre 2019, la cour administrative d'appel de Nancy a rejeté l'appel formé par M. B contre ce jugement. Par un pourvoi sommaire et un mémoire complémentaire, enregistrés au secrétariat du contentieux du Conseil d'Etat les 4 février et 21 août 2020, M. B demande au Conseil d'Etat : 1°) d'annuler cet arrêt ; 2°) réglant l'affaire au fond, de faire droit à sa requête ; 3°) de mettre à la charge de l'Etat la somme de 4 000 euros au titre de l'article L. 761-1 du code de justice administrative.",exces_de_pouvoir,defavorable_requerant,DCE_438227_20220624.xml,DCE,2022-06-24,Décision,Excès de pouvoir,Rejet,17892
"La société Henri Berruer, venant aux droits de la société Benichou Legrain Berruer, a demandé au tribunal administratif de Paris de condamner l'Etat à l'indemniser des préjudices qu'elle estime avoir subis du fait de l'illégalité de la décision du 26 août 2010 par laquelle l'inspecteur du travail de l'unité territoriale de Paris l'a autorisée à licencier M. B A. Par un jugement n° 1519414/3-2 du 25 janvier 2017, le tribunal administratif a condamné l'Etat à lui verser une somme de 32 052,66 euros, assortie des intérêts au taux légal. Par un arrêt n° 17PA01038 du 20 décembre 2019, la cour administrative d'appel de Paris a, sur les appels de la société Henri Berruer et de la ministre du travail, condamné l'Etat à verser à la société Henri Berruer une somme de 96 232,82 euros, assortie des intérêts au taux légal. Par un pourvoi sommaire et un mémoire complémentaire, enregistrés les 20 février et 28 juillet 2020 au secrétariat du contentieux du Conseil d'Etat, la société Henri Berruer demande au Conseil d'Etat : 1°) d'annuler cet arrêt en tant qu'il n'a pas intégralement fait droit à ses conclusions d'appel ; 2°) réglant l'affaire au fond, de faire droit à son appel ; 3°) de mettre à la charge de l'Etat la somme de 5 000 euros au titre de l'article L. 761-1 du code de justice administrative.",exces_de_pouvoir,partiellement_favorable,DCE_438885_20220620.xml,DCE,2022-06-20,Décision,Excès de pouvoir,Satisfaction partielle,14907
"1° Sous le n° 439846, M. et Mme B A ont demandé au tribunal administratif de Lyon de prononcer la décharge des cotisations supplémentaires d'impôt sur le revenu auxquelles ils ont été assujettis au titre des années 2011 et 2012, ou, à titre subsidiaire, d'en prononcer la réduction. Par un jugement n° 1507837 du 20 mars 2018, le tribunal administratif de Lyon a réduit les bases d'imposition au titre des deux années en litige, ordonné la décharge des impositions correspondantes et rejeté le surplus de leur demande. Par un arrêt n° 18LY02021 du 30 janvier 2020, la cour administrative d'appel de Lyon a, sur appel de M. et Mme A, réduit les bases d'imposition de l'année 2011, ordonné la décharge des impositions correspondantes et rejeté le surplus de leur appel. Par un pourvoi sommaire et un mémoire complémentaire, enregistrés les 30 mars et 1er juillet 2020 au secrétariat du contentieux du Conseil d'Etat, M. et Mme A demandent au Conseil d'Etat : 1°) d'annuler cet arrêt en tant qu'il rejette le surplus de leur appel ; 2°) de mettre à la charge de l'Etat la somme de 5 000 euros au titre de l'article L. 761-1 du code de justice administrative. 2° Sous le n° 439848, M. et Mme B A ont demandé au tribunal administratif de Lyon de prononcer la décharge de la cotisation supplémentaire d'impôt sur le revenu à laquelle ils ont été assujettis au titre de l'année 2013. Par un jugement n° 1701418 du 20 mars 2018, le tribunal administratif de Lyon a rejeté leur demande. Par un arrêt n° 18LY02022 du 30 janvier 2020, la cour administrative d'appel de Lyon a rejeté l'appel formé par M. et Mme A contre ce jugement. Par un pourvoi sommaire et un mémoire complémentaire, enregistrés les 30 mars et 1er juillet 2020 au secrétariat du contentieux du Conseil d'Etat, M. et Mme A demandent au Conseil d'Etat : 1°) d'annuler cet arrêt ; 2°) de mettre à la charge de l'Etat la somme de 5 000 euros au titre de l'article L. 761-1 du code de justice administrative. Vu les autres pièces des dossiers ;",plein_contentieux,renvoi,DCE_439846_20220621.xml,DCE,2022-06-21,Décision,Plein contentieux,Renvoi après cassation,7898
"Mme B C a demandé au tribunal administratif de Clermont-Ferrand, en premier lieu, d'annuler pour excès de pouvoir la décision du 6 août 2015 par laquelle le ministre de l'agriculture, de l'agroalimentaire et de la forêt a décidé de ne pas la titulariser dans le corps des maîtres de conférences de l'enseignement agricole, ainsi que les arrêtés du 6 août 2015 et du 10 août 2015 par lesquels le ministre de l'agriculture, de l'agroalimentaire et de la forêt a mis fin à ses fonctions de maître de conférences stagiaire des établissements d'enseignement supérieur publics à compter du 1er septembre 2015, et en second lieu, d'enjoindre au ministre de l'agriculture, de l'agroalimentaire et de la forêt de la titulariser à compter du 1er septembre 2015 et de procéder à la reconstitution de sa carrière. Par un jugement n° 1501957 du 2 novembre 2017, le tribunal administratif a rejeté cette demande. Par un arrêt n° 18LY00003 du 6 février 2020, la cour administrative d'appel de Lyon a rejeté l'appel formé par Mme C contre ce jugement. Par un pourvoi sommaire et un mémoire complémentaire, enregistrés au secrétariat du contentieux du Conseil d'Etat les 6 avril et 3 juillet 2020, Mme C demande au Conseil d'Etat : 1°) d'annuler cet arrêt ; 2°) de mettre à la charge de l'Etat la somme de 3 500 euros au titre de l'article L. 761-1 du code de justice administrative.",plein_contentieux,defavorable_requerant,DCE_439974_20220629.xml,DCE,2022-06-29,Décision,Plein contentieux,Rejet,7255
"Par une requête, un mémoire en réplique et deux nouveaux mémoires, enregistrés les 4 mai, 22 novembre et 5 décembre 2020 et le 15 mai 2021 au secrétariat du contentieux du Conseil d'Etat, M. B D et Mme C A demandent au Conseil d'Etat d'annuler pour excès de pouvoir, d'une part, l'arrêté du 13 février 2020 de la ministre de l'enseignement supérieur, de la recherche et de l'innovation relatif au règlement intérieur de l'Ecole normale supérieure de Lyon, d'autre part, la décision n° 2020-19 du 3 mars 2020 du président de l'Ecole normale supérieure de Lyon portant désignation des institutions partenaires représentées au conseil d'administration de l'établissement.",exces_de_pouvoir,defavorable_requerant,DCE_440370_20220601.xml,DCE,2022-06-01,Décision,Excès de pouvoir,Rejet,12393
"Mme A a demandé au tribunal administratif de Lyon, d'une part, d'annuler pour excès de pouvoir le rapport d'inspection du 3 décembre 2015, la décision du 18 décembre 2015 par laquelle le proviseur du lycée du Parc a modifié ses enseignements à compter du 4 janvier 2016 et les décisions des 12 février et 18 mars 2016 par lesquelles la rectrice de l'académie de Lyon a rejeté ses recours hiérarchiques, d'autre part, de condamner l'Etat au versement de la somme de 8 000 euros en réparation des préjudices qu'elle estime avoir subis du fait de l'illégalité de ces décisions. Par un jugement n° 1602263 du 21 mars 2018, le tribunal administratif a rejeté ses demandes. Par un arrêt n° 18LY01882 du 30 janvier 2020, la cour administrative d'appel de Lyon, annulant partiellement ce jugement, a annulé la décision du 18 décembre 2015 ainsi que les décisions des 12 février et 18 mars 2016 et rejeté le surplus des conclusions de l'appel de Mme A. Par un pourvoi, enregistré le 22 mai 2020 au secrétariat du contentieux du Conseil d'Etat, le ministre de l'éducation nationale et de la jeunesse demande au Conseil d'Etat : 1°) d'annuler les articles 1er à 3 de cet arrêt ; 2°) réglant l'affaire au fond dans cette mesure, de rejeter l'appel de Mme A.",plein_contentieux,renvoi,DCE_440778_20220620.xml,DCE,2022-06-20,Décision,Plein contentieux,Renvoi après cassation,9088
"L'association Erquy environnement et Habitat, M. et Mme D B, E A et F C ont demandé au tribunal administratif de Rennes d'annuler pour excès de pouvoir l'arrêté du 8 avril 2016 par lequel le maire d'Erquy a délivré à la société SPI un permis d'aménager un lotissement de 31 lots et au maximum de 40 lots pour la construction de maisons individuelles et, accessoirement, l'accueil d'activités libérales, sur un terrain situé rue de la Corniche. Par un jugement n° 1602682 du 15 mars 2019, le tribunal administratif de Rennes a rejeté leur demande. Par un arrêt n° 19NT01840 du 30 mars 2020, la cour administrative d'appel de Nantes a rejeté leur appel dirigé contre ce jugement. Par un pourvoi sommaire et un mémoire complémentaire, enregistrés les 28 mai et 26 août 2020, au secrétariat du contentieux du Conseil d'Etat, l'association Erquy environnement et Habitat et M. et Mme B demandent au Conseil d'Etat : 1°) d'annuler cet arrêt ; 2°) de mettre à la charge de la commune d'Erquy la somme de 4 000 euros au titre de l'article L. 761-1 du code de justice administrative.",exces_de_pouvoir,defavorable_requerant,DCE_440917_20220601.xml,DCE,2022-06-01,Décision,Excès de pouvoir,Rejet,8639
"1° Sous le numéro 441056, par une requête sommaire et trois nouveaux mémoires, enregistrés les 5 juin et 4 septembre 2020, 24 août 2021 et 4 mars 2022 au secrétariat du contentieux du Conseil d'État, l'Association des chercheurs et enseignants didacticiens des langues étrangères, l'Association pour le développement de l'enseignement de l'allemand en France, l'Association française d'études américaines, l'Association française de linguistique appliquée, l'Association francophonie avenir, l'Association des germanistes de l'enseignement supérieur, l'Association des professeurs de langues en instituts universitaires et technologiques, l'Association pour la recherche en didactique de l'anglais de spécialité, la Fédération nationale des associations étudiantes linguistes, le Groupe d'étude et de recherche en anglais spécialité, le Groupe d'études et de recherche en espagnol de spécialité, l'Observatoire européen du plurilinguisme, le Rassemblement national des centres de langues de l'enseignement supérieur, la Société des anglicistes de l'enseignement supérieur et la Société des italianistes de l'enseignement supérieur demandent au Conseil d'Etat : 1°) d'annuler pour excès de pouvoir le décret n° 2020-398 du 3 avril 2020 relatif à la certification en langue anglaise pour les candidats à l'examen du brevet de technicien supérieur et modifiant le code de l'éducation et l'arrêté de la ministre de l'enseignement supérieur, de la recherche et de l'innovation du 3 avril 2020 relatif à la certification en langue anglaise pour les candidats inscrits aux diplômes nationaux de licence, de licence professionnelle et au diplôme universitaire de technologie ; 2°) de mettre à la charge de l'Etat la somme de 5 000 euros au titre de l'article L. 761-1 du code de justice administrative. 2° Sous le n° 441903, par une requête et un mémoire en réplique, enregistrés le 16 juillet 2020 et le 13 janvier 2021 au secrétariat du contentieux du Conseil d'État, la Fédération des langues régionales germaniques de France, l'association des élus pour la sauvegarde de la langue régionale en Alsace et en Moselle, l'association 57 - Le parti des Mosellans et l'Association pour le bilinguisme",exces_de_pouvoir,partiellement_favorable,DCE_441056_20220607.xml,DCE,2022-06-07,Décision,Excès de pouvoir,Satisfaction partielle,24633
"La société Ferme éolienne de Nueil-sous-Faye a demandé au tribunal administratif de Poitiers d'annuler, d'une part, la décision implicite du 23 octobre 2015 par laquelle le préfet de la Vienne a refusé de lui délivrer les permis de construire relatifs à un parc éolien composé de quatre éoliennes et d'un poste de livraison sur le territoire de la commune de Nueil-sous-Faye, et, d'autre part, l'arrêté du 2 décembre 2015 par lequel le préfet de la Vienne a refusé de lui délivrer l'autorisation d'exploiter ce parc. Par un premier jugement n° 1600197 du 29 novembre 2017, le tribunal administratif de Poitiers a annulé la décision implicite du 23 octobre 2015 et enjoint au préfet de la Vienne de délivrer à la société Ferme éolienne de Nueil-sous-Faye les permis de construire sollicités. Par un second jugement n° 1600199 du même jour, il a annulé l'arrêté du 2 décembre 2015 et délivré à la société Ferme éolienne de Nueil-sous-Faye l'autorisation d'exploiter demandée. Par un arrêt n° 18BX00294, 18BX00301, 18BX00369, 18BX00375 du 4 février 2020, la cour administrative d'appel de Bordeaux, saisie d'un appel dirigé contre chacun de ces jugements, d'une part, par l'association Apache et autres et, d'autre part, par M. M B, après avoir joint ces requêtes : - n'a pas admis les interventions présentées, d'une part, par la commune de Richelieu et plusieurs particuliers, et, d'autre part, par M. B au soutien de la requête de l'association Apache et autres dirigée contre le premier jugement n° 1600197 du 29 novembre 2017 ; - n'a pas admis l'intervention présentée par M. B au soutien de la requête de l'association Apache et autres dirigée contre le second jugement n° 1600199 ; - a rejeté les requêtes de l'association Apache et autres, d'une part, et de M. B, d'autre part, dirigées contre les deux jugements du tribunal administratif. 1° Sous le n° 441176, par un pourvoi sommaire et un mémoire complémentaire, enregistrés les 12 juin et 11 septembre 2020 au secrétariat du contentieux du Conseil d'Etat, l'association Apache, M. K et Mme I D, M. L et Mme G S, M. R et Mme O T, M. E N, Mme U A, M. Q F, M. C J et Mme P H de la Valette demandent au Conseil d'Etat : 1°) d'annuler cet arrêt",exces_de_pouvoir,defavorable_requerant,DCE_441176_20220601.xml,DCE,2022-06-01,Décision,Excès de pouvoir,Rejet,25188
"La société de Lauture a demandé au tribunal administratif de Nantes d'annuler l'arrêté du préfet de la Mayenne du 16 décembre 2015 en tant qu'il fixe, en son article 9, la répartition des débits des deux microcentrales hydroélectriques installées sur le seuil de la Richardière, sur la Mayenne. Par un jugement n° 1601746 du 17 août 2018, le tribunal administratif de Nantes a rejeté sa demande. Par un arrêt n° 18NT03922 du 2 avril 2020, la cour administrative d'appel de Nantes a rejeté l'appel formé par la société de Lauture contre ce jugement. Par un pourvoi sommaire et un mémoire complémentaire, enregistrés les 15 juin et 1er septembre 2020 au secrétariat du contentieux du Conseil d'Etat, la société de Lauture demande au Conseil d'Etat : 1°) d'annuler cet arrêt ; 2°) réglant l'affaire au fond, de faire droit à son appel ; 3°) de mettre à la charge de l'Etat la somme de 4 500 euros au titre de l'article L. 761-1 du code de justice administrative.",exces_de_pouvoir,defavorable_requerant,DCE_441187_20220622.xml,DCE,2022-06-22,Décision,Excès de pouvoir,Rejet,13130
"Par une requête et un mémoire complémentaire, enregistrés les 23 juin et 23 septembre 2021 au secrétariat du contentieux du Conseil d'Etat, M. B demande au Conseil d'Etat : l°) d'annuler pour excès de pouvoir la décision du 11 juin 2019 par laquelle le Conseil national de l'ordre des médecins, statuant en formation restreinte, a prononcé une nouvelle suspension de son droit d'exercer la médecine pour une durée de trois ans, subordonnant la reprise de son activité professionnelle aux résultats d'une nouvelle expertise ; 2°) de mettre à la charge du Conseil national de l'ordre des médecins la somme de 3 500 euros à verser à son conseil, la SCP Hélène Didier et François Pinet, au titre des articles L. 761-1 du code de justice administrative et 37 de la loi du 10 juillet 1991.",exces_de_pouvoir,defavorable_requerant,DCE_441362_20220615.xml,DCE,2022-06-15,Décision,Excès de pouvoir,Rejet,8035
"M. A B a demandé au tribunal administratif de Cergy-Pontoise de faire droit à sa demande tendant à ce que des allocations d'aide au retour à l'emploi lui soient accordées pour la période comprise entre 2010 et 2016, alors que ces allocations lui avaient été refusées par une décision du 26 juin 2019 du maire de Gennevilliers. Par une ordonnance n° 1912454 du 26 novembre 2019, la présidente de la 3ème chambre du tribunal administratif de Cergy-Pontoise a rejeté sa demande. Par une ordonnance n° 20VE00031 du 28 février 2020, le président assesseur de la 5ème chambre de la cour administrative d'appel de Versailles a rejeté l'appel formé par M. B contre cette ordonnance. Par un pourvoi sommaire et un mémoire complémentaire, enregistrés les 24 juin et 23 septembre 2020 au secrétariat du contentieux du Conseil d'Etat, M. B demande au Conseil d'Etat : 1°) d'annuler l'ordonnance du 28 février 2020 et l'ordonnance du 26 novembre 2019 ; 2°) de mettre à la charge de la commune de Gennevilliers la somme de 2 000 euros à verser à la SCP Buk Lament-Robillot au titre des articles 37 de la loi du 10 juillet 1991 et L. 761-1 du code de justice administrative.",plein_contentieux,renvoi,DCE_441393_20220621.xml,DCE,2022-06-21,Décision,Plein contentieux,Renvoi après cassation,6687
"M. A B a demandé au Conseil national de l'enseignement supérieur et de la recherche (CNESER), statuant en matière disciplinaire, d'ordonner, sur le fondement des dispositions de l'article R. 232-34 du code de l'éducation, qu'il soit sursis à l'exécution de la décision du 12 décembre 2019 par laquelle la section disciplinaire de l'Institut d'études politiques de Toulouse a prononcé à son encontre une mesure d'exclusion de l'établissement pour une durée de deux ans. Par une décision du 20 mai 2020, le Conseil national de l'enseignement supérieur et de la recherche, statuant en matière disciplinaire, a fait droit à cette demande et prononcé le sursis à exécution de cette décision. Par un pourvoi sommaire et un mémoire complémentaire, enregistrés les 29 juin et 10 septembre 2020, au secrétariat du contentieux du Conseil d'Etat, l'Institut d'études politiques de Toulouse demande au Conseil d'Etat : 1°) d'annuler cette décision ; 2°) réglant l'affaire au fond, de rejeter la demande de sursis à exécution de M. B ; 3°) de mettre à la charge de l'Etat la somme de 2 000 euros au titre de l'article L. 761-1 du code de justice administrative.",plein_contentieux,renvoi,DCE_441516_20220615.xml,DCE,2022-06-15,Décision,Plein contentieux,Renvoi après cassation,8324
"Vu les autres pièces du dossier ; Vu : - le code de commerce ; - le code de l'urbanisme ; - la loi n° 2014-626 du 18 juin 2014 ; - le code de justice administrative ; Après avoir entendu en séance publique : - le rapport de Mme Françoise Tomé, conseillère d'Etat, - les conclusions de M. Raphaël Chambon, rapporteur public ; La parole ayant été donnée, après les conclusions, à la SCP Piwnica, Molinié, avocat de la société Laury-chalonges dis ; Considérant ce qui suit : 1. Il ressort des pièces du dossier soumis aux juges du fond que par une décision du 13 septembre 2018, la commission départementale d'aménagement commercial de la Loire-Atlantique a accordé à la société Laury-Chalonges Dis une autorisation d'exploitation commerciale en vue de l'extension de 1 450 m2 du magasin de 800 m2 qu'elle exploite sous l'enseigne "" Espace culturel E. Leclerc "" dans l'ensemble commercial "" Pôle Sud "", dont la surface totale est de 40 630 m2, situé sur le territoire de la commune de Basse-Goulaine. La Commission nationale d'aménagement commercial s'est saisie du projet sur le fondement des dispositions du V de l'article L. 752-1 du code de commerce et, par une décision du 20 décembre 2018, a refusé d'accorder l'autorisation sollicitée. Le ministre de l'économie, des finances et de la relance et la Commission nationale d'aménagement commercial se pourvoient en cassation contre l'arrêt du 13 mai 2020 par lequel la cour administrative d'appel de Nantes a annulé la décision du 20 décembre 2018. 2. Aux termes de l'article L 752-1 du code de commerce: "" Sont soumis à une autorisation d'exploitation commerciale les projets ayant pour objet : () / 5° L'extension de la surface de vente d'un ensemble commercial ayant déjà atteint le seuil des 1 000 mètres carrés ou devant le dépasser par la réalisation du projet ; ()"". Aux termes de l'article L 752-17 du même code : ""() / II.-Lorsque la réalisation du projet ne nécessite pas de permis de construire, les personnes mentionnées au premier alinéa du I peuvent, dans un délai d'un mois, introduire un recours contre la décision de la commission départementale d'aménagement commercial./. (). / III.-La commission départementale d'aménagement comm",exces_de_pouvoir,renvoi,DCE_441707_20220620.xml,DCE,2022-06-20,Décision,Excès de pouvoir,Renvoi après cassation,6342
"Par une décision du 15 décembre 2021, le Conseil d'Etat, statuant au contentieux, saisi de la requête de la Fédération des syndicats des travailleurs du rail - Sud Rail tendant, d'une part, à l'annulation de la décision implicite par laquelle le président de la société nationale SNCF a rejeté sa demande du 11 mars 2020, reçue le 13 mars 2020, tendant à l'abrogation du b) du § 2 des "" dispositions diverses "" de l'instruction RH00677 du 16 mars 2017 portant dispositions complémentaires à l'accord d'entreprise sur l'organisation du temps de travail du 14 juin 2016 et, d'autre part, à ce qu'il soit enjoint à la SNCF d'abroger ces dispositions dans un délai de deux semaines à compter de la notification de la décision à intervenir, sous astreinte de 1 000 euros par jour de retard, a sursis à statuer jusqu'à ce que le Tribunal des conflits ait tranché la question de savoir quel est l'ordre de juridiction compétent pour connaître de ce litige. Par une décision du 11 avril 2022, le Tribunal des conflits a déclaré la juridiction judiciaire seule compétente pour connaître du litige opposant la Fédération des syndicats des travailleurs du rail - Sud Rail à la société nationale SNCF.",exces_de_pouvoir,renvoi,DCE_441711_20220610.xml,DCE,2022-06-10,Décision,Excès de pouvoir,Renvoi incompétence,3977
"M. B A a demandé au tribunal administratif de Montreuil d'annuler pour excès de pouvoir l'arrêté du 5 février 2019 par lequel le préfet de la Seine-Saint-Denis lui a fait obligation de quitter le territoire français sans délai, en assortissant cette obligation d'une interdiction de retour sur le territoire français pendant une durée de deux ans à compter de l'exécution de la décision qui accompagne cette mesure et l'a signalé aux fins de non-admission dans le système d'information Schengen pour la durée de cette interdiction de retour. Par un jugement n° 1901349 du 10 avril 2019, la magistrate désignée par le président de ce tribunal a rejeté sa demande. Par un arrêt n° 19VE01408 du 4 février 2020, la cour administrative d'appel de Versailles a rejeté l'appel formé par M. A contre ce jugement. Par un pourvoi sommaire et un mémoire complémentaire, enregistrés les 10 juillet et 6 octobre 2020 au secrétariat du contentieux du Conseil d'Etat, M. A demande au Conseil d'Etat : 1°) d'annuler l'arrêt du 4 février 2020 ; 2°) réglant l'affaire au fond, de faire droit à son appel ; 3°) de mettre à la charge de l'Etat la somme de 3 000 euros au titre de l'article L. 761-1 du code de justice administrative.",exces_de_pouvoir,defavorable_requerant,DCE_441736_20220601.xml,DCE,2022-06-01,Décision,Excès de pouvoir,Rejet,10569
"Par une requête, un mémoire complémentaire et un mémoire en réplique, enregistrés les 10 juillet et 9 octobre 2020 et le 19 mai 2021 au secrétariat du contentieux du Conseil d'Etat, la Fédération nationale de l'enseignement privé (FNEP) demande au Conseil d'Etat : 1°) d'annuler pour excès de pouvoir le décret n° 2020-553 du 11 mai 2020 relatif à l'expérimentation des modalités permettant le renforcement des échanges entre les formations de santé, la mise en place d'enseignements communs et l'accès à la formation par la recherche ; 2°) de mettre à la charge de l'Etat la somme de 5 000 euros au titre de l'article L. 761-1 du code de justice administrative.",exces_de_pouvoir,defavorable_requerant,DCE_441760_20220601.xml,DCE,2022-06-01,Décision,Excès de pouvoir,Rejet,16079
"La société des Entrepôts de Thumeries a demandé au tribunal administratif d'Orléans de prononcer la réduction de la cotisation de taxe foncière sur les propriétés bâties à laquelle elle a été assujettie au titre de l'année 2016 en raison d'un immeuble situé à Romorantin-Lanthenay (Loir-et-Cher). Par un jugement n° 1802888 du 17 mars 2020, le tribunal administratif d'Orléans a rejeté sa demande. Par un pourvoi sommaire, un mémoire complémentaire et un autre mémoire, enregistrés les 13 juillet 2020, 13 octobre 2020 et 17 mars 2022 au secrétariat du contentieux du Conseil d'Etat, la société des Entrepôts de Thumeries demande au Conseil d'Etat d'annuler ce jugement.",plein_contentieux,renvoi,DCE_441810_20220621.xml,DCE,2022-06-21,Décision,Plein contentieux,Renvoi après cassation,7648
"M. C A B a demandé au tribunal administratif de Paris d'annuler pour excès de pouvoir la décision du 16 février 2018 par laquelle l'inspectrice du travail a autorisé la société Chalon Opco à le licencier. Par un jugement n° 1805882 du 12 février 2019, le tribunal administratif a rejeté cette demande. Par un arrêt n° 19PA01184 du 26 mai 2020, la cour administrative d'appel de Paris a, sur appel de M. A B, annulé ce jugement ainsi que la décision du 16 février 2018. Par un pourvoi sommaire et un mémoire complémentaire, enregistrés les 27 juillet et 27 octobre 2020 au secrétariat du contentieux du Conseil d'Etat, la société Chalon Opco demande au Conseil d'Etat : 1°) d'annuler cet arrêt ; 2°) réglant l'affaire au fond, de faire droit à ses conclusions d'appel ; 3°) de mettre à la charge de M. A B la somme de 3 000 euros au titre de l'article L. 761-1 du code de justice administrative.",exces_de_pouvoir,partiellement_favorable,DCE_442190_20220629.xml,DCE,2022-06-29,Décision,Excès de pouvoir,Satisfaction partielle,13056
"Mme C A a porté plainte contre M. B D devant la chambre disciplinaire de première instance des Antilles-Guyane de l'ordre des chirurgiens-dentistes. Par une décision du 6 avril 2018, la chambre disciplinaire de première instance a rejeté sa plainte. Par une décision du 17 janvier 2020, la chambre disciplinaire nationale de l'ordre des chirurgiens-dentistes a rejeté l'appel de Mme A contre cette décision. Par un pourvoi sommaire et un mémoire complémentaire, enregistrés les 11 août et 12 novembre 2020 au secrétariat du contentieux du Conseil d'Etat, Mme C A demande au Conseil d'Etat : 1°) d'annuler cette décision ; 2°) réglant l'affaire au fond, de faire droit à ses conclusions d'appel ; 3°) de mettre à la charge du Conseil national de l'ordre des chirurgiens-dentistes et de M. D le versement à son conseil, le cabinet Munier-Apaire, de la somme de 4 000 euros au titre de l'article L. 761-1 du code de justice administrative et de l'article 37 de la loi du 10 juillet 1991.",plein_contentieux,partiellement_favorable,DCE_442685_20220629.xml,DCE,2022-06-29,Décision,Plein contentieux,Satisfaction partielle,6812
"D'une part, la commune de Couflens, l'association Couflens-Salau Demain, l'association le Comité Ecologique Ariégeois et l'association Henri Pézerat ont demandé au tribunal administratif de Toulouse, par une demande enregistrée sous le n° 1605772, d'annuler pour excès de pouvoir la décision du 21 octobre 2016, révélée par un communiqué de presse du secrétaire d'Etat chargé de l'industrie auprès du ministre de l'économie et des finances, attribuant un permis exclusif de recherche à la société Variscan Mines sur le territoire de la commune de Couflens ainsi que la décision du 21 octobre 2016, notifiée le même jour à la société Variscan Mines, d'attribution du permis exclusif de recherche. D'autre part, la commune de Couflens, l'association Couflens-Salau Demain, l'association le Comité Ecologique Ariégeois et l'association Henri Pézerat ont demandé au tribunal administratif de Toulouse, par une demande enregistrée sous le n° 1701308, d'annuler pour excès de pouvoir l'arrêté du secrétaire d'Etat chargé de l'industrie auprès du ministre de l'économie et des finances du 21 octobre 2016 accordant à la société Variscan Mines un permis exclusif de recherche de mines de tungstène, étain, bismuth, molybdène, zinc, plomb, cuivre, or, argent et substances connexes. Par un jugement n° 1605772, 1701308 du 28 juin 2019, le tribunal administratif a annulé l'arrêté du secrétaire d'Etat du 21 octobre 2016 et rejeté le surplus des demandes. Par un arrêt nos 19BX03465, 19BX03466, 19BX03467, 19BX03468 du 16 juin 2020, la cour administrative d'appel de Bordeaux a rejeté les appels formés par le ministre de l'économie, des finances et de la relance et la société Variscan Mines contre ce jugement en tant qu'il avait annulé cet arrêté et prononcé un non-lieu à statuer sur leurs requêtes à fin de sursis à exécution. Par un pourvoi et un mémoire en réplique, enregistrés les 13 août 2020 et le 4 août 2021 au secrétariat du contentieux du Conseil d'Etat, le ministre de l'économie, des finances et de la relance demande au Conseil d'Etat : 1°) d'annuler cet arrêt en tant qu'il rejette son appel ; 2°) réglant l'affaire au fond, de faire droit à son appel ;",exces_de_pouvoir,renvoi,DCE_442746_20220622.xml,DCE,2022-06-22,Décision,Excès de pouvoir,Renvoi après cassation,10916
"La société par actions simplifiée (SAS) Descas Père et Fils a demandé au tribunal administratif de Bordeaux de prononcer la décharge, en droits et intérêts de retard, des cotisations supplémentaires d'impôt sur les sociétés et de contribution sociale sur cet impôt auxquelles elle a été assujettie au titre de l'année 2011. Par un jugement n° 1505553 du 20 décembre 2017, le tribunal administratif de Bordeaux a rejeté sa demande. Par un arrêt n° 18BX00646 du 16 juin 2020, la cour administrative d'appel de Bordeaux a rejeté l'appel formé par la SAS Descas Père et Fils contre ce jugement. Par un pourvoi sommaire et un mémoire complémentaire, enregistrés les 17 août et 18 novembre 2020 au secrétariat du contentieux du Conseil d'Etat, la SAS Descas Père et Fils demande au Conseil d'Etat : 1°) d'annuler cet arrêt, en tant qu'il statue sur les intérêts de retard ; 2°) réglant l'affaire au fond, de faire droit à son appel ; 3°) de mettre à la charge de l'Etat la somme de 6 000 euros au titre de l'article L. 761-1 du code de justice administrative.",plein_contentieux,defavorable_requerant,DCE_442817_20220621.xml,DCE,2022-06-21,Décision,Plein contentieux,Rejet,7164
"La société Eurocommercial Properties Taverny a demandé à la cour administrative d'appel de Lyon d'annuler pour excès de pouvoir l'arrêté du 22 décembre 2017 par lequel le maire de Saint-Genis-Pouilly (Ain) a délivré à la société IF Allondon un permis de construire valant autorisation d'exploitation commerciale pour la création d'un ensemble dénommé "" A "" de 39 000 m² de surfaces de vente et d'un parc de stationnement de 2 056 places, sur un terrain de 13,68 hectares situé rue de la Faucille. Par un arrêt n° 18LY00672-18LY00699 du 27 juin 2019, la cour administrative d'appel a sursis à statuer, en application de l'article L. 600-5-1 du code de l'urbanisme, durant un délai de huit mois à compter de la notification de cet arrêt, sur cette requête. Par son arrêt du 18 juin 2020, la cour administrative d'appel a rejeté cette requête. Par un pourvoi sommaire, un mémoire complémentaire et deux nouveaux mémoires, enregistrés les 18 août et 13 novembre 2020 et les 25 janvier et 27 octobre 2021 au secrétariat du contentieux du Conseil d'Etat, la société Eurocommercial Properties Taverny demande au Conseil d'Etat : 1°) d'annuler ces deux arrêts ; 2°) réglant l'affaire au fond, de faire droit à sa requête ; 3°) de mettre solidairement à la charge de la commune de Saint-Genis-Pouilly et de la société IF Allodon la somme de 5 000 euros au titre de l'article L. 761-1 du code de justice administrative.",exces_de_pouvoir,renvoi,DCE_442937_20220615.xml,DCE,2022-06-15,Décision,Excès de pouvoir,Renvoi après cassation,10738
"M. B A a demandé au tribunal administratif de Toulon de condamner l'Etat à lui verser une indemnité de 5 403,25 euros au titre des jours portés sur son compte épargne-temps, des heures supplémentaires non récupérées et des congés annuels non pris lors de son admission à la retraite. Par un jugement n° 1502412 du 27 novembre 2017, le tribunal administratif a rejeté sa demande. Par un arrêt n° 18MA00029 du 16 juin 2020, la cour administrative d'appel de Marseille a, sur appel de M. A, annulé ce jugement en tant qu'il statue sur les conclusions indemnitaires relatives aux congés annuels et aux heures supplémentaires, condamné l'Etat à verser à M. A une indemnité de 2 673,25 euros au titre des heures supplémentaires non récupérées et des congés non pris et rejeté le surplus des conclusions de la requête. Par un pourvoi, enregistré le 19 août 2020 au secrétariat du contentieux du Conseil d'Etat, le ministre de l'intérieur demande au Conseil d'Etat : 1°) d'annuler l'article 2 de cet arrêt ; 2°) réglant l'affaire au fond, à titre principal, de rejeter la demande de M. A et, à titre subsidiaire, de limiter la condamnation à indemnisation des congés annuels non pris à une somme correspondant à dix jours de congés.",plein_contentieux,renvoi,DCE_443053_20220622.xml,DCE,2022-06-22,Décision,Plein contentieux,Renvoi après cassation,7232
"Le médecin-conseil, chef de service de l'échelon local du service médical d'Ile-de-France, a porté plainte contre M. C B dit A devant la chambre disciplinaire de première instance d'Ile-de-France de l'ordre des médecins. Le conseil départemental de la Ville de Paris de l'ordre des médecins s'est associé à la plainte. Par une décision du 9 novembre 2017, la chambre disciplinaire de première instance a infligé à M. B dit A la sanction de l'interdiction d'exercer la médecine pour une durée de trois ans. Par une décision du 23 juin 2020, la chambre disciplinaire nationale de l'ordre des médecins a rejeté l'appel formé par M. B dit A contre cette décision. Par un pourvoi sommaire et un mémoire complémentaire, enregistrés les 21 août et 23 novembre 2020 au secrétariat du contentieux du Conseil d'Etat, M. B dit A demande au Conseil d'Etat : 1°) d'annuler cette décision ; 2°) réglant l'affaire au fond, de faire droit à son appel ; 3°) de mettre à la charge du conseil départemental de la Ville de Paris de l'ordre des médecins et du médecin-conseil, chef de service de l'échelon local du service médical d'Ile-de-France, la somme de 4 000 euros au titre de l'article L. 761-1 du code de justice administrative.",plein_contentieux,defavorable_requerant,DCE_443176_20220614.xml,DCE,2022-06-14,Décision,Plein contentieux,Rejet,8080
"Vu les autres pièces du dossier ; Vu : - le règlement (CE) n°2003/2003 du Parlement européen et du Conseil du 13 octobre 2003 ; - le règlement (UE) n°2019/1009 du Parlement européen et du Conseil du 5 juin 2019 ; - le code du commerce ; - le code rural et de la pêche maritime ; - l'arrêté du ministre de l'agriculture et de l'alimentation du 1er avril 2020 fixant la composition des dossiers de demandes relatives à des autorisations de mise sur le marché et permis de matières fertilisantes, d'adjuvants pour matières fertilisantes et de supports de culture et les critères à prendre en compte dans la préparation des éléments requis pour l'évaluation ; - le code de justice administrative ; Après avoir entendu en séance publique : - le rapport de M. Nicolas Jau, auditeur, - les conclusions de M. Laurent Cytermann, rapporteur public ; La parole ayant été donnée, après les conclusions, à la SCP Foussard, Froger, avocat de l'Union des industries de la fertilisation ; Considérant ce qui suit : Sur le cadre juridique : 1. Aux termes de l'article L. 255-2 du code rural et de la pêche maritime : "" L'importation, la détention en vue de la vente, la mise en vente, la vente, la distribution à titre gratuit ou l'utilisation, sous quelque dénomination que ce soit sur le territoire national, d'une matière fertilisante, d'un adjuvant pour matières fertilisantes ou d'un support de culture définis à la section 1 du présent chapitre est subordonnée à l'obtention d'une autorisation de mise sur le marché délivrée selon les conditions posées à l'article L. 255-7 "". Aux termes de l'article L. 255-4 du même code : "" La distribution ou l'utilisation à des fins d'expérimentation d'un des produits mentionnés à l'article L. 255-2 est subordonnée à l'obtention d'un permis délivré dans les conditions prévues à l'article L. 255-8, sous réserve des dispositions de l'article L. 255-9 "". 2. L'article R. 255-13 du code rural et de la pêche maritime dispose que : "" Un arrêté du ministre chargé de l'agriculture, pris sur proposition du directeur général de l'Agence, fixe le contenu et la composition des dossiers de demandes d'autorisation ou de permis déposés en application des dispositions du présent",exces_de_pouvoir,defavorable_requerant,DCE_443192_20220624.xml,DCE,2022-06-24,Décision,Excès de pouvoir,Rejet,10533
"Par une décision du 26 janvier 2021, le Conseil d'Etat statuant au contentieux a prononcé l'admission partielle des conclusions du pourvoi de Mme B A dirigées contre l'arrêt n°19DA00282 du 25 juin 2020 de la cour administrative d'appel de Douai, en tant qu'il a omis de se prononcer sur l'indemnisation des préjudices subis par Mme A tenant aux souffrances physiques et morales liées à sa pathologie dépressive, au titre de la responsabilité sans faute de la commune de Loos.",plein_contentieux,renvoi,DCE_443367_20220616.xml,DCE,2022-06-16,Décision,Plein contentieux,Renvoi après cassation,6023
"La société Réseau Assistance a demandé au tribunal administratif de Lyon, notamment, d'annuler la décision du 27 juillet 2016 par laquelle le directeur départemental de la protection des populations du Rhône lui a infligé deux amendes administratives d'un montant total de 6 800 euros, ainsi que le titre de perception du 12 octobre 2016 émis par le directeur des créances spéciales du trésor en vue de leur recouvrement, et a demandé à être déchargée de l'obligation de payer cette somme. Par un jugement nos 1607170, 1704500 du 24 mai 2018, le tribunal administratif de Lyon a rejeté ces demandes. Par un arrêt n° 18LY02830 du 9 juillet 2020, la cour administrative d'appel de Lyon a, sur appel de la société Réseau Assistance, annulé ce jugement ainsi que la décision du 27 juillet 2016, le titre de perception du 12 octobre 2016 et les décisions des 9 septembre 2016 et 9 juin 2017 rejetant les recours administratifs formés par la société et l'a déchargée de l'obligation de payer la somme de 6 800 euros. Par un pourvoi enregistré le 26 août 2020 au secrétariat du contentieux du Conseil d'Etat, le ministre de l'économie, des finances et de la relance demande au Conseil d'Etat d'annuler cet arrêt.",plein_contentieux,favorable_requerant,DCE_443379_20220623.xml,DCE,2022-06-23,Décision,Plein contentieux,Satisfaction totale,5443
"M. A B a demandé au tribunal administratif de Rouen, d'une part, d'annuler les mises en demeure tenant lieu de commandement de payer, délivrées les 2 septembre 2016 et 21 octobre 2019 en vue du recouvrement des cotisations supplémentaires d'impôt sur le revenu et de prélèvements sociaux mises à sa charge au titre des années 2012 et 2013, ainsi que des pénalités correspondantes et, d'autre part, de prononcer la décharge de ces impositions. Par une ordonnance n° 200768 du 24 mars 2020, le président de la 1ère chambre du tribunal administratif de Rouen a rejeté sa demande. Par une ordonnance n° 20DA00780 du 1er juillet 2020, le président de la 4ème chambre de la cour administrative d'appel de Douai a rejeté l'appel formé par M. B contre cette ordonnance. Par un pourvoi sommaire et un mémoire complémentaire, enregistrés les 28 août et 20 novembre 2020 au secrétariat du contentieux du Conseil d'Etat, M. B demande au Conseil d'Etat : 1°) d'annuler cette ordonnance; 2°) réglant l'affaire au fond, de faire droit à son appel; 3°) de mettre à la charge de l'Etat la somme de 4 000 euros au titre de l'article L. 761-1 du code de justice administrative.",plein_contentieux,renvoi,DCE_443433_20220621.xml,DCE,2022-06-21,Décision,Plein contentieux,Renvoi après cassation,6787
"M. A B a demandé au tribunal administratif d'Orléans d'annuler, à titre principal, le tableau d'avancement des professeurs de lycée professionnel au grade de professeur de lycée professionnel hors-classe arrêté par une décision du recteur de l'académie d'Orléans-Tours du 9 mai 2016 et, à titre subsidiaire, les décisions des 9 mai et 25 mai 2016 de ce recteur refusant de l'inscrire sur ce tableau d'avancement et rejetant son recours gracieux. Par un jugement n° 1602220 du 31 mai 2018, le tribunal administratif d'Orléans a rejeté sa demande. Par un arrêt n° 18NT02843 du 30 juin 2020, la cour administrative d'appel de Nantes a rejeté l'appel formé par M. B contre ce jugement. Par un pourvoi sommaire, un mémoire complémentaire et un mémoire en réplique enregistrés les 28 août et 27 novembre 2020 et 5 novembre 2021 au secrétariat du contentieux du Conseil d'Etat, M. B demande au Conseil d'Etat : 1°) d'annuler cet arrêt ; 2°) de mettre à la charge de l'Etat la somme de 3 500 euros au titre de l'article L. 761-1 du code de justice administrative.",plein_contentieux,renvoi,DCE_443455_20220621.xml,DCE,2022-06-21,Décision,Plein contentieux,Renvoi après cassation,8464
"La société civile immobilière (SCI) CD Verbaere a demandé au tribunal administratif de Lille de prononcer la réduction de la cotisation de taxe foncière sur les propriétés bâties à laquelle elle a été assujettie au titre des années 2015 et 2016, à raison d'un local commercial dont elle est propriétaire à Lomme (Nord). Par un jugement n° 1702025 du 16 juillet 2020, le tribunal administratif de Lille a partiellement fait droit à sa demande. Par un pourvoi enregistré le 31 août 2020 au secrétariat du contentieux du Conseil d'Etat, le ministre de l'économie, des finances et de la relance demande au Conseil d'Etat d'annuler ce jugement.",plein_contentieux,defavorable_requerant,DCE_443520_20220623.xml,DCE,2022-06-23,Décision,Plein contentieux,Rejet,4786
"Par une requête et deux autres mémoires, enregistrés les 31 août 2020, 4 août 2021 et 13 mai 2022 au secrétariat du contentieux du Conseil d'Etat, la société Groupe Consultant en Gestion Financière Internationale (CGFI) et M. B A demandent au Conseil d'Etat : 1°) d'annuler la décision du 3 juillet 2020 par laquelle la commission des sanctions de l'Autorité des marchés financiers a prononcé à leur encontre, chacun, une sanction pécuniaire de 50 000 euros et une interdiction d'exercer l'activité de conseiller en investissements financiers d'une durée de 5 ans, ordonné la publication de la décision sur le site Internet de l'Autorité des marchés financiers et fixé à 5 ans à compter de la date de la décision la durée de son maintien en ligne de manière non anonyme ; 2°) à titre subsidiaire, de réformer cette décision en annulant l'interdiction d'exercer l'activité de conseiller en investissements financiers pendant cinq années prononcée à leur encontre ou en en réduisant la durée ; 3°) de mettre à la charge de l'Autorité des marchés financiers la somme de 4 000 euros au titre de l'article L. 761-1 du code de justice administrative.",exces_de_pouvoir,defavorable_requerant,DCE_443523_20220617.xml,DCE,2022-06-17,Décision,Excès de pouvoir,Rejet,16246
"La société Auchan Supermarché a demandé à la cour administrative d'appel de Douai d'annuler pour excès de pouvoir l'arrêté du 30 avril 2018 par lequel le maire de Ferrières-en-Bray a délivré à la société Caroline un permis de construire valant autorisation d'exploitation commerciale pour l'extension de 1765 m2 de la surface de vente d'un supermarché exploité sous l'enseigne Super U et de sa galerie marchande et la création de 70 places de stationnement. Par un arrêt n° 18DA01334 du 30 juin 2020, la cour administrative a annulé cet arrêté en tant qu'il vaut autorisation d'exploitation commerciale. Par un pourvoi sommaire et un mémoire complémentaire, enregistrés les 1er septembre et 26 novembre 2020 au secrétariat du contentieux du Conseil d'Etat, la société Caroline demande au Conseil d'Etat : 1°) d'annuler cet arrêt ; 2°) réglant l'affaire au fond, de faire droit à sa requête ; 3°) de mettre à la charge de la société Auchan Supermarché la somme de 5 000 euros au titre de l'article L. 761-1 du code de justice administrative.",exces_de_pouvoir,defavorable_requerant,DCE_443560_20220614.xml,DCE,2022-06-14,Décision,Excès de pouvoir,Rejet,8093
"La société Les Sénioriales en ville de Juvignac a demandé au tribunal administratif de Montpellier d'annuler pour excès de pouvoir l'arrêté du 19 novembre 2015 par lequel le maire de Juvignac (Hérault) a délivré un permis de construire à la société Corim Associés, ainsi que la décision implicite de rejet de sa demande de retrait pour fraude de cet arrêté. Par un jugement n° 1804805 du 2 juillet 2020, le tribunal administratif de Montpellier a annulé la décision par laquelle le maire de Juvignac a refusé de retirer le permis de construire délivré le 19 novembre 2015, en tant seulement que ce permis autorise 1'édification du bâtiment C en dehors de la zone d'implantation initialement définie dans le lot D1. 1° Sous le n° 443625, par un pourvoi sommaire et un mémoire complémentaire, enregistrés les 2 septembre et 2 décembre 2020 au secrétariat du contentieux du Conseil d'Etat, la société Corim Associés demande au Conseil d'Etat : 1°) d'annuler ce jugement ; 2°) réglant l'affaire au fond, de rejeter la demande de la société Les Sénioriales en ville de Juvignac ; 3°) de mettre à la charge de la société Les Sénioriales en ville de Juvignac la somme de 5 000 euros au titre de l'article L. 761-1 du code de justice administrative. 2° Sous le n° 443633, par un pourvoi sommaire, un mémoire complémentaire et un mémoire en réplique, enregistrés les 2 septembre et 2 décembre 2020 et le 19 avril 2022 au secrétariat du contentieux du Conseil d'Etat, la commune de Juvignac demande au Conseil d'Etat : 1°) d'annuler ce jugement ; 2°) de mettre à la charge de la société Les Sénioriales en ville de Juvignac la somme de 5 000 euros au titre de l'article L. 761-1 du code de justice administrative. Vu les autres pièces des dossiers ;",exces_de_pouvoir,defavorable_requerant,DCE_443625_20220622.xml,DCE,2022-06-22,Décision,Excès de pouvoir,Rejet,11510
"La Société générale a demandé au tribunal administratif de Cergy-Pontoise, d'une part, de prononcer la décharge de la restitution, mise à sa charge par quatre avis de mise en recouvrement émis le 11 août 2015, de sommes précédemment remboursées au titre d'une créance de précompte mobilier revendiquée par la société Suez, ainsi que de lui accorder le bénéfice du sursis de paiement et, d'autre part, de prononcer la décharge de l'obligation de payer résultant de deux mises en demeure du 23 octobre 2015 qui lui ont été notifiées en vue du recouvrement de ces sommes. Par un jugement nos 1601679, 1603412 du 22 novembre 2016, le tribunal administratif de Cergy-Pontoise a rejeté ses demandes. Par un arrêt n° 17VE00208 du 7 juillet 2020, la cour administrative d'appel de Versailles a rejeté l'appel formé par la Société générale contre ce jugement. Par un pourvoi sommaire, un mémoire complémentaire et un mémoire en réplique, enregistrés les 4 septembre et 4 décembre 2020 et le 27 janvier 2022 au secrétariat du contentieux du Conseil d'Etat, la Société générale demande au Conseil d'Etat : 1°) d'annuler cet arrêt ; 2°) de mettre à la charge de l'Etat la somme de 5 000 euros au titre de l'article L. 761-1 du code de justice administrative.",plein_contentieux,defavorable_requerant,DCE_443754_20220624.xml,DCE,2022-06-24,Décision,Plein contentieux,Rejet,7309
"La société Le Flocon a demandé au tribunal administratif de Grenoble d’annuler pour excès de pouvoir l’arrêté du 15 décembre 2015 par lequel le maire de la commune des Allues (Savoie) a approuvé la modification de l’article 1er du cahier des charges du lotissement dit de « la Frasse », afin de rendre possible la construction d’un immeuble de logement collectif, ainsi que la décision du 25 mars 2016 rejetant son recours gracieux. Par un jugement n° 1602964 du 18 décembre 2018, le tribunal administratif de Grenoble a annulé cet arrêté et la décision rejetant le recours gracieux. Par un arrêt n° 19LY00589 du 7 juillet 2020, la cour administrative d’appel de Lyon, statuant sur appel de la SARL Gambetta Diffusion et la SCCV Mérifraisse, a annulé ce jugement et rejeté la demande de la société Le Flocon. Par un pourvoi sommaire et un mémoire complémentaire, enregistrés au secrétariat du contentieux du Conseil d’État le 7 septembre et le 7 décembre 2020, la société Le Flocon demande au Conseil d’Etat : 1°) d’annuler cet arrêt ; 2°) réglant l’affaire au fond, de faire droit à sa demande ; 3°) de mettre à la charge de la SARL Gambetta Diffusion et de la SCCV Mérifraisse une somme de 4 000 euros au titre de l’article L.761-1 du code de justice administrative.",exces_de_pouvoir,defavorable_requerant,DCE_443808_20220601.xml,DCE,2022-06-01,Décision,Excès de pouvoir,Rejet,8746
"M. et Mme C A ont demandé au tribunal administratif de Limoges de prononcer la décharge des cotisations supplémentaires d'impôt sur le revenu, de contribution exceptionnelle sur les hauts revenus et de contributions sociales auxquelles ils ont été assujettis au titre des années 2010 et 2011 ainsi que des pénalités correspondantes. Par un jugement n° 1501102 du 17 mai 2018, le tribunal administratif de Limoges a rejeté leur demande. Par un arrêt n° 18BX02768 du 10 juillet 2020, la cour administrative d'appel de Bordeaux a, sur appel de M. et Mme A, décidé qu'il n'y avait pas lieu de statuer, à concurrence du dégrèvement prononcé le 26 décembre 2018, sur les conclusions tendant à la décharge des cotisations supplémentaires en litige, a prononcé la décharge des pénalités pour manquement délibéré et a rejeté le surplus des conclusions. Par un pourvoi, enregistré le 8 septembre 2020 au secrétariat du contentieux du Conseil d'Etat, le ministre de l'économie, des finances et de la relance demande au Conseil d'Etat d'annuler l'article 2 de cet arrêt.",plein_contentieux,renvoi,DCE_443828_20220621.xml,DCE,2022-06-21,Décision,Plein contentieux,Renvoi après cassation,5514
"M. A B et le syndicat fédération nationale des salariés de la construction, bois et ameublement (FNSCBA) CGT ont demandé au tribunal administratif de Cergy-Pontoise d'annuler pour excès de pouvoir la décision du 27 octobre 2014, par laquelle le ministre du travail, de l'emploi, de la formation professionnelle et du dialogue social a, d'une part, annulé la décision du 19 mars 2014 par laquelle l'inspectrice du travail de l'unité de contrôle de la 18ème section des Hauts-de-Seine a refusé d'autoriser le licenciement de M. B et, d'autre part, autorisé la société Entreprise Petit à le licencier. Par un jugement n° 1500547 du 3 octobre 2017, le tribunal administratif a fait droit à sa demande. Par un arrêt n° 17VE03614 du 7 juillet 2020, la cour administrative d'appel de Versailles a rejeté l'appel formé par la société Entreprise Petit contre ce jugement. Par un pourvoi sommaire, un mémoire complémentaire et un mémoire en réplique, enregistrés les 8 septembre et 8 décembre 2020 et le 4 juin 2021 au secrétariat du contentieux du Conseil d'Etat, la société Petit, venant aux droits de la société Entreprise Petit, demande au Conseil d'Etat : 1°) d'annuler cet arrêt ; 2°) réglant l'affaire au fond, de faire droit à son appel ; 3°) de mettre à la charge de M. B et du syndicat FNSCBA CGT la somme de 4 500 euros au titre de l'article L. 761-1 du code de justice administrative.",exces_de_pouvoir,renvoi,DCE_443856_20220615.xml,DCE,2022-06-15,Décision,Excès de pouvoir,Renvoi après cassation,7200
"La société De Cambracq a demandé au tribunal administratif de Pau la réduction de la cotisation d'impôt sur les sociétés à laquelle elle a été assujettie au titre des exercices 2012 et 2013 et la décharge des rappels de taxe sur la valeur ajoutée qui lui ont été réclamés au titre de la période du 1er janvier 2012 au 31 décembre 2013. Par un jugement n° 1600521 et 1600522 du 25 janvier 2018, le tribunal administratif de Pau a prononcé la décharge des rappels de taxe sur la valeur ajoutée et, par voie de conséquence, un non-lieu à statuer sur la demande en décharge de l'impôt sur les sociétés. Par un arrêt n° 18BX02059 du 9 juillet 2020, la cour administrative d'appel de Bordeaux a, sur appel du ministre de l'action et des comptes publics, annulé ce jugement, remis à la charge de la société les rappels de taxe sur la valeur ajoutée litigieux et rejeté les conclusions de la société à fin de décharge de l'impôt sur les sociétés. Par un pourvoi sommaire, un mémoire complémentaire et un mémoire en réplique, enregistrés les 9 septembre 2020, 9 décembre 2020 et 5 janvier 2022 au secrétariat du contentieux du Conseil d'Etat, la société De Cambracq demande au Conseil d'Etat : 1°) d'annuler cet arrêt ; 2°) de mettre à la charge de l'Etat la somme de 3 000 euros au titre de l'article L. 761-1 du code de justice administrative.",plein_contentieux,defavorable_requerant,DCE_443893_20220617.xml,DCE,2022-06-17,Décision,Plein contentieux,Rejet,9065
"Mme B C a demandé au tribunal administratif de Paris d'annuler pour excès de pouvoir la décision du 8 juin 2018 par laquelle la ministre du travail a autorisé la société Sinéquanone à la licencier pour motif économique. Par un jugement n° 1814566/3-1 du 31 mai 2019, le tribunal administratif a rejeté sa demande. Par un arrêt n° 19PA02467 du 10 juillet 2020, la cour administrative d'appel de Paris a rejeté l'appel formé par Mme C contre ce jugement. Par un pourvoi sommaire, un mémoire complémentaire et un mémoire en réplique, enregistrés les 10 septembre et 10 décembre 2020 et le 3 septembre 2021, au secrétariat du contentieux du Conseil d'Etat, Mme C demande au Conseil d'Etat : 1°) d'annuler cet arrêt ; 2°) réglant l'affaire au fond, de faire droit à son appel ; 3°) de mettre solidairement à la charge de l'Etat et de la société MJA, agissant en qualité de mandataire liquidateur de la société Sinéquanone, la somme de 3 500 euros au titre de l'article L. 761-1 du code de justice administrative.",exces_de_pouvoir,partiellement_favorable,DCE_443955_20220629.xml,DCE,2022-06-29,Décision,Excès de pouvoir,Satisfaction partielle,22853
"1° Sous le n° 444254, par une requête sommaire, un mémoire complémentaire et un mémoire en réplique, enregistrés les 14 septembre et 14 décembre 2020 et le 4 juin 2021 au secrétariat du contentieux du Conseil d'Etat, Mme D E demande au Conseil d'Etat : 1°) d'annuler pour excès de pouvoir la décision du 22 mai 2020 du jury de l'examen d'aptitude et de classement des auditeurs de justice de la promotion 2018 la déclarant inapte à l'exercice des fonctions judiciaires et la décision du 27 juillet 2020 rejetant son recours gracieux ; 2°) de mettre à la charge de l'Etat et de l'Ecole nationale de la magistrature la somme de 4 000 euros au titre de l'article L. 761-1 du code de justice administrative. 2° Sous le n° 444260, par une requête sommaire, un mémoire complémentaire et un mémoire en réplique, enregistrés les 14 septembre et 14 décembre 2020 et le 4 juin 2021 au secrétariat du contentieux du Conseil d'Etat, Mme D E demande au Conseil d'Etat : 1°) d'annuler pour excès de pouvoir l'arrêté du garde des sceaux, ministre de la justice du 13 juillet 2020 mettant fin à ses fonctions d'auditrice de justice à compter du 22 mai 2020 ; 2°) de mettre à la charge de l'Etat une somme de 4 000 euros au titre de l'article L. 761-1 du code de justice administrative. Vu les autres pièces des dossiers ;",exces_de_pouvoir,defavorable_requerant,DCE_444254_20220622.xml,DCE,2022-06-22,Décision,Excès de pouvoir,Rejet,19003
"M. A B a demandé au tribunal administratif de Toulon de condamner l'Etat et le département du Var à lui verser la somme de 60 000 euros en réparation du préjudice qu'il estime avoir subi du fait d'un harcèlement moral et la somme de 10 000 euros au titre du dysfonctionnement de leurs services. Par un jugement n° 1504154 du 7 février 2019, le tribunal administratif de Toulon a rejeté sa demande. Par un arrêt n° 19MA01309 du 22 juillet 2020, la cour administrative d'appel de Marseille a rejeté l'appel formé par M. B contre ce jugement. Par un pourvoi sommaire, un mémoire complémentaire et un mémoire en réplique, enregistrés les 17 septembre et 17 décembre 2020 et 19 janvier 2021 au secrétariat du contentieux du Conseil d'Etat, M. B demande au Conseil d'Etat : 1°) d'annuler cet arrêt ; 2°) réglant l'affaire au fond, de faire droit à son appel ; 3°) de mettre à la charge de l'Etat et du département du Var la somme de 3 500 euros au titre de l'article L. 761-1 du code de justice administrative.",plein_contentieux,renvoi,DCE_444568_20220624.xml,DCE,2022-06-24,Décision,Plein contentieux,Renvoi après cassation,7833
"La société Amnéville Loisirs a demandé au tribunal administratif de Strasbourg d'annuler la décision du 14 novembre 2016 par laquelle le directeur départemental des finances publiques de la Moselle a partiellement rejeté sa demande d'octroi d'un abattement supplémentaire définitif sur le produit brut des jeux au titre des dépenses de construction et d'équipement d'un hôtel situé à Amnéville et de réintégrer en conséquence dans l'assiette de cet abattement les dépenses exclues par cette décision. Par un jugement n° 1700245, 1700246 du 27 décembre 2018, le tribunal administratif de Strasbourg a rejeté sa demande. Par un arrêt n° 19NC00717 du 23 juillet 2020, la cour administrative d'appel de Nancy a annulé la décision attaquée en tant qu'elle excluait des dépenses une somme de 104 770,31 euros hors taxes, a enjoint au directeur départemental des finances publiques de la Moselle d'accorder, dans cette mesure, à la société Amnéville Loisirs, un complément d'abattement supplémentaire sur le produit brut des jeux, a réformé en ce sens le jugement du tribunal administratif de Strasbourg et a rejeté le surplus de l'appel formé par la société Amnéville Loisirs contre ce jugement. Par une requête et un mémoire complémentaire, enregistrés les 24 septembre et 28 décembre 2020 au secrétariat du contentieux du Conseil d'Etat, la société Amnéville Loisirs demande au Conseil d'Etat : 1°) d'annuler cet arrêt ; 2°) de mettre à la charge de l'Etat la somme de 3 000 euros au titre de l'article L. 761-1 du code de justice administrative.",plein_contentieux,renvoi,DCE_444875_20220627.xml,DCE,2022-06-27,Décision,Plein contentieux,Renvoi après cassation,9112
"Par une requête et un mémoire en réplique, enregistrés les 28 septembre 2020 et 28 juillet 2021 au secrétariat du contentieux du Conseil d'Etat, la République et Canton de Genève, la ville de Genève, Mme G E, M. H F, M. D C et M. B A demandent au Conseil d'Etat : 1°) d'annuler la décision n° 2020-DC-0691 de l'Autorité de sûreté nucléaire du 28 juillet 2020 autorisant la mise en service de l'installation nucléaire de base n° 173, dénommée Installation de conditionnement et d'entreposage de déchets activés, exploitée par EDF sur le site du Bugey, dans la commune de Saint-Vulbas (Ain) ; 2°) de mettre à la charge de l'Autorité de sûreté nucléaire la somme de 3 000 euros au titre des dispositions de l'article L. 761-1 du code de justice administrative.",plein_contentieux,defavorable_requerant,DCE_444945_20220622.xml,DCE,2022-06-22,Décision,Plein contentieux,Rejet,20730
"La société Vivalto Santé a demandé au tribunal administratif de Paris de prononcer la réduction, à hauteur de 484 160 euros, de la cotisation primitive d'impôt sur les sociétés à laquelle elle a été assujettie au titre de l'exercice clos en 2015. Par un jugement n° 1719920 du 21 février 2019, le tribunal administratif de Paris a rejeté sa demande. Par un arrêt n° 19PA01382 du 31 juillet 2020, la cour administrative d'appel de Paris a rejeté l'appel formé par la société Vivalto Santé contre ce jugement. Par un pourvoi sommaire et un mémoire complémentaire, enregistrés les 1er octobre 2020 et 4 janvier 2021 au secrétariat du contentieux du Conseil d'Etat, la société Vivalto Santé demande au Conseil d'Etat : 1°) d'annuler cet arrêt ; 2°) de mettre à la charge de l'Etat la somme de 5 000 euros au titre de l'article L. 761-1 du code de justice administrative.",plein_contentieux,defavorable_requerant,DCE_445023_20220609.xml,DCE,2022-06-09,Décision,Plein contentieux,Rejet,11457
"Par une requête, un mémoire et un mémoire en réplique, enregistrés le 2 octobre 2020 ainsi que les 12 novembre et 15 décembre 2021 au secrétariat du contentieux du Conseil d'Etat, la Confédération paysanne demande au Conseil d'Etat : 1°) d'annuler pour excès de pouvoir la décision implicite de refus du ministre de l'agriculture et de l'alimentation et du ministre de l'économie, des finances et de la relance de prendre un arrêté prohibant l'importation de certains produits agricoles originaires du Sahara occidental en application de l'article 23 bis du code des douanes ; 2°) d'enjoindre au ministre de l'économie, des finances et de la relance et au ministre de l'agriculture et de l'alimentation de prendre, en application de l'article 23 bis du code des douanes, dans un délai de deux mois à compter de la décision à intervenir, un arrêté prohibant l'importation des tomates cerises et des melons originaires du Sahara occidental dans des conditions non conformes au droit de l'Union européenne ; 3°) à titre subsidiaire, de saisir, à titre préjudiciel, la Cour de justice de l'Union européenne des questions de savoir, en premier lieu, si, compte tenu du statut séparé et distinct du Sahara occidental, le droit de l'Union européenne, et en particulier les règlements n° 1308/2013, n° 543/2011 et n° 1169/2011, doit être interprété comme imposant au titre de l'obligation de mention de l'origine des fruits et légumes frais sur les colis et emballages, en lieu et place du Maroc, la mention de ce premier territoire, en deuxième lieu, si l'agrément délivré à ce titre aux autorités marocaines leur permet d'effectuer des contrôles de conformité des produits originaires de ce territoire et, en dernier lieu, si la décision 2019/217 du Conseil, du 28 janvier 2019, relative à la conclusion de l'accord sous forme d'échange de lettres entre l'Union européenne et le Royaume du Maroc sur la modification des protocoles n° 1 et n° 4 de l'accord euro-méditerranéen établissant une association entre les Communautés européennes et leurs Etats membres, d'une part, et le Royaume du Maroc, d'autre part, déroge aux règles applicables à la détermination de l'origine non préférentielle, telle que",exces_de_pouvoir,autre_issue,DCE_445088_20220609.xml,DCE,2022-06-09,Décision,Excès de pouvoir,Question préjudicielle CJUE,24227
"Par une requête sommaire, un mémoire complémentaire et un mémoire en réplique, enregistrés les 8 octobre 2020, 8 janvier 2021 et 31 janvier 2022 au secrétariat du contentieux du Conseil d'Etat, la commune de Montauban et la communauté d'agglomération du Grand Montauban demandent au Conseil d'Etat : 1°) d'annuler pour excès de pouvoir le décret n°2020-1006 du 6 août 2020 fixant les valeurs des ratios permettant de déterminer la liste des agglomérations, des établissements publics de coopération intercommunale et des communes mentionnées au II de l'article L. 302-5 du code de la construction et de l'habitation ; 2°) de mettre à la charge de l'Etat la somme de 4 000 euros au titre de l'article L. 761-1 du code de justice administrative.",exces_de_pouvoir,defavorable_requerant,DCE_445183_20220624.xml,DCE,2022-06-24,Décision,Excès de pouvoir,Rejet,19987
"La société L'Ile a demandé au tribunal administratif de la Martinique de condamner l'Etat à lui verser une somme de 1 467 708 euros en réparation du préjudice qu'elle estime avoir subi du fait des fautes commises par l'administration fiscale dans l'instruction de sa demande d'agrément présentée sur le fondement des articles 199 undecies B et 217 undecies du code général des impôts. Par un jugement n° 1700366 du 11 avril 2019, le tribunal administratif de la Martinique a fait droit à sa demande. Par un arrêt nos 19BX02497, 19BX02741 du 9 juillet 2020, la cour administrative d'appel de Bordeaux a, sur appel du ministre de l'action et des comptes publics, annulé ce jugement puis rejeté la demande indemnitaire présentée par la société L'Ile. Par un pourvoi sommaire et un mémoire complémentaire, enregistrés les 9 octobre 2020 et 11 janvier 2021 au secrétariat du contentieux du Conseil d'Etat, la société L'Ile demande au Conseil d'Etat : 1°) d'annuler cet arrêt ; 2°) de mettre à la charge de l'Etat la somme de 5 000 euros au titre de l'article L. 761-1 du code de justice administrative.",plein_contentieux,renvoi,DCE_445213_20220623.xml,DCE,2022-06-23,Décision,Plein contentieux,Renvoi après cassation,10918
"M. A B a demandé au tribunal administratif de Poitiers de condamner la commune de Brie-sous-Matha à lui verser la somme de 5 000 euros en réparation des troubles dans les conditions d'existence et du préjudice moral résultant du retard mis par la commune à le placer en congé de longue durée. Par un jugement n° 1801694 du 8 juillet 2020, le tribunal administratif de Poitiers a condamné la commune à lui verser une somme de 3 500 euros en réparation du préjudice subi. Par une ordonnance n° 20BX02552 du 14 octobre 2020, enregistrée le 14 octobre 2020 au secrétariat du contentieux du Conseil d'Etat, la présidente de la cour administrative d'appel de Bordeaux a transmis au Conseil d'Etat, en application de l'article R. 351-2 du code de justice administrative, le pourvoi, enregistré le 11 août 2020 au greffe de cette cour, présenté par la commune de Brie-sous-Matha. Par ce pourvoi et par un nouveau mémoire, enregistré le 18 janvier 2021 au secrétariat du contentieux du Conseil d'Etat, la commune de Brie-sous-Matha demande au Conseil d'Etat : 1°) d'annuler le jugement du tribunal administratif de Poitiers ; 2°) réglant l'affaire au fond, de rejeter la demande de M. B ; 3°) de mettre à la charge de de M. B la somme de 2 000 euros au titre de l'article L. 761-1 du code de justice administrative.",plein_contentieux,renvoi,DCE_445342_20220621.xml,DCE,2022-06-21,Décision,Plein contentieux,Renvoi après cassation,6970
"Par une requête et un mémoire en réplique, enregistrés les 23 octobre 2020 et 18 février 2022 au secrétariat du contentieux du Conseil d'Etat, l'association One Voice demande au Conseil d'Etat : 1°) d'annuler pour excès de pouvoir le décret n° 2020-1092 du 27 août 2020 relatif à la liste des espèces soumises à gestion adaptative ; 2°) d'enjoindre à la ministre de la transition écologique, à titre principal, de désinscrire la barge à queue noire, le courlis cendré, le grand-tétras et la tourterelle des bois de l'arrêté du 26 juin 1987 fixant la liste des espèces de gibier dont la chasse est autorisée et de les inscrire sur la liste des oiseaux protégés sur l'ensemble du territoire prévue par l'arrêté du 29 octobre 2009 et, à titre subsidiaire, de prendre sur le fondement de l'article R. 424-14 du code de l'environnement des arrêtés suspendant la chasse de la barge à queue noire, du courlis cendré, du grand-tétras et de la tourterelle des bois ; 3°) de mettre à la charge de l'Etat la somme de 2 000 euros au titre de l'article L. 761-1 du code de justice administrative.",exces_de_pouvoir,defavorable_requerant,DCE_445616_20220601.xml,DCE,2022-06-01,Décision,Excès de pouvoir,Rejet,14115
"L'institut des sciences et industries du vivant (AgroParisTech) a porté plainte contre M. A B devant la section de discipline des usagers d'AgroParisTech. Par une décision du 8 octobre 2020, la section de discipline des usagers lui a infligé la sanction de l'exclusion définitive. M. A B a demandé au Conseil national de l'enseignement supérieur et de la recherche agricole, agroalimentaire et vétérinaire (CNESERAAV), statuant en matière disciplinaire, d'ordonner, sur le fondement des dispositions de l'article R. 814-30-13 du code rural et de la pêche maritime, qu'il soit sursis à l'exécution de cette décision. Par une décision du 8 octobre 2020, la formation restreinte du CNESERAAV, statuant en matière disciplinaire, a rejeté sa requête. Par un pourvoi sommaire et un mémoire complémentaire, enregistrés les 22 octobre et 6 novembre 2020, au secrétariat du contentieux du Conseil d'Etat, M. B demande au Conseil d'Etat : 1°) d'annuler cette décision ; 2°) réglant l'affaire au fond, de faire droit à sa demande de sursis à exécution ; 3°) de mettre à la charge d'AgroParisTech la somme de 3 000 euros au titre de l'article L. 761-1 du code de justice administrative.",plein_contentieux,renvoi,DCE_445622_20220614.xml,DCE,2022-06-14,Décision,Plein contentieux,Renvoi après cassation,5001
"Par une requête et un mémoire en réplique, enregistrés les 28 octobre 2020 et 18 février 2022 au secrétariat du contentieux du Conseil d'Etat, l'association One Voice demande au Conseil d'Etat : 1°) d'annuler pour excès de pouvoir le décret n° 2020-1091 du 27 août 2020 relatif à la gestion adaptative des espèces ; 2°) de mettre à la charge de l'Etat la somme de 2 000 euros au titre de l'article L. 761-1 du code de justice administrative.",exces_de_pouvoir,defavorable_requerant,DCE_445728_20220601.xml,DCE,2022-06-01,Décision,Excès de pouvoir,Rejet,14708
"M. A B a demandé au tribunal administratif de Nice de prononcer la décharge du prélèvement prévu par l'article 244 bis A du code général des impôts auquel il a été assujetti à raison d'une plus-value immobilière réalisée en 2012. Par un jugement n° 1602095 du 27 décembre 2018, le tribunal a prononcé un non-lieu à statuer partiel à concurrence des sommes dégrevées en cours d'instance et rejeté le surplus de la demande. Par un arrêt n° 19MA01218 du 30 juin 2020, la cour administrative d'appel de Marseille a rejeté l'appel formé par M. B contre ce jugement. Par un pourvoi sommaire et un mémoire complémentaire, enregistrés les 29 octobre et 10 décembre 2020 au secrétariat du contentieux du Conseil d'Etat, M. B demande au Conseil d'Etat : 1°) d'annuler cet arrêt ; 2°) réglant l'affaire au fond, de faire droit à son appel ; 3°) de mettre à la charge de l'Etat une somme de 5 000 euros au titre de l'article L. 761-1 du code de justice administrative.",plein_contentieux,defavorable_requerant,DCE_445785_20220623.xml,DCE,2022-06-23,Décision,Plein contentieux,Rejet,7017
"La société par actions simplifiée unipersonnelle L'immobilière Groupe Casino a demandé au tribunal administratif de Poitiers de prononcer la décharge de la taxe d'enlèvement des ordures ménagères à laquelle elle a été assujettie au titre de l'année 2017 à raison des locaux dont elle est propriétaire dans la commune de Champniers (Charente). Par un jugement n° 1900869 du 31 août 2020, le tribunal administratif de Poitiers a rejeté sa demande. Par un pourvoi sommaire, un mémoire complémentaire et un mémoire en réplique, enregistrés le 29 octobre 2020 ainsi que les 15 janvier et 6 septembre 2021 au secrétariat du contentieux du Conseil d'Etat, la société L'immobilière Groupe Casino demande au Conseil d'Etat : 1°) d'annuler ce jugement ; 2°) réglant l'affaire au fond, de faire droit à sa demande ; 3°) de mettre à la charge de l'Etat la somme de 3 000 euros au titre de l'article L. 761-1 du code de justice administrative.",plein_contentieux,renvoi,DCE_445797_20220623.xml,DCE,2022-06-23,Décision,Plein contentieux,Renvoi après cassation,4780
"La société anonyme Mercialys a demandé au tribunal administratif de Poitiers de prononcer la décharge de la taxe d'enlèvement des ordures ménagères à laquelle elle a été assujettie au titre de l'année 2017 à raison des locaux dont elle est propriétaire dans la commune de Champniers (Charente). Par un jugement n° 1900890 du 31 août 2020, le tribunal administratif de Poitiers a rejeté sa demande. Par un pourvoi sommaire, un mémoire complémentaire et un mémoire en réplique, enregistrés le 29 octobre 2020 ainsi que les 15 janvier et 6 septembre 2021 au secrétariat du contentieux du Conseil d'Etat, la société Mercialys demande au Conseil d'Etat : 1°) d'annuler ce jugement ; 2°) réglant l'affaire au fond, de faire droit à sa demande ; 3°) de mettre à la charge de l'Etat la somme de 3 000 euros au titre de l'article L. 761-1 du code de justice administrative.",plein_contentieux,renvoi,DCE_445798_20220623.xml,DCE,2022-06-23,Décision,Plein contentieux,Renvoi après cassation,4641
"M. E C a demandé au tribunal des pensions de Marseille d'annuler la décision du 21 décembre 2017 par laquelle la ministre des armées a rejeté sa demande de pension militaire d'invalidité. Par un jugement n° 18/00020 du 31 janvier 2019, le tribunal des pensions militaires de Marseille a invité la ministre des armées, avant-dire-droit, d'une part, à se prononcer sur l'imputabilité au service des séquelles de fracture de la branche montante droite de la mandibule dont souffre M. C et, d'autre part, à produire tout document relatif au suicide en septembre 2012 d'un légionnaire en charge d'une mission de surveillance dans le cadre du plan Vigipirate. Par un jugement n° 18/00020 du 8 août 2019, le tribunal des pensions militaires de Marseille a annulé partiellement la décision de la ministre des armées du 21 décembre 2017 et attribué à M. C à compter du 27 juillet 2015 une pension militaire d'invalidité au titre, d'une part, d'un syndrome anxio-dépressif au taux de 30 %, dont 20 % imputable au service et, d'autre part, des séquelles de fracture de la branche montante droite de la mandibule aux taux de 20 %. Par un arrêt n°s 19MA04851, 19MA05730 du 6 octobre 2020, la cour administrative d'appel de Marseille a, sur l'appel de la ministre des armées, d'une part, annulé les jugements du tribunal des pensions de Marseille du 31 janvier et du 8 août 2019 et la décision de la ministre des armées du 21 décembre 2017 en tant qu'elle a refusé d'accorder à M. C un droit à pension militaire d'invalidité pour l'infirmité "" séquelles de fracture de la branche montante droite de la mandibule "", d'autre part, lui a reconnu le droit, à compter du 27 juillet 2015, à une pension militaire d'invalidité au titre de cette infirmité au taux de 20 %, et rejeté le surplus des conclusions de M. C. Par un pourvoi, enregistré le 5 novembre 2020 au secrétariat du contentieux du Conseil d'Etat, M. C demande au Conseil d'Etat : 1°) d'annuler cet arrêt en tant qu'il a, d'une part, rejeté ses conclusions tendant à l'obtention d'une pension militaire d'invalidité au titre de son infirmité "" syndrome anxio-dépressif "", d'autre part, annulé le jugement du tribunal des pensions du 31 janvier 2019 ; 2°)",autres_recours,partiellement_favorable,DCE_445971_20220614.xml,DCE,2022-06-14,Décision,Contentieux des pensions,Satisfaction partielle,13573
"Par une requête, un mémoire complémentaire et quatre autres mémoires enregistrés le 10 novembre 2020, les 10 février, 3 octobre et 2 novembre 2021 et les 17 et 29 mars 2022 au secrétariat du contentieux du Conseil d'Etat, M. F H demande au Conseil d'Etat : 1°) d'annuler pour excès de pouvoir l'arrêté de la ministre de l'enseignement supérieur, de la recherche et de l'innovation du 20 juillet 2020 portant nomination du président du jury du concours national d'agrégation pour le recrutement des professeurs des universités en droit privé et sciences criminelles pour la session 2020-2021, l'arrêté de la ministre de l'enseignement supérieur, de la recherche et de l'innovation du 7 août 2020 portant nomination des membres du jury de ce concours, la décision du 18 septembre 2020 de ce jury portant règlement intérieur de ce concours, le procès-verbal du 17 novembre 2021 proclamant les résultats d'admission au concours national d'agrégation pour le recrutement des professeurs des universités en droit privé et sciences criminelles pour la session 2020-2021, ainsi que le décret du Président de la République du 17 février 2022 portant nomination et affectation de professeurs d'université dans la discipline "" droit privé et sciences criminelles "" ; 2°) d'enjoindre à la ministre de la recherche et de l'enseignement supérieur de communiquer le détail des notes obtenues par le requérant et le courriel complet de Mme I, notamment son heure d'envoi ; 3°) de mettre à la charge de l'Etat la somme de 3 500 euros au titre de l'article L. 761-1 du code de justice administrative.",exces_de_pouvoir,defavorable_requerant,DCE_446348_20220615.xml,DCE,2022-06-15,Décision,Excès de pouvoir,Rejet,22289
"Mme B A a demandé au juge des référés du tribunal administratif de Dijon de condamner l'Etat à lui verser une provision de 80 000 euros à valoir sur la réparation des préjudices résultant d'un accident survenu le 17 septembre 2015 dans la salle de classe dans laquelle elle exerçait ses fonctions de professeure des écoles. Par une ordonnance n° 1902922 du 11 mai 2020, le juge des référés du tribunal administratif a condamné l'Etat à verser à Mme A une provision de 80 000 euros à valoir sur les préjudices subis et a condamné la commune de Noiron-sous-Gevrey à garantir l'Etat du paiement de cette provision. Par une ordonnance n° 20LY01626 du 29 septembre 2020, le juge des référés de la cour administrative d'appel de Lyon a annulé, sur appel de la commune de Noiron-sous-Gevrey, l'ordonnance du 11 mai 2020 en ce qu'elle avait condamné celle-ci à garantir l'Etat des condamnations prononcées à son encontre. Par une ordonnance n° 20LY02290 du 27 octobre 2020, le juge des référés de la cour administrative d'appel de Lyon a rejeté l'appel du ministre de l'éducation nationale, de la jeunesse et des sports contre la même ordonnance en ce qu'elle lui faisait grief. Par un pourvoi sommaire, un mémoire complémentaire et un nouveau mémoire, enregistrés les 12 novembre et 10 décembre 2020 et le 1er février 2022 au secrétariat du contentieux du Conseil d'Etat, le ministre de l'éducation nationale, de la jeunesse et des sports demande au Conseil d'Etat : 1°) d'annuler l'ordonnance du 27 octobre 2020 ; 2°) réglant l'affaire au fond, de faire droit à son appel et de mettre hors de cause l'Etat, à titre subsidiaire, de dire que l'Etat est relevé en garantie par le syndicat intercommunal à vocation scolaire de Noiron-sous-Gevrey, Briondon, Epernay-sous-Gevrey et Savouges.",plein_contentieux,defavorable_requerant,DCE_446406_20220614.xml,DCE,2022-06-14,Décision,Plein contentieux,Rejet,13316
"La société Constructions générales du bâtiment (CGB) a demandé au tribunal administratif de Rennes de prononcer la décharge, en droits et pénalités, des rappels de taxe sur la valeur ajoutée auxquels elle a été assujettie au titre de la période du 1er avril 2008 au 31 mars 2011, des rappels de taxe d'apprentissage et de participation des employeurs au développement de la formation professionnelle continue auxquels elle a été assujettie au titre des années 2009 et 2010, ainsi que des rappels de participation des employeurs à l'effort de construction auxquels elle a été assujettie au titre de l'année 2010. Par un jugement n° 1603736 du 27 juin 2018, le tribunal administratif de Rennes a rejeté sa demande. Par un arrêt n° 18NT03294 du 10 septembre 2020, la cour administrative d'appel de Nantes a rejeté l'appel formé par la société CGB contre ce jugement. Par un pourvoi sommaire, un mémoire complémentaire et un mémoire en réplique, enregistrés les 12 novembre 2020, 12 février 2021 et 31 mai 2022 au secrétariat du contentieux du Conseil d'Etat, la société CGB demande au Conseil d'Etat : 1°) d'annuler cet arrêt ; 2°) réglant l'affaire au fond, de faire droit à son appel ; 3°) de mettre à la charge de l'Etat la somme de 5 000 euros au titre de l'article L. 761-1 du code de justice administrative.",plein_contentieux,renvoi,DCE_446421_20220621.xml,DCE,2022-06-21,Décision,Plein contentieux,Renvoi après cassation,8250
"Par une requête, enregistrée le 17 novembre 2020 au secrétariat du contentieux du Conseil d'Etat, Mme B A demande au Conseil d'Etat d'annuler l'article 4 du décret n° 2020-1310 du 29 octobre 2020 prescrivant les mesures générales nécessaires pour faire face à l'épidémie de covid-19 dans le cadre de l'état d'urgence sanitaire, ainsi que ses textes d'application.",exces_de_pouvoir,defavorable_requerant,DCE_446553_20220617.xml,DCE,2022-06-17,Décision,Excès de pouvoir,Rejet,5589
"Par une décision du 17 février 2022, le Conseil d'Etat, statuant au contentieux, a prononcé l'admission des conclusions du pourvoi de M. et Mme A B dirigées contre l'arrêt n° 18NC03432 du 24 septembre 2020 de la cour administrative d'appel de Nancy, en tant seulement que cet arrêt statue sur les pénalités mises à leur charge. des impôts.",plein_contentieux,partiellement_favorable,DCE_446656_20220623.xml,DCE,2022-06-23,Décision,Plein contentieux,Satisfaction partielle,10221
"Par une requête sommaire et un mémoire complémentaire, enregistrés les 25 novembre 2020 et 23 février 2021 au secrétariat du contentieux du Conseil d'Etat, le syndicat des jeunes médecins demande au Conseil d'Etat : 1°) d’annuler pour excès de pouvoir la décision implicite de rejet née du silence gardé par le Premier ministre sur sa demande tendant à l’adoption d’une réglementation imposant le décompte horaire du temps de travail des internes et des praticiens hospitaliers et instituant une sanction en cas de méconnaissance par les établissements publics de santé des règles relatives à la limitation de ce temps de travail ; 2°) d’enjoindre au Premier ministre d’adopter une telle réglementation ; 3°) à titre subsidiaire, de surseoir à statuer et de saisir la Cour de justice de l’Union européenne d’une question préjudicielle ; 4°) de mettre à la charge de l’Etat la somme de 3 000 euros au titre de l'article L. 761-1 du code de justice administrative.",exces_de_pouvoir,defavorable_requerant,DCE_446917_20220622.xml,DCE,2022-06-22,Décision,Excès de pouvoir,Rejet,15433
"La commune d'Aix-en-Provence a demandé à la cour administrative d'appel de Marseille d'annuler pour excès de pouvoir l'avis de la Commission nationale d'aménagement commercial du 26 octobre 2017 favorable au projet d'extension, par la société immobilière Carrefour, d'un ensemble commercial "" Carrefour La Pioline "" sur le territoire de la commune, ayant donné lieu à une décision de son maire refusant de délivrer le 1er février 2018 un permis de construire valant autorisation de construire. Par un arrêt nos 18MA00513, 18MA01410 du 28 septembre 2020, la cour administrative d'appel a rejeté sa requête. Par un pourvoi sommaire, un mémoire complémentaire et un mémoire en réplique, enregistrés le 26 novembre 2020, et les 25 février et 8 juin 2021 au secrétariat du contentieux du Conseil d'Etat, la commune d'Aix-en-Provence demande au Conseil d'Etat : 1°) d'annuler cet arrêt, en tant qu'il rejette sa requête; 2°) de mettre à la charge de la société immobilière Carrefour la somme de 3 500 euros au titre de l'article L. 761-1 du code de justice administrative.",exces_de_pouvoir,defavorable_requerant,DCE_446920_20220614.xml,DCE,2022-06-14,Décision,Excès de pouvoir,Rejet,10161
"Par une requête et deux mémoires en réplique, enregistrés les 27 novembre 2020, 30 décembre 2021 et 2 mai 2022 au secrétariat du contentieux du Conseil d'Etat, l'Intersyndicale nationale des internes demande au Conseil d'Etat : 1°) d'annuler pour excès de pouvoir la décision de refus implicite née du silence gardé par le Premier ministre sur sa demande tendant à l'abrogation des dispositions du II et du III de l'article R. 6153-2 du code de la santé publique ; 2°) d'enjoindre au Premier ministre d'abroger ces dispositions et d'adopter une nouvelle réglementation du temps de travail des internes ; 3°) à titre subsidiaire, de désigner un expert afin de réaliser une enquête sur le temps de travail des internes ou de surseoir à statuer afin de saisir la Cour de justice de l'Union européenne d'une question préjudicielle ; 4°) de mettre à la charge de l'Etat la somme de 3 000 euros au titre de l'article L. 761-1 du code de justice administrative.",exces_de_pouvoir,defavorable_requerant,DCE_446944_20220622.xml,DCE,2022-06-22,Décision,Excès de pouvoir,Rejet,14420
"Par une requête et un mémoire en réplique, enregistrés les 28 novembre 2020 et 2 juin 2022, au secrétariat du contentieux du Conseil d'Etat, l'association Action praticiens hôpital demande au Conseil d'Etat : 1°) d'annuler pour excès de pouvoir le refus du Premier ministre d'abroger le 1er alinéa de l'article R. 6152-27, les 1er et 5ème alinéas de l'article R. 6152-223 et les 1er, 2ème et 3ème alinéas de l'article R. 6152-407 du code de la santé publique ; 2°) de mettre à la charge de l'Etat la somme de 5 000 euros au titre de l'article L. 761-1 du code de justice administrative.",exces_de_pouvoir,defavorable_requerant,DCE_447003_20220622.xml,DCE,2022-06-22,Décision,Excès de pouvoir,Rejet,12985
"La société Ixcore a demandé au tribunal administratif de Versailles de prononcer la décharge, en droits et intérêts de retard, des suppléments d'impôt sur les sociétés et de contribution sociale sur l'impôt sur les sociétés auxquels elle a été assujettie au titre de l'exercice clos en 2008. Par un jugement n° 1507597 du 30 avril 2018, le tribunal administratif de Versailles a rejeté sa demande. Par un arrêt n° 18VE02221 du 6 octobre 2020, la cour administrative d'appel de Versailles a rejeté l'appel formé par la société Ixcore contre ce jugement. Par un pourvoi sommaire et un mémoire complémentaire, enregistrés le 1er décembre 2020 et le 27 février 2021 au secrétariat du contentieux du Conseil d'Etat, la société Ixcore demande au Conseil d'État : 1°) d'annuler cet arrêt ; 2°) réglant l'affaire au fond, de faire droit à son appel ; 3°) de mettre à la charge de l'Etat la somme de 10 000 euros au titre de l'article L. 761-1 du code de justice administrative.",plein_contentieux,renvoi,DCE_447084_20220621.xml,DCE,2022-06-21,Décision,Plein contentieux,Renvoi après cassation,11099
"M. B A a demandé au tribunal administratif de Limoges de prononcer la décharge de la cotisation de taxe foncière sur les propriétés bâties mise à sa charge au titre de l'année 2017. Par un jugement n° 1800092 du 29 octobre 2020, le tribunal administratif de Limoges a prononcé la décharge de la cotisation de taxe foncière sur les propriétés bâties mise à la charge de M. A au titre de l'année 2017. Par un pourvoi, enregistré le 11 décembre 2020 au secrétariat du contentieux du Conseil d'Etat, le ministre de l'économie, des finances et de la relance demande au Conseil d'Etat d'annuler les articles 1er et 2 de ce jugement.",plein_contentieux,renvoi,DCE_447507_20220616.xml,DCE,2022-06-16,Décision,Plein contentieux,Renvoi après cassation,3596
"M. D B A a demandé à la Cour nationale du droit d'asile d'annuler la décision du 11 mai 2019 par laquelle le directeur général de l'Office français de protection des réfugiés et apatrides (OFPRA) a rejeté sa demande de réexamen de sa demande d'asile. Par une décision n° 19015148 du 14 octobre 2020, la Cour nationale du droit d'asile a fait droit à sa demande et lui a reconnu la qualité de réfugié. Par un pourvoi sommaire et un mémoire complémentaire, enregistrés les 14 décembre 2020 et 15 mars 2021 au secrétariat du contentieux du Conseil d'Etat, l'Office français de protection des réfugiés et apatrides demande au Conseil d'Etat : 1°) d'annuler cette décision ; 2°) de renvoyer l'affaire devant la Cour nationale du droit d'asile.",plein_contentieux,defavorable_requerant,DCE_447538_20220621.xml,DCE,2022-06-21,Décision,Plein contentieux,Rejet,10309
"Par une requête, un mémoire complémentaire et six autres mémoires enregistrés le 14 décembre 2020, les 25 mai, 12 et 22 juillet 2021 et les 7, 11 et 24 janvier et 14 février 2022 au secrétariat du contentieux du Conseil d'Etat, l'association En toute franchise région PACA demande au Conseil d'Etat : 1°) d'annuler pour excès de pouvoir la décision implicite de rejet née du silence gardé par le Premier ministre sur sa demande du 4 novembre 2020 tendant à permettre aux commerçants-artisans de pouvoir ester en justice contre les autorisations de construire accordées aux grandes surfaces commerciales de plus de 1000 m2 de surface de vente sans qu'elles soient assorties d'une autorisation d'exploitation commerciale ; 2°) d'enjoindre au Premier ministre de prendre les dispositions législatives permettant d'accorder aux commerçants-artisans et leurs associations un droit de recours effectif devant le tribunal administratif contre les permis de construire des grandes surfaces commerciales qui ne sont pas assorties d'autorisation d'exploitation commerciale ou qui ne respectent pas les règlements des plans locaux d'urbanisme et les plans de prévention du risque inondation ; 3°) d'enjoindre au Premier ministre de modifier le droit de façon à réintroduire le plan intérieur des surfaces de vente dans les dossiers de demande de permis de construire concernant les grandes surfaces commerciales et à assurer le respect des règles d'urbanisme dans le cadre de l'enregistrement des dossiers de permis de construire par les commissions départementales d'aménagement commercial et du contrôle de légalité des permis de construire par les préfets, notamment par la voie du déféré préfectoral.",exces_de_pouvoir,defavorable_requerant,DCE_447544_20220615.xml,DCE,2022-06-15,Décision,Excès de pouvoir,Rejet,5271
"La société IVG Institutional Funds GmbH, devenue Patrizia Frankfurt Kapital Verwaltungsgesellschaft mbH, a demandé au tribunal administratif de Montreuil de prononcer la décharge de la contribution exceptionnelle sur l'impôt sur les sociétés à laquelle elle a été assujettie au titre des exercices clos en 2011 et 2012 et d'ordonner le versement d'intérêts moratoires. Par un jugement n° 1311674 du 2 juin 2015, le tribunal administratif de Montreuil, après avoir déchargé la société de la contribution acquittée au titre de l'exercice clos en 2012 à concurrence de la somme de 292 241 euros, a rejeté le surplus des conclusions de sa demande. Par un arrêt n° 15VE02458 du 1er juin 2017, la cour administrative d'appel de Versailles a rejeté l'appel formé par la société IVG Institutional Funds GmbH contre ce jugement en tant qu'il lui était défavorable. Par une décision n° 412968 du 10 juillet 2019, le Conseil d'Etat, statuant au contentieux, saisi du pourvoi formé contre cet arrêt par la société IVG Institutional Funds GmbH, devenue Triuva Kapitalverwaltungsgesellschaft mbH, l'a annulé et a renvoyé l'affaire devant la cour administrative de Versailles. Par un nouvel arrêt n° 19VE02497 du 10 novembre 2020, la cour administrative d'appel de Versailles a déchargé la société IVG Institutional Funds GmbH, devenue Patrizia Frankfurt Kapital Verwaltungsgesellschaft mbH, de la contribution exceptionnelle sur l'impôt sur les sociétés acquittée au titre de l'exercice clos en 2011 à concurrence de la somme de 2 028 200 euros, réformé le jugement du 2 juin 2015 du tribunal administratif de Montreuil dans cette mesure et rejeté le surplus des conclusions de sa requête. Par un pourvoi et un mémoire en réplique, enregistrés les 18 décembre 2020 et 8 novembre 2021 au secrétariat du contentieux du Conseil d'Etat, le ministre de l'économie, des finances et de la relance demande au Conseil d'Etat d'annuler les articles 1, 2 et 4 de cet arrêt.",plein_contentieux,defavorable_requerant,DCE_447932_20220609.xml,DCE,2022-06-09,Décision,Plein contentieux,Rejet,14160
"M. A B a demandé au juge des référés du tribunal administratif de Poitiers d'ordonner, sur le fondement des dispositions de l'article L. 521 -1 du code de justice administrative, la suspension de l'exécution de la décision implicite par laquelle la communauté d'agglomération du Niortais a rejeté son recours gracieux du 8 juillet 2020 dirigé contre la décision de cette collectivité du 12 juin 2020 refusant sa demande tendant au raccordement, pour l'hiver 2020-2021, au réseau d'eau potable de son terrain situé rue des Pèlerins, à Niort (Deux-Sèvres) et cadastré "" section HB n° 51 "" et d'enjoindre à cette collectivité de procéder provisoirement à ce raccordement dans un délai de 10 jours à compter de la décision à intervenir. Par une ordonnance n° 2002757 du 16 décembre 2020, le juge des référés du tribunal administratif de Poitiers a suspendu l'exécution de la décision contestée et a enjoint à la communauté d'agglomération du Niortais de délivrer à M. B, dans le délai de 15 jours à compter de la notification qui lui sera faite de l'ordonnance, une décision de non-opposition au raccordement au réseau d'eau potable de cette parcelle à titre provisoire, jusqu'au 20 mars 2021. Par un pourvoi sommaire et un mémoire complémentaire, enregistrés au secrétariat du contentieux du Conseil d'Etat les 31 décembre 2020 et 15 janvier 2021, la communauté d'agglomération du Niortais demande au Conseil d'Etat : 1°) d'annuler cette ordonnance ; 2°) statuant en référé, de faire droit à ses conclusions de première instance en rejetant la demande de M. B ; 3°) de mettre à la charge de M. B la somme de 4 000 euros au titre de l'article L. 761-1 du code de justice administrative.",exces_de_pouvoir,non_lieu,DCE_448302_20220616.xml,DCE,2022-06-16,Décision,Excès de pouvoir,Non-lieu,4805
"La société Groupe Windsor a demandé au tribunal administratif de Montreuil de prononcer la décharge de la cotisation supplémentaire d'impôt sur les sociétés à laquelle elle a été assujettie au titre de son exercice clos en 2011. Par un jugement n° 1710357 du 8 novembre 2018, le tribunal administratif de Montreuil a rejeté sa demande. Par un arrêt n° 18VE04335 du 19 novembre 2020, la cour administrative d'appel de Versailles a rejeté l'appel formé par la société contre ce jugement. Par un pourvoi, un mémoire complémentaire et un nouveau mémoire, enregistrés les 19 janvier, 16 avril et 22 novembre 2021 au secrétariat du contentieux du Conseil d'Etat, la société Groupe Windsor demande au Conseil d'Etat : 1°) d'annuler cet arrêt ; 2°) de mettre à la charge de l'Etat la somme de 8 000 euros au titre de l'article L. 761-1 du code de justice administrative.",plein_contentieux,renvoi,DCE_448886_20220602.xml,DCE,2022-06-02,Décision,Plein contentieux,Renvoi après cassation,6416
"M. B A a demandé au tribunal administratif de Montreuil de prononcer la décharge des cotisations supplémentaires d'impôt sur le revenu et de contributions sociales auxquelles il a été assujetti au titre de l'année 2011. Par un jugement n° 1710539 du 8 novembre 2018, le tribunal administratif de Montreuil a rejeté sa demande. Par un arrêt n° 18VE04336 du 19 novembre 2020, la cour administrative d'appel de Versailles a rejeté l'appel formé par M. A contre ce jugement. Par un pourvoi et un mémoire complémentaire, enregistrés les 19 janvier et 16 avril 2021 au secrétariat du contentieux du Conseil d'Etat, M. A demande au Conseil d'Etat : 1°) d'annuler cet arrêt ; 2°) de mettre à la charge de l'Etat la somme de 8 000 euros au titre de l'article L. 761-1 du code de justice administrative.",plein_contentieux,renvoi,DCE_448888_20220602.xml,DCE,2022-06-02,Décision,Plein contentieux,Renvoi après cassation,6073
"Mme B A a demandé au tribunal administratif de Montreuil de prononcer la décharge des cotisations supplémentaires d'impôt sur le revenu et de contributions sociales auxquelles elle a été assujettie au titre de l'année 2011. Par un jugement n° 1711595 du 8 novembre 2018, le tribunal administratif de Montreuil a rejeté sa demande. Par un arrêt n° 18VE04337 du 19 novembre 2020, la cour administrative d'appel de Versailles a rejeté l'appel formé par Mme A contre ce jugement. Par un pourvoi et un mémoire complémentaire, enregistrés les 19 janvier et 16 avril 2021 au secrétariat du contentieux du Conseil d'Etat, Mme A demande au Conseil d'Etat : 1°) d'annuler cet arrêt ; 2°) de mettre à la charge de l'Etat la somme de 8 000 euros au titre de l'article L. 761-1 du code de justice administrative.",plein_contentieux,renvoi,DCE_448893_20220602.xml,DCE,2022-06-02,Décision,Plein contentieux,Renvoi après cassation,6105
"Par une requête sommaire, un mémoire complémentaire et un mémoire en réplique, enregistrés les 20 janvier et 9 avril 2021 et le 14 mars 2022 au secrétariat du contentieux du Conseil d'Etat, le Syndicat des Cidriers Indépendants de France demande au Conseil d'Etat : 1°) d'annuler pour excès de pouvoir l'arrêté interministériel du 5 novembre 2020 relatif à l'extension des dispositions de l'accord interprofessionnel 2020-2023 conclu dans le cadre de l'Union nationale interprofessionnelle cidricole (UNICID) et portant sur les cotisations interprofessionnelles pour la campagne 2020-2021, la campagne 2021-2022 et la campagne 2022-2023 ; 2°) de mettre à la charge de l'Etat la somme de 2 000 euros au titre de l'article L. 761-1 du code de justice administrative.",exces_de_pouvoir,defavorable_requerant,DCE_448921_20220621.xml,DCE,2022-06-21,Décision,Excès de pouvoir,Rejet,11729
"La société Air France a demandé au tribunal administratif de Paris d'annuler la décision du 26 janvier 2018 par laquelle le ministre de l'intérieur lui a infligé une amende de 10 000 euros en application des dispositions de l'article L. 625-1 du code de l'entrée et du séjour des étrangers et du droit d'asile. Par un jugement n° 1804929/3-3 du 5 février 2019, le tribunal administratif de Paris a rejeté sa demande. Par un arrêt n° 19PA01228 du 27 novembre 2020, la cour administrative d'appel de Paris a réduit le montant de l'amende prononcée contre la société Air France à 5 000 euros, réformé le jugement du tribunal administratif de Paris en ce qu'il avait de contraire à cet arrêt, et rejeté le surplus des conclusions présentées devant elle. Par un pourvoi et un mémoire en réplique, enregistrés les 22 janvier 2021 et 13 janvier 2022 au secrétariat du contentieux du Conseil d'Etat, le ministre de l'intérieur demande au Conseil d'Etat : 1°) d'annuler cet arrêt ; 2°) de rejeter l'ensemble des conclusions présentées par la société Air France.",plein_contentieux,defavorable_requerant,DCE_448996_20220621.xml,DCE,2022-06-21,Décision,Plein contentieux,Rejet,7269
"Mme D B a demandé au juge des référés du tribunal administratif de Melun, sur le fondement de l'article L. 521-1 du code de justice administrative, de prononcer la suspension de l'exécution de la saisie administrative à tiers détenteur du 23 juillet 2020 ordonnée par le comptable public afin de recouvrer la somme de 5 762 euros correspondant à des cotisations de taxe sur les logements vacants dues au titre des années 2016 à 2019 à raison d'un logement situé à Orly. Par une ordonnance n° 2010053 du 7 décembre 2020, le juge des référés du tribunal administratif de Melun a rejeté sa demande. Par un pourvoi sommaire et un mémoire complémentaire, enregistrés les 2 et 17 février 2021 au secrétariat du contentieux du Conseil d'Etat, Mme B demande au Conseil d'Etat : 1°) d'annuler cette ordonnance ; 2°) réglant l'affaire au titre de la procédure de référé, de faire droit à sa demande ; 3°) de mettre à la charge de l'Etat, au profit de la SCP G. Thouvenin, O. Coudray et M. Grevy, la somme de 3 500 euros au titre des articles L. 761-1 du code de justice administrative et 37 de la loi du 10 juillet 1991.",exces_de_pouvoir,renvoi,DCE_449318_20220623.xml,DCE,2022-06-23,Décision,Excès de pouvoir,Renvoi après cassation,5657
"Par une décision du 2 février 2022, le Conseil d'Etat, statuant au contentieux a prononcé l'admission des conclusions du pourvoi de M. et Mme B dirigées contre l'arrêt n° 20PA00247 de la cour administrative d'appel de Paris du 3 décembre 2020 en tant que cet arrêt a statué sur les conclusions relatives à l'imputation des bénéfices réalisés par la société Stanmer Holdings Ltd.",plein_contentieux,renvoi,DCE_449408_20220621.xml,DCE,2022-06-21,Décision,Plein contentieux,Renvoi après cassation,13571
"M. C A a demandé au juge des référés du tribunal administratif de Lille de suspendre, sur le fondement de l'article L. 521-1 du code de justice administrative, l'exécution de la décision du 12 novembre 2020 par laquelle le président du directoire de la société anonyme d'habitations à loyer modéré Vilogia a préempté l'immeuble situé 216, rue Pierre-Legrand, sur le territoire de la commune de Lille. Par une ordonnance n° 2009430 du 21 janvier 2021, le juge des référés du tribunal administratif de Lille a fait droit à cette demande. Par un pourvoi sommaire, un mémoire complémentaire et un nouveau mémoire, enregistrés les 4 et 18 février et le 3 septembre 2021 au secrétariat du contentieux du Conseil d'Etat, la société Vilogia demande au Conseil d'Etat : 1°) d'annuler cette ordonnance ; 2°) statuant en référé, de rejeter la demande de M. A ; 3°) de mettre à la charge de M. A la somme de 3 500 euros au titre de l'article L. 761-1 du code de justice administrative.",exces_de_pouvoir,defavorable_requerant,DCE_449416_20220614.xml,DCE,2022-06-14,Décision,Excès de pouvoir,Rejet,12085
"M. A B a demandé au tribunal administratif de Lyon de prononcer la décharge des cotisations supplémentaires d'impôt sur le revenu et de contributions sociales auxquelles il a été assujetti au titre de l'année 2011, ainsi que des pénalités correspondantes, et d'ordonner la mainlevée aux frais de l'État du nantissement des 15 288 actions qu'il détient dans la société Neway et qu'il a remises en garantie du sursis de paiement des impositions en litige. Par un jugement n° 1602770 du 3 avril 2018, le tribunal administratif de Lyon, après avoir relevé que la demande de mainlevée du nantissement était portée devant une juridiction incompétente pour en connaître, a rejeté sa demande. Par un arrêt n° 18LY02038 du 17 décembre 2020, la cour administrative d'appel de Lyon a, sur appel de M. B, annulé ce jugement en tant qu'il rejette ses conclusions tendant à la décharge des impositions et pénalités litigieuses et a fait droit à cette demande de décharge. Par un pourvoi, enregistré le 12 février 2021 au secrétariat du contentieux du Conseil d'Etat, le ministre de l'économie, des finances et de la relance demande au Conseil d'Etat d'annuler cet arrêt.",plein_contentieux,renvoi,DCE_449656_20220627.xml,DCE,2022-06-27,Décision,Plein contentieux,Renvoi après cassation,12103
"Par une décision du 9 décembre 2021, le Conseil d'Etat, statuant au contentieux, a prononcé l'admission des conclusions du pourvoi formé par la société ITD contre l'arrêt n° 18DA01839 du 17 décembre 2020 de la cour administrative d'appel de Douai, en tant seulement qu'il statue sur les rappels de taxe sur la valeur ajoutée relatif aux dépenses d'aménagement de l'immeuble de Roubaix ainsi que sur la pénalité correspondante.",plein_contentieux,defavorable_requerant,DCE_449810_20220602.xml,DCE,2022-06-02,Décision,Plein contentieux,Rejet,4844
"Par une requête et un mémoire en réplique enregistrés les 22 février 2021 et 11 avril 2022 au secrétariat du contentieux du Conseil d'Etat, M. G C, M. A I, M. G N, Mme B Q, Mme M O, M. F L, Mme K J, M. P D et Mme H E épouse D ont demandé au Conseil d'Etat : 1°) d'annuler les 2° et 7° de l'article 1er du décret n° 2021-31 du 15 janvier 2021 modifiant les décrets n°2020-1262 du 16 octobre 2020 et n°2020-1310 du 29 octobre 2020 prescrivant les mesures générales nécessaires pour faire face à l'épidémie de covid-19 dans le cadre de l'état d'urgence sanitaire, le 4° de l'article 1er du décret n° 2021-99 du 30 janvier 2021 modifiant les mêmes décrets, le point 2 de l'instruction n° 6248/SG du 22 février 2021 du Premier ministre relative aux mesures frontalières mises en œuvre dans le cadre de l'état d'urgence sanitaire et la fiche de procédure du 15 janvier 2021 jointe à la note diplomatique NDI 2021-0022024 envoyée aux ambassades et consulats hors espace européen relative au "" Mécanisme dérogatoire exceptionnel à l'obligation de présenter un examen biologique de dépistage virologique négatif de moins de 72h pour rentrer en France par voie aérienne ou maritime (mécanisme dit de dispense sanitaire) "" ; 2°) d'enjoindre au gouvernement d'abroger ces dispositions ou, à titre subsidiaire, s'il a l'intention de maintenir une procédure d'exemption dans les services consulaires à l'étranger, de publier une procédure s'appliquant systématiquement à tous les ressortissants français dans le monde ; 3°) de mettre à la charge de l'Etat la somme de 3 000 euros au titre de l'article L. 761-1 du code de justice administrative.",exces_de_pouvoir,desistement,DCE_449992_20220617.xml,DCE,2022-06-17,Décision,Excès de pouvoir,Désistement,3019
"La société civile immobilière (SCI) Malepère a demandé au tribunal administratif de Toulouse la décharge de la cotisation supplémentaire d'impôt sur les sociétés à laquelle elle a été assujettie au titre de 1'exercice clos en 2011 et procédant de la transmission universelle à cette société du patrimoine de la société civile immobilière de la ZAC de Cornebarrieu. Par un jugement n° 1503832 du 5 mars 2018, le tribunal administratif de Toulouse a rejeté sa demande. Par un arrêt n° 18BX0159 du 31 décembre 2020, la cour administrative d'appel de Bordeaux a rejeté l'appel formé par la société par actions simplifiée unipersonnelle GS Technologies, venant aux droits de la SCI Malepère contre ce jugement. Par un pourvoi sommaire, un mémoire complémentaire et un mémoire en réplique, enregistrés les 26 février et 26 mai 2021 et 10 février 2022 au secrétariat du contentieux du Conseil d'Etat, la société GS Technologies demande au Conseil d'Etat : 1°) d'annuler cet arrêt ; 2°) réglant l'affaire au fond, de faire droit à son appel ; 3°) de mettre à la charge de l'Etat la somme de 5 000 euros au titre de l'article L. 761-1 du code de justice administrative.",plein_contentieux,defavorable_requerant,DCE_450183_20220624.xml,DCE,2022-06-24,Décision,Plein contentieux,Rejet,18405
"Vu les autres pièces du dossier ; Vu : - le code général des impôts et le livre des procédures fiscales ; - le code de justice administrative ; Après avoir entendu en séance publique : - le rapport de Mme Cécile Nissen, maître des requêtes en service extraordinaire, - les conclusions de Mme Emilie Bokdam-Tognetti, rapporteure publique ; La parole ayant été donnée, après les conclusions, à la SCP Célice, Texidor, Perier, avocat de la société Stéarinerie Dubois Fils A ; Considérant ce qui suit : 1. Il ressort des pièces du dossier soumis aux juges du fond que la société Stéarinerie Dubois Fils A, qui exerce une activité de production de produits chimiques tels que des esters gras, dérivés d'huiles végétales utilisés dans les secteurs du cosmétique, de la santé, de l'alimentaire et des spécialités fonctionnelles, a fait l'objet d'une vérification de comptabilité à l'issue de laquelle elle a été assujettie à des cotisations supplémentaires de cotisation foncière des entreprises au titre des années 2014 à 2016 et de taxe foncière sur les propriétés bâties au titre des années 2016 et 2017. Par un jugement du 28 décembre 2020, le tribunal administratif de Limoges a rejeté ses demandes de décharge des suppléments d'imposition mis à sa charge. La société se pourvoit en cassation contre ce jugement en tant qu'il a rejeté ses demandes tendant à la décharge des sommes dues au titre de la taxe foncière sur les propriétés bâties à laquelle elle a été assujettie au titre des années 2016 et 2017. 2. Aux termes de l'article 1380 du code général des impôts: "" La taxe foncière est établie annuellement sur les propriétés bâties sises en France à l'exception de celles qui en sont expressément exonérées par les dispositions du présent code "". Aux termes de l'article 1381 du même code : "" Sont également soumis à la taxe foncière sur les propriétés bâties : / 1° Les installations destinées à abriter des personnes ou des biens ou à stocker des produits ainsi que les ouvrages en maçonnerie présentant le caractère de véritables constructions tels que, notamment, les cheminées d'usine, les réfrigérants atmosphériques, les formes de radoub, les ouvrages servant de support aux moyens matérie",plein_contentieux,renvoi,DCE_450247_20220623.xml,DCE,2022-06-23,Décision,Plein contentieux,Renvoi après cassation,6630
"M. B A a demandé au tribunal administratif de Cergy-Pontoise d'annuler pour excès de pouvoir la décision du 17 août 2016 par laquelle le ministre de l'intérieur a rejeté sa demande d'autorisation de port d'arme et d'enjoindre au ministre de l'intérieur de lui délivrer l'autorisation demandée. Par un jugement n° 1610436 du 11 avril 2019, le tribunal administratif a rejeté sa demande. Par un arrêt n° 19VE02033 du 5 janvier 2021, la cour administrative d'appel de Versailles a rejeté l'appel formé par M. A contre ce jugement. Par un pourvoi sommaire, un mémoire complémentaire et un mémoire en réplique enregistrés les 5 mars et 7 juin 2021 et 26 avril 2022 au secrétariat du contentieux du Conseil d'Etat, M. A demande au Conseil d'Etat : 1°) d'annuler cet arrêt ; 2°) réglant l'affaire au fond, de faire droit à son appel ; 3°) de mettre à la charge de l'Etat la somme de 5000 euros au titre de l'article L. 761-1 du code de justice administrative.",exces_de_pouvoir,defavorable_requerant,DCE_450398_20220622.xml,DCE,2022-06-22,Décision,Excès de pouvoir,Rejet,5945
"Par une première demande enregistrée sous le n°1711819 au tribunal administratif de Paris, la société Air France a demandé au tribunal d'annuler la décision R/17-0001 du 23 mai 2017 par laquelle le ministre de l'intérieur lui a infligé une amende de 15 000 euros sur le fondement de l'article L. 625-7 du code de l'entrée et du séjour des étrangers et du droit d'asile pour ne pas avoir procédé au réacheminent de M. B, ou de la décharger du paiement de l'amende. Par une deuxième demande, enregistrée sous le n° 1719646 au tribunal administratif de Paris, la société Air France a demandé au tribunal d'annuler la décision R/17-0449 du 27 octobre 2017 par laquelle le ministre de l'intérieur lui a infligé une amende de 20 000 euros sur le fondement de l'article L. 625-7 du code de l'entrée et du séjour des étrangers et du droit d'asile pour ne pas avoir procédé au réacheminent de M. A, ou de la décharger du paiement de l'amende. Par un jugement n° 1711819, 1719646 du 26 février 2019, le tribunal administratif de Paris a réduit à 10 000 euros l'amende infligée à la société Air France par la décision R/17-0001 du 23 mai 2017 et a rejeté le surplus des conclusions de ses demandes. Par un arrêt n° 19PA01412 du 5 février 2021, la cour administrative d'appel de Paris, saisie par la société Air France, a réduit à 5 000 euros le montant de l'amende mise à la charge de la société par la décision R/17-0001 du 23 mai 2017 et a réduit à 15 000 euros le montant de celle mise à sa charge par la décision R/17-0449 du 27 octobre 2017. 1/ Sous le n° 450480, par un pourvoi sommaire, un mémoire complémentaire et un nouveau mémoire, enregistrés les 8 mars, 30 avril et 29 décembre 2021 au secrétariat du contentieux du Conseil d'Etat, la société Air France demande au Conseil d'Etat : 1°) d'annuler cet arrêt ; 2°) réglant l'affaire au fond, de faire droit à ses conclusions d'appel ; 3°) de mettre à la charge de l'Etat la somme de 6 000 euros au titre de l'article L. 761-1 du code de justice administrative. 2/ Sous le n° 451363, par un pourvoi enregistré le 2 avril 2021, le ministre de l'intérieur demande au Conseil d'Etat : 1°) d'annuler le même arrêt ; 2°) de rejeter l'appel de la société",plein_contentieux,non_lieu,DCE_450480_20220621.xml,DCE,2022-06-21,Décision,Plein contentieux,Non-lieu,14109
"M B A a demandé au juge des référés du tribunal administratif de La Réunion, sur le fondement de l'article L.521-1 du code de justice administrative, de suspendre, d'une part, la décision du président du conseil régional de La Réunion du 2 septembre 2020 suspendant le versement de sa rémunération à compter du 5 juillet 2020 et, d'autre part, le titre de recette émis le 30 septembre 2020 en vue du recouvrement d'un trop-perçu de rémunération fixé à 4 870,31 euros et d'enjoindre à la région Réunion, sous astreinte, de lui verser l'intégralité de sa rémunération à compter du 5 juillet 2020. Par une ordonnance n° 2100123 du 25 février 2021, le juge des référés du tribunal administratif de La Réunion a fait droit à sa demande. Par un pourvoi sommaire et un mémoire complémentaire, enregistrés les 12 et 26 mars 2021 au secrétariat du contentieux du Conseil d'Etat, la région Réunion demande au Conseil d'Etat : 1°) d'annuler cette ordonnance ; 2°) statuant en référé de rejeter la requête de M. A ; 3°) de mettre à la charge de M. A, la somme de 3 000 euros au titre de l'article L. 761-1 du code de justice administrative.",exces_de_pouvoir,partiellement_favorable,DCE_450637_20220621.xml,DCE,2022-06-21,Décision,Excès de pouvoir,Satisfaction partielle,8211
"Vu les autres pièces du dossier ; Vu : - le code de la santé publique ; - la loi n° 2020-1379 du 14 novembre 2020 ; - le décret n° 2020 1257 du 14 octobre 2020 ; - le décret n° 2020-1262 du 16 octobre 2020 ; - le décret n° 2020 1310 du 29 octobre 2020 ; - le code de justice administrative ; Après avoir entendu en séance publique : - le rapport de Mme Alexandra Bratos, auditrice, - les conclusions de M. Laurent Domingo, rapporteur public ; Considérant ce qui suit : 1. L'accélération du rythme de l'épidémie de covid-19 a conduit le Président de la République à prendre, le 14 octobre 2020, sur le fondement des articles L. 3131-12 et L. 3131-13 du code de la santé publique, un décret déclarant l'état d'urgence sanitaire à compter du 17 octobre 2020 sur l'ensemble du territoire national. Le Premier ministre a pris, sur le fondement de l'article L. 3131-15 du même code, deux décrets, l'un du 16 octobre 2020 et l'autre du 29 octobre 2020, prescrivant les mesures générales nécessaires pour faire face à l'épidémie de covid-19 dans le cadre de l'état d'urgence sanitaire. L'état d'urgence sanitaire a été prorogé jusqu'au 16 février 2021 inclus, puis jusqu'au 1er juin 2021 inclus, respectivement par la loi du 14 novembre 2020 autorisant la prorogation de l'état d'urgence sanitaire et portant diverses mesures de gestion de la crise sanitaire et par la loi du 15 février 2021 prorogeant l'état d'urgence sanitaire. Les décrets des 16 et 29 octobre 2020 ont été modifiés à plusieurs reprises. M. B demande l'annulation du décret du 15 janvier 2021 modifiant ces deux décrets. 2. M. B soutient que le décret attaqué a été pris sur la base de données qui surestiment la gravité de l'épidémie au motif que le taux d'incidence a été calculé en rapportant à la population le nombre des personnes testées positives et non celui des personnes présentant des symptômes de la maladie. Toutefois, il ressort des pièces du dossier que, d'une part, le gouvernement a pris en compte non seulement le taux d'incidence mais aussi plusieurs autres indicateurs, dont le nombre des personnes hospitalisées, celles admises en soins critiques et celles décédées. D'autre part, selon les connaissances scientifique",exces_de_pouvoir,defavorable_requerant,DCE_450667_20220617.xml,DCE,2022-06-17,Décision,Excès de pouvoir,Rejet,3299
"La commune du Tholonet a demandé au tribunal administratif de Marseille, d'une part, de condamner solidairement les sociétés Atelier C et Serres, Sudéquip, LC Méditerranée, Techni Chaud Froid, JCT et MMA Iard à lui verser la somme de 178 526 euros assortie des intérêts et, d'autre part, de mettre les frais d'expertise fixés à la somme de 6 267,98 euros à la charge des mêmes sociétés. Par un jugement n° 1608929 du 31 mai 2018, le tribunal administratif de Marseille a, en premier lieu, condamné solidairement la société Atelier C et Serres et la société Otéis, venant aux droits de la société Sudéquip, à verser à la commune du Tholonet une somme de 143 817 euros, augmentée des intérêts, en deuxième lieu, condamné la société Atelier C et Serres et la société Otéis à se garantir mutuellement pour moitié des condamnations solidaires prononcées à leur encontre et, en dernier lieu, mis à la charge solidaire de la société Atelier C et Serres et de la société Otéis les frais et honoraires de l'expertise liquidés et taxés à hauteur de 6 267,98 euros. Par un arrêt n°s 18MA03343, 18MA03459 du 8 février 2021, la cour administrative d'appel de Marseille a, sur appels des sociétés Atelier C et Serres et Otéis, mis hors de cause la SMABTP, annulé l'article 5 de ce jugement et rejeté le surplus des conclusions des mêmes sociétés et des parties. Par un pourvoi sommaire, un mémoire complémentaire et un nouveau mémoire, enregistrés les 15 mars et 16 juin 2021 et le 13 mai 2022 au secrétariat du contentieux du Conseil d'Etat, la société Otéis demande au Conseil d'Etat : 1°) d'annuler cet arrêt ; 2°) réglant l'affaire au fond, de faire droit à son appel ; 3°) de mettre à la charge de la commune du Tholonet, de la société Techni Chaud Froid et de la société Atelier C et Serres, la somme de 6 000 euros au titre de l'article L. 761-1 du code de justice administrative.",plein_contentieux,renvoi,DCE_450675_20220610.xml,DCE,2022-06-10,Décision,Plein contentieux,Renvoi après cassation,8795
"Par une requête sommaire, un mémoire complémentaire et un mémoire en réplique, enregistrés les 15 mars et 14 juin 2021 et le 23 février 2022 au secrétariat du contentieux du Conseil d'Etat, l'association France Nature Environnement Ile-de-France, l'Union des associations de sauvegarde du plateau de Saclay, l'Union des amis du parc naturel régional de la haute vallée de Chevreuse, les associations Essonne Nature Environnement, les Amis du Grand Parc de Versailles, les Amis de la Vallée de la Bièvre, l'Union Renaissance de la Bièvre et les Jardins de Cérès - AMAP demandent au Conseil d'Etat : 1°) d'annuler pour excès de pouvoir le décret n° 2021-26 du 14 janvier 2021, modifiant le décret n° 2017-425 du 28 mars 2017, déclarant d'utilité publique et urgents les travaux nécessaires à la réalisation du tronçon de métro automatique du réseau de transport public du Grand Paris reliant les gares Aéroport d'Orly à Versailles Chantiers et emportant, de ce fait, mise en compatibilité des documents d'urbanisme des communes d'Orsay, Palaiseau et Wissous ; 2°) d'annuler par voie de conséquence le décret n° 2017-425 du 28 mars 2017 ; 3°) de mettre à la charge de l'Etat la somme de 10 000 euros au titre de l'article L. 761-1 du code de justice administrative.",exces_de_pouvoir,defavorable_requerant,DCE_450701_20220622.xml,DCE,2022-06-22,Décision,Excès de pouvoir,Rejet,14014
"L'Union de coopératives Invivo a demandé au tribunal administratif de Strasbourg de prononcer la décharge, à hauteur de 316 839 euros, des cotisations supplémentaires de cotisation foncière des entreprises auxquelles elle a été assujettie au titre des années 2011, 2012, 2013 et 2014 dans les rôles de la commune de Metz. Par un jugement n° 1605228 du 16 juillet 2019, le tribunal administratif de Strasbourg a rejeté sa demande. Par un arrêt n°19NC02827 du 28 janvier 2021, la cour administrative d'appel de Nancy, sur appel de l'Union de coopératives Invivo, a dit, en premier lieu, que la valeur locative de l'établissement industriel de Metz sera établie au titre des années 2011 et 2014 à partir du prix de revient des immobilisations acquises le 16 mai 2001 sans être inférieure aux deux tiers de la valeur locative retenue l'année précédant la fusion conclue à cette date, en deuxième lieu, a déchargé l'Union de coopératives Invivo des cotisations foncières des entreprises établies au titre des années 2011 à 2014 à raison de son établissement de Metz dans la mesure de la réduction de base d'imposition ainsi décidée, et a rejeté le surplus des conclusions de la requête. Par un pourvoi, enregistré le 15 mars 2021 au secrétariat du contentieux du Conseil d'Etat, le ministre de l'économie, des finances et de la relance demande au Conseil d'Etat d'annuler cet arrêt en tant qu'il se prononce sur la détermination de la base d'imposition.",plein_contentieux,renvoi,DCE_450705_20220621.xml,DCE,2022-06-21,Décision,Plein contentieux,Renvoi après cassation,9170
"M. F Di Donato a porté plainte contre Mme B E devant la chambre disciplinaire de première instance de La Réunion-Mayotte de l'ordre des médecins. Par une décision du 5 novembre 2015, la chambre disciplinaire de première instance a rejeté sa plainte. Par une décision du 27 octobre 2017, la chambre disciplinaire nationale de l'ordre des médecins a, sur appel de M. Di Donato, annulé cette décision et infligé à Mme D la sanction du blâme. Par une décision n° 417714 du 4 octobre 2019, le Conseil d'Etat, statuant au contentieux, a annulé cette décision et renvoyé l'affaire devant la chambre disciplinaire nationale de l'ordre des médecins. Par une décision du 18 décembre 2020, la chambre disciplinaire nationale de l'ordre des médecins a, sur renvoi du Conseil d'Etat, annulé la décision du 5 novembre 2015 de la chambre disciplinaire de première instance de La Réunion-Mayotte de l'ordre des médecins et infligé à Mme E la sanction du blâme. Par un pourvoi sommaire et un mémoire complémentaire, enregistrés les 18 mars et 18 juin 2021 au secrétariat du contentieux du Conseil d'Etat, Mme D demande au Conseil d'Etat : 1°) d'annuler cette décision ; 2°) de mettre à la charge de M. Di Donato la somme de 3 500 euros au titre de l'article L. 761-1 du code de justice administrative.",plein_contentieux,defavorable_requerant,DCE_450804_20220614.xml,DCE,2022-06-14,Décision,Plein contentieux,Rejet PAPC,3478
"M. A B a demandé au tribunal administratif de Versailles de condamner la commune de Juvisy-sur-Orge à lui verser une somme de 156 023 euros en réparation de divers préjudices, en déduisant de cette somme celle de 69 650 euros déjà versée à la suite de l'ordonnance de référé provision du 8 septembre 2016. Par un jugement n° 1608619 du 25 mars 2019, le tribunal administratif de Versailles, faisant partiellement droit à sa demande, a mis à la charge de la commune de Juvisy-sur-Orge une somme totale de 87 401,40 euros, sous déduction de la provision de 69 650 euros déjà versée, ainsi que les frais d'expertise d'un montant de 1 440 euros. Par un arrêt n° 19VE01943 du 23 décembre 2020, la cour administrative d'appel de Versailles a rejeté l'appel formé par M. B contre ce jugement en tant qu'il avait rejeté le surplus de ses conclusions, a ramené la somme nette due à M. B par la commune à 82 963,20 euros, déduction faite des versements déjà effectués par la commune et a réformé le jugement du tribunal administratif de Versailles en ce qu'il était contraire. Par un pourvoi sommaire et un mémoire complémentaire, enregistrés les 19 mars et 21 juin 2021 au secrétariat du contentieux du Conseil d'Etat, M. B demande au Conseil d'Etat : 1°) d'annuler cet arrêt ; 2°) de renvoyer le règlement de l'affaire au fond à une cour administrative d'appel ou, en toute hypothèse, réglant l'affaire au fond, de faire droit à l'ensemble de sa demande ; 3°) de mettre à la charge de la commune de Juvisy-sur-Orge la somme de 3 000 euros à verser à Me François Bertrand, son avocat, au titre des dispositions des articles L. 761-1 du code de justice administrative et 37 de la loi du 10 juillet 1991.",exces_de_pouvoir,defavorable_requerant,DCE_450835_20220616.xml,DCE,2022-06-16,Décision,Excès de pouvoir,Rejet PAPC,5455
"M. et Mme B A ont demandé au tribunal administratif de Nice de prononcer la réduction de la cotisation d'impôt sur le revenu à laquelle ils ont été assujettis au titre de l'année 2013. Par un jugement n° 1701132 du 13 juin 2019, le tribunal administratif de Nice a rejeté leur demande. Par une ordonnance n° 19MA03876 du 19 janvier 2021, le président assesseur de la 4ème chambre de cour administrative d'appel de Marseille a rejeté l'appel formé par M. et Mme A contre ce jugement. Par un pourvoi sommaire et un mémoire complémentaire, enregistrés les 19 mars et 21 mai 2021 au secrétariat du contentieux du Conseil d'Etat, M. et Mme A demandent au Conseil d'Etat : 1°) d'annuler cette ordonnance ; 2°) réglant l'affaire au fond, de faire droit à leur appel ; 3°) de mettre à la charge de l'Etat la somme de 5 000 euros au titre de l'article L. 761-1 du code de justice administrative.",plein_contentieux,favorable_requerant,DCE_450870_20220602.xml,DCE,2022-06-02,Décision,Plein contentieux,Satisfaction totale,8367
"M. A O'Zoux a demandé au tribunal administratif de Nantes de prononcer la décharge, en droits et pénalités, des cotisations supplémentaires d'impôt sur le revenu et de contribution exceptionnelle sur les hauts revenus auxquelles il a été assujetti au titre de l'année 2012. Par un jugement n° 1700812 du 23 mai 2019 ce tribunal a rejeté sa demande. Par un arrêt n° 19NT02368 du 28 janvier 2021, la cour administrative d'appel de Nantes a rejeté l'appel formé par M. O'Zoux contre ce jugement. Par un pourvoi sommaire et un mémoire complémentaire, enregistrés les 23 mars et 3 juin 2021 au secrétariat du contentieux du Conseil d'Etat, M. O'Zoux demande au Conseil d'Etat : 1°) d'annuler cet arrêt ; 2°) réglant l'affaire au fond, de faire droit à son appel ; 3°) de mettre à la charge de l'Etat une somme de 5 000 euros au titre de l'article L. 761-1 du code de justice administrative.",plein_contentieux,partiellement_favorable,DCE_450977_20220621.xml,DCE,2022-06-21,Décision,Plein contentieux,Satisfaction partielle,13675
"Par une requête sommaire et un mémoire complémentaire, enregistrés les 24 mars 2021 et 24 juin 2021 au secrétariat du contentieux du Conseil d'État, M. A B et l'association Démocratie et transparence à l'Université de Lyon demandent au Conseil d'État d'annuler pour excès de pouvoir, d'une part, l'arrêté de la ministre de l'enseignement supérieur, de la recherche et de l'innovation du 13 janvier 2021 fixant les modalités permettant de compléter la composition du conseil d'administration, à titre provisoire, de la communauté d'universités et établissements (COMUE) "" Université de Lyon "", d'autre part, l'arrêté de la ministre de l'enseignement supérieur, de la recherche et de l'innovation du 28 janvier 2021 modifiant l'arrêté du 13 janvier 2021 fixant les modalités permettant de compléter la composition du conseil d'administration, à titre provisoire, de la COMUE "" Université de Lyon "", enfin, l'arrêté du recteur de la région académique Auvergne-Rhône-Alpes du 28 janvier 2021 portant organisation d'un tirage au sort des représentants des collèges des enseignants-chercheurs, enseignants et chercheurs, des autres personnels et des usagers du conseil d'administration de la COMUE "" Université de Lyon "".",exces_de_pouvoir,non_lieu,DCE_451043_20220601.xml,DCE,2022-06-01,Décision,Excès de pouvoir,Non-lieu,16620
"La société François Invest Construction Promotion (FICOP) a demandé au juge des référés de la cour administrative d'appel de Versailles de suspendre, en application de l'article L. 521-1 du code de justice administrative, le recouvrement des rappels de taxe sur la valeur ajoutée auxquels elle a été assujettie au titre de la période du 1er octobre 2011 au 30 septembre 2015 ainsi que des intérêts correspondants. Par une ordonnance n° 21VE00317 du 11 mars 2021, le juge des référés de la cour administrative d'appel de Versailles a rejeté sa demande. Par un pourvoi sommaire et un mémoire complémentaire, enregistrés les 25 mars et 6 avril 2021 au secrétariat du contentieux du Conseil d'Etat, la société FICOP demande au Conseil d'Etat : 1°) d'annuler cette ordonnance ; 2°) statuant au titre de la procédure de référé, de faire droit à sa demande de suspension ; 3°) de mettre à la charge de l'Etat la somme de 5 000 euros au titre de l'article L. 761-1 du code de justice administrative.",plein_contentieux,defavorable_requerant,DCE_451062_20220621.xml,DCE,2022-06-21,Décision,Plein contentieux,Rejet PAPC,7112
"Par une requête enregistrée au secrétariat du contentieux du Conseil d'Etat le 25 mars 2021, M. B A demande au Conseil d'Etat : 1°) de suspendre l'exécution de la décision du 15 janvier 2021 par laquelle le Conseil national de l'ordre des médecins, statuant en formation restreinte, l'a suspendu du droit d'exercer la médecine pour une durée de six mois et a subordonné la reprise de son activité professionnelle aux résultats d'une nouvelle expertise ; 2°) d'annuler pour excès de pouvoir la même décision.",exces_de_pouvoir,defavorable_requerant,DCE_451069_20220615.xml,DCE,2022-06-15,Décision,Excès de pouvoir,Rejet,5604
"La société Expatrium International Limited a demandé au tribunal administratif de Cergy-Pontoise de prononcer la décharge des cotisations d'impôt sur les sociétés mises à sa charge au titre des exercices clos au cours des années 2006 à 2012, de la taxe d'apprentissage, de la contribution au développement de l'apprentissage, et de la participation des employeurs au développement de la formation professionnelle continue auxquelles elle a été assujettie au titre de ces mêmes années, des suppléments de cotisation sur la valeur ajoutée des entreprises mis à sa charge au titre des années 2010 à 2012 et des rappels de taxe sur la valeur ajoutée qui lui ont été réclamés au titre de la période du 1er janvier 2006 au 31 décembre 2012, ainsi que des pénalités correspondantes. Par un jugement n°s 1611089, 1611092, 1611096, 1611098, 1611100 du 14 mars 2019, ce tribunal a prononcé la décharge des pénalités pour manœuvres frauduleuses dont ont été assorties les impositions litigieuses et a rejeté le surplus de ces demandes. Par un arrêt n°s 19VE01794, 19VE01795, 19VE01796, 19VE01797 et 19VE01798 du 28 janvier 2021, la cour administrative d'appel de Versailles a rejeté l'appel formé par la société Expatrium International Limited contre ce jugement, en tant qu'il n'avait pas fait droit à l'intégralité de ses demandes. Par un pourvoi sommaire et un mémoire complémentaire, enregistrés les 30 mars et 30 juin 2021 au secrétariat du contentieux du Conseil d'Etat, la société Expatrium International Limited demande au Conseil d'Etat : 1°) d'annuler cet arrêt ; 2°) de mettre à la charge de l'Etat la somme de 4 000 euros au titre de l'article L. 761-1 du code de justice administrative.",plein_contentieux,defavorable_requerant,DCE_451240_20220603.xml,DCE,2022-06-03,Décision,Plein contentieux,Rejet PAPC,8835
"La société Voirie Assainissement Travaux Publics (VATP) a demandé au tribunal administratif de Lille de condamner le syndicat intercommunal à vocation multiple (SIVOM) de la communauté du Béthunois à lui régler le solde, assorti des intérêts contractuels et des intérêts pour paiement tardif de certaines situations de travaux, des marchés publics dont elle est titulaire, portant sur les lots n° 1 "" Voirie Réseaux Divers "" et n° 2 "" Gros œuvre "" de l'opération relative à la réalisation d'un bâtiment en simple rez-de-chaussée en extension et à la réhabilitation de la résidence Sully située à Béthune. Par une ordonnance n° 1702827 du 21 janvier 2019, le président de la 2ème chambre du tribunal administratif de Lille a rejeté la demande comme manifestement irrecevable. Par un arrêt n° 19DA00707 du 4 février 2021, la cour administrative d'appel de Douai a, sur appel de la société VATP, en premier lieu, annulé cette ordonnance, en deuxième lieu, condamné le SIVOM de la communauté du Béthunois à verser à la société VATP une somme de 214 614,55 euros assortie des intérêts moratoires et, en dernier lieu, rejeté le surplus des conclusions de cette société. Par un pourvoi sommaire, un mémoire complémentaire et un mémoire en réplique, enregistrés les 2 avril et 2 juillet 2021 et le 21 janvier 2022 au secrétariat du contentieux du Conseil d'Etat, la société VATP demande au Conseil d'Etat : 1°) d'annuler cet arrêt en tant qu'il a rejeté le surplus de ses conclusions ; 2°) réglant l'affaire au fond, de faire droit à son appel ; 3°) de mettre à la charge du SIVOM de la communauté du Béthunois la somme de 5 000 euros au titre de l'article L. 761-1 du code de justice administrative.",plein_contentieux,renvoi,DCE_451334_20220610.xml,DCE,2022-06-10,Décision,Plein contentieux,Renvoi après cassation,12312
"La communauté de communes de la Plaine dijonnaise a demandé au tribunal administratif de Dijon de condamner la commune de Fauverney (Côte d'Or) à lui verser la somme de 1 323 392 euros, augmentée des intérêts capitalisés, en réparation du préjudice résultant du refus de cette commune de lui reverser la taxe locale d'équipement et la taxe d'aménagement qu'elle a prélevées auprès de titulaires de permis de construire au sein de la zone d'activité économique de la Boulouze. Par une ordonnance n° 1601710 du 29 décembre 2017, le président du tribunal administratif de Dijon a rejeté sa demande. Par une ordonnance n° 18LY00870 du 25 juin 2018, le président de la 3ème chambre de la cour administrative d'appel de Lyon a rejeté l'appel formé par la communauté de communes de la Plaine dijonnaise contre l'ordonnance du 29 décembre 2017. Par une décision n° 423631 du 29 juillet 2020, le Conseil d'Etat, statuant au contentieux a annulé l'ordonnance du 25 juin 2018 et renvoyé l'affaire à la cour administrative d'appel de Lyon. Par un arrêt n° 20LY02074 du 4 février 2021, la cour administrative d'appel de Lyon a jugé qu'il n'y avait pas lieu de transmettre au Conseil d'Etat la question prioritaire de constitutionnalité soulevée par la communauté de communes de la Plaine dijonnaise, annulé l'ordonnance du 29 décembre 2017 du président du tribunal administratif de Dijon et rejeté le surplus des conclusions de la requête de la communauté de communes de la Plaine dijonnaise. Par un pourvoi sommaire et un mémoire complémentaire, enregistrés le 2 avril et le 2 juillet 2021 au secrétariat du contentieux du Conseil d'Etat, la communauté de communes de la Plaine dijonnaise demande au Conseil d'Etat : 1°) d'annuler cet arrêt ; 2°) de mettre à la charge de la commune de Fauverney la somme de 4 000 euros au titre de l'article L. 761-1 du code de justice administrative. Par un mémoire portant contestation du refus de transmission d'une question prioritaire de constitutionnalité et des observations complémentaires, enregistrés le 6 avril et le 2 juillet 2021, la communauté de communes de la Plaine dijonnaise demande au Conseil d'Etat : 1°) d'annuler l'arrêt de la cour administrative d'appel",autres_recours,defavorable_requerant,DCE_451370_20220621.xml,DCE,2022-06-21,Décision,Autres,Rejet PAPC,7248
"Par une requête sommaire, un mémoire complémentaire et un mémoire en réplique, enregistrés les 6 avril et 6 juillet 2021 et le 30 mars 2022 au secrétariat du contentieux du Conseil d'Etat, la société Amazon Europe Core demande au Conseil d'Etat : 1°) d'annuler la délibération n° SAN-2020-013 du 7 décembre 2020 par laquelle la formation restreinte de la Commission nationale de l'informatique et des libertés a prononcé à son encontre une sanction pécuniaire de 35 millions d'euros à raison des manquements constatés au titre de l'article 82 de la loi n° 78-17 du 6 janvier 1978, assortie d'une injonction de mettre en conformité son traitement de données dans un délai de trois mois à compter de la notification de sa délibération, sous astreinte de 100 000 euros par jour de retard, et de la publication de la sanction, qui n'identifiera plus nommément la société à l'expiration d'un délai de deux ans ; 2°) à titre subsidiaire, de réformer cette délibération en réduisant le montant de l'amende qui lui a été infligée ; 3°) le cas échéant, de saisir à titre préjudiciel la Cour de justice de l'Union européenne des questions suivantes : 1) Les dispositions de l'article 15 bis de la directive 2002/58/CE modifiée du 12 juillet 2002, combinées au considérant 173 du règlement (UE) 2016/679 du 27 avril 2016 (RGPD) et aux dispositions de l'article 56 de ce règlement doivent-elles s'interpréter comme imposant l'application du mécanisme du guichet unique au contrôle de l'application des dispositions de l'article 5, paragraphe 3, de la directive 2002/58/CE en présence d'un traitement de données à caractère personnel transfrontalier ' ; 2) La directive 2002/58/CE comporte-t-elle une règle de conflit de loi implicite, ou un critère implicite, déterminant le champ d'application territoriale des lois nationales de transposition et, dans l'affirmative, quelle est cette règle ou quel est ce critère ' ; 3) En cas de réponse négative à la question 2), la jurisprudence par laquelle la Cour de justice a précisé, d'une part, la notion de traitements de données effectués dans le cadre des activités d'un établissement du responsable des traitements, au sens et pour l'application de l'article 4 de",exces_de_pouvoir,defavorable_requerant,DCE_451423_20220627.xml,DCE,2022-06-27,Décision,Excès de pouvoir,Rejet,44310
"Le médecin-conseil, chef de service de l'échelon local du service médical du Hainaut, a porté plainte contre Mme A B devant la section des assurances sociales de la chambre disciplinaire de première instance du Nord-Pas-de-Calais de l'ordre des médecins. Par une décision du 7 février 2019, la section des assurances sociales de la chambre disciplinaire de première instance a infligé à Mme B la sanction de l'interdiction du droit de délivrer des soins aux assurés sociaux pour une durée de trois mois. Par une décision du 19 février 2021, la section des assurances sociales du Conseil national de l'ordre des médecins a, sur appels de Mme B et du médecin-conseil, chef de service de l'échelon local du service médical du Hainaut, porté à un an la sanction de l'interdiction du droit de délivrer des soins aux assurés sociaux qui avait été infligée à Mme B en première instance. Par un pourvoi sommaire, un mémoire complémentaire et un mémoire en réplique, enregistrés les 7 avril, 11 juin et 4 octobre 2021 au secrétariat du contentieux du Conseil d'Etat, Mme B demande au Conseil d'Etat : 1°) d'annuler cette décision ; 2°) de mettre à la charge de médecin-conseil, chef de service de l'échelon local du service médical du Hainaut, la somme de 3 500 euros au titre de l'article L. 761-1 du code de justice administrative.",plein_contentieux,renvoi,DCE_451480_20220614.xml,DCE,2022-06-14,Décision,Plein contentieux,Renvoi après cassation,6281
"Par une requête, enregistrée le 13 avril 2021 au secrétariat du contentieux du Conseil d'Etat, l'association Dataring demande au Conseil d'Etat : 1°) d'annuler pour excès de pouvoir le décret n° 2021-157 du 12 février 2021 modifiant le décret n° 2020-650 du 29 mai 2020 relatif au traitement de données dénommé "" StopCovid "" ; 2°) de mettre à la charge de l'Etat la somme de 3 000 euros au titre de l'article L. 761-1 du code de justice administrative.",exces_de_pouvoir,defavorable_requerant,DCE_451655_20220627.xml,DCE,2022-06-27,Décision,Excès de pouvoir,Rejet,13027
"M. B A et le syndicat autonome des sapeurs-pompiers professionnels et des personnels administratifs, techniques et spécialisés ont demandé au tribunal administratif de Nantes de condamner le service départemental d'incendie et de secours (SDIS) de Maine-et-Loire à verser à M. A, outre une somme de 10 000 euros en réparation des préjudices personnels et des troubles dans les conditions d'existence qu'il estime avoir subis, à titre principal, les indemnités horaires pour travaux supplémentaires correspondant à 5 589 heures supplémentaires effectuées entre le 1er janvier 2010 et le 31 décembre 2014 au-delà du seuil annuel de 1 607 heures, à titre subsidiaire, les indemnités horaires pour travaux supplémentaires correspondant à 4 269 heures supplémentaires effectuées entre le 1er janvier 2010 et le 31 décembre 2014 au-delà du plafond de 48 heures hebdomadaires ainsi que, à titre encore subsidiaire, une indemnité représentative des indemnités horaires pour travaux supplémentaires correspondant à 5589 heures supplémentaires effectuées entre 2010 et 2014. Par un jugement n° 1602533 du 17 avril 2019, le tribunal administratif de Nantes n'a pas admis l'intervention du syndicat autonome des sapeurs-pompiers professionnels et des personnels administratifs, techniques et spécialisés, a condamné le SDIS de Maine-et-Loire à verser à M. A une indemnité de 20 000 euros et a rejeté le surplus des conclusions de la demande. Par un arrêt n° 19NT02316 du 16 février 2021, la cour administrative d'appel de Nantes a, sur appel du SDIS de Maine-et-Loire, ramené à 12 000 euros la somme que le SDIS de Maine-et-Loire est condamné à verser à M. A, réformé le jugement en ce qu'il a de contraire, décidé que cette somme portera intérêts au taux légal à compter du 25 décembre 2015 et que ces intérêts seront capitalisés à la date du 3 septembre 2020 et à chaque échéance annuelle ultérieure, et rejeté le surplus de la requête du SDIS de Maine-et-Loire ainsi que les conclusions de M. A. Par un pourvoi sommaire et un mémoire complémentaire, enregistrés les 16 avril et 14 juillet 2021 au secrétariat de la section du contentieux du Conseil d'Etat, M. A demande au Conseil d'Etat : 1°) d'annuler cet",plein_contentieux,defavorable_requerant,DCE_451750_20220616.xml,DCE,2022-06-16,Décision,Plein contentieux,Rejet PAPC,4436
"M. B A et le syndicat autonome des sapeurs-pompiers professionnels et des personnels administratifs, techniques et spécialisés ont demandé au tribunal administratif de Nantes de condamner le service départemental d'incendie et de secours (SDIS) de Maine-et-Loire à verser à M. A, outre une somme de 10 000 euros en réparation des préjudices personnels et des troubles dans les conditions d'existence qu'il estime avoir subis, à titre principal, les indemnités horaires pour travaux supplémentaires correspondant à 5 589 heures supplémentaires effectuées entre le 1er janvier 2010 et le 31 décembre 2014 au-delà du seuil annuel de 1 607 heures, à titre subsidiaire, les indemnités horaires pour travaux supplémentaires correspondant à 4 269 heures supplémentaires effectuées entre le 1er janvier 2010 et le 31 décembre 2014 au-delà du plafond de 48 heures hebdomadaires ainsi que, à titre encore subsidiaire, une indemnité représentative des indemnités horaires pour travaux supplémentaires correspondant à 5 589 heures supplémentaires effectuées entre 2010 et 2014 et de mettre à sa charge une somme de 150 euros au titre de l'article L. 761-1 du code de justice administrative. Par un jugement n°1602533 du 17 avril 2019, le tribunal administratif de Nantes n'a pas admis l'intervention du syndicat autonome des sapeurs-pompiers professionnels et des personnels administratifs, techniques et spécialisés, a condamné le SDIS de Maine-et-Loire à verser à M. A une indemnité de 20 000 euros, et a rejeté le surplus des conclusions de la demande. Par un arrêt n° 19NT02316 du 16 février 2021, la cour administrative d'appel de Nantes a, sur appel du SDIS de Maine-et-Loire, ramené à 12 000 euros la somme que le SDIS de Maine-et-Loire est condamné à verser à M. A, réformé le jugement en ce qu'il a de contraire, décidé que cette somme portera intérêts au taux légal à compter du 25 décembre 2015 et que ces intérêts seront capitalisés à la date du 3 septembre 2020 et à chaque échéance annuelle ultérieure, et rejeté le surplus de la requête du SDIS de Maine-et-Loire ainsi que les conclusions de M. A. Par un pourvoi sommaire et un mémoire complémentaire, enregistrés les 16 avril et 16 juillet 2021",exces_de_pouvoir,defavorable_requerant,DCE_451759_20220616.xml,DCE,2022-06-16,Décision,Excès de pouvoir,Rejet PAPC,4499
"M. A B a demandé au tribunal administratif de Rouen de condamner le service départemental d'incendie et de secours (SDIS) de l'Eure à lui verser la somme de 150 000 euros en réparation des préjudices qu'il estime avoir subis. Par un jugement n° 1701787 du 6 décembre 2019, le tribunal administratif de Rouen a rejeté sa demande. Par un arrêt n° 20DA00233 du 12 novembre 2020, la cour administrative d'appel de Douai a, sur appel de M. B, annulé ce jugement et rejeté sa demande présentée devant le tribunal administratif. Par un pourvoi sommaire et un mémoire complémentaire, enregistrés les 19 avril et 19 juillet 2021 au secrétariat du contentieux du Conseil d'Etat, M. B demande au Conseil d'Etat : 1°) d'annuler cet arrêt ; 2°) réglant l'affaire au fond, de faire droit à son appel ; 3°) de mettre à la charge de l'Etat la somme de 4 500 euros au titre de l'article L. 761-1 du code de justice administrative.",plein_contentieux,defavorable_requerant,DCE_451813_20220621.xml,DCE,2022-06-21,Décision,Plein contentieux,Rejet PAPC,5306
"1° Sous le n° 451852, par une requête, un nouveau mémoire et un mémoire en réplique, enregistrés les 19 avril, 4 mai et 7 octobre 2021 au secrétariat du contentieux du Conseil d'Etat, l'Association pour l'égal accès aux emplois publics et la défense de la méritocratie républicaine demande au Conseil d'Etat d'annuler pour excès de pouvoir : 1°) le décret n° 2021-239 du 3 mars 2021 instituant des modalités d'accès à certaines écoles de service public et relatif aux cycles de formation y préparant ; 2°) l'arrêté du 8 mars 2021 du président du Centre national de la fonction publique territoriale portant ouverture de concours (un concours externe, un concours externe spécial, un concours interne et un troisième concours) pour le recrutement des administrateurs territoriaux (session 2021), en ses dispositions relatives au concours externe spécial ; 3°) l'arrêté du 1er avril 2021 du président du Centre national de la fonction publique territoriale fixant le nombre de postes ouverts aux concours (un concours externe, un concours externe spécial, un concours interne et un troisième concours) pour le recrutement des administrateurs territoriaux (session 2021), en ses dispositions relatives au concours externe spécial ; 4°) l'arrêté du 25 mars 2021 de la ministre de la transformation et de la fonction publique autorisant l'ouverture du concours externe, du deuxième concours externe, du concours externe spécial, du concours interne et du troisième concours d'entrée à l'Ecole nationale d'administration pour l'année 2021, en ses dispositions relatives au concours externe spécial ; 5°) l'arrêté du 8 avril 2021 du ministre des solidarités et de la santé portant ouverture des concours d'admission au cycle de formation des élèves directeurs d'hôpital, en ses dispositions relatives au concours externe spécial ; 6°) l'arrêté du 8 avril 2021 du ministre des solidarités et de la santé portant ouverture des concours d'admission au cycle de formation des élèves directeurs d'établissement sanitaire, social et médico-social, en ses dispositions relatives au concours externe spécial. 2° Sous le n° 452060, par une requête et deux nouveaux mémoires, enregistrés les 27 avril et 3 mai et 7",exces_de_pouvoir,defavorable_requerant,DCE_451852_20220620.xml,DCE,2022-06-20,Décision,Excès de pouvoir,Rejet,24978
"Par une requête, un mémoire en réplique et un nouveau mémoire, enregistrés les 24 avril et 12 août 2021 et 9 février 2022 au secrétariat du contentieux du Conseil d'Etat, la République et Canton de Genève, la ville de Genève, Mme G E, M. H F, M. D C et M. B A demandent au Conseil d'Etat : 1°) d'annuler la décision n° 2021-DC-0706 de l'Autorité de sûreté nucléaire du 23 février 2021 fixant à Electricité de France les prescriptions applicables aux réacteurs des centrales nucléaires du Blayais, du Bugey, de Chinon, de Cruas, de Dampierre-en-Burly, de Gravelines, de Saint-Laurent-des-Eaux et du Tricastin au vu des conclusions de la phase générique de leur quatrième réexamen périodique ; 2°) de mettre à la charge de l'Autorité de sûreté nucléaire la somme de 5 000 euros au titre de l'article L. 761-1 du code de justice administrative.",exces_de_pouvoir,defavorable_requerant,DCE_451998_20220622.xml,DCE,2022-06-22,Décision,Excès de pouvoir,Rejet,24093
"M. et Mme B ont demandé au tribunal administratif de Grenoble de prononcer la décharge des cotisations supplémentaires d'impôt sur le revenu et de contributions sociales auxquelles ils ont été assujettis au titre de l'année 2011, ainsi que des pénalités correspondantes. Par un jugement n° 1607161 du 27 novembre 2018, ce tribunal a rejeté leur demande. Par un arrêt n° 19LY00108 du 25 février 2021, la cour administrative d'appel de Lyon a rejeté l'appel formé par M. et Mme B contre ce jugement. Par un pourvoi sommaire, un mémoire complémentaire, des observations complémentaires et un mémoire en réplique, enregistrés les 26 avril, 26 juillet et 22 novembre 2021 ainsi que le 23 mars 2022 au secrétariat du contentieux du Conseil d'Etat, M. et Mme B demandent au Conseil d'Etat : 1°) d'annuler cet arrêt ; 2°) de mettre à la charge de l'Etat la somme de 5 000 euros au titre de l'article L. 761-1 du code de justice administrative.",plein_contentieux,defavorable_requerant,DCE_452022_20220602.xml,DCE,2022-06-02,Décision,Plein contentieux,Rejet,8242
"Mme A B a demandé au tribunal administratif de Lyon d'annuler la lettre, en date du 18 décembre 2019, par laquelle le recteur de l'académie de Lyon l'a informée qu'elle ne pouvait obtenir une allocation temporaire d'invalidité. Par un jugement n° 2001660 du 16 décembre 2020, le tribunal administratif de Lyon a rejeté sa demande. Par un pourvoi sommaire et un mémoire complémentaire, enregistrés les 4 mai et 20 juillet 2021 au secrétariat de la section du contentieux du Conseil d'Etat, Mme B demande au Conseil d'Etat : 1°) d'annuler ce jugement ; 2°) de mettre à la charge de l'Etat la somme de 3 000 euros à verser à Me Le Prado, avocat de Mme B, au titre des dispositions de l'article L. 761-1 du code de justice administrative et de l'article 37 de la loi du 10 juillet 1991.",exces_de_pouvoir,defavorable_requerant,DCE_452217_20220621.xml,DCE,2022-06-21,Décision,Excès de pouvoir,Rejet PAPC,2568
"M. C A et M. B D ont demandé au tribunal administratif de Grenoble d'annuler le refus du maire d'Arvillard de leur communiquer l'ensemble des courriels échangés avec les élus locaux à propos des délibérations d'octobre et novembre 2016 relatives au projet de microcentrales du Bens et du Joudron et d'enjoindre, sous astreinte, au maire d'Arvillard de leur communiquer ces documents. Par un jugement n°1804016 du 5 mars 2021, le tribunal administratif de Grenoble a annulé la décision refusant la communication de ces documents et a enjoint au maire d'Arvillard de communiquer à M. A et à M. D, dans un délai de deux mois à compter de la notification du jugement, les courriels échangés entre lui et les élus municipaux à propos des délibérations des 21 novembre 2016 et 27 novembre 2017 relatives aux microcentrales du Bens et du Joudron, après avoir occulté les adresses de messagerie des expéditeurs et des destinataires des messages ainsi que, le cas échéant, toute autre mention susceptible de porter atteinte à l'un des secrets protégés par les dispositions des articles L. 311-5 et L. 311-6 du code des relations entre le public et l'administration. Par un pourvoi sommaire et un mémoire complémentaire, enregistrés les 4 mai et 28 juin 2021, la commune d'Arvillard demande au Conseil d'Etat : 1°) d'annuler ce jugement ; 2°) réglant l'affaire au fond, de rejeter la requête présentée en première instance par M. A et M. D ; 3°) de mettre à leur charge la somme de 3.500 euros au titre de l'article L. 761-1 du code de justice administrative.",exces_de_pouvoir,renvoi,DCE_452218_20220603.xml,DCE,2022-06-03,Décision,Excès de pouvoir,Renvoi après cassation,7017
"1° Sous le n° 452333, par une requête, un mémoire en réplique et un nouveau mémoire, enregistrés les 6 mai et 24 décembre 2021 et le 15 mars 2022 au secrétariat du contentieux du Conseil d'Etat, l'association des psychologues freudiens demande au Conseil d'Etat d'annuler pour excès de pouvoir le premier alinéa et la dernière phrase du deuxième alinéa de l'article 2 de l'arrêté du 10 mars 2021 relatif à la définition de l'expertise spécifique des psychologues mentionnée à l'article R. 2135-2 du code de la santé publique. 2° Sous le n° 453254, par une requête sommaire, un mémoire complémentaire, un mémoire en réplique et un nouveau mémoire, enregistrés les 4 juin et 6 septembre 2021 et les 18 mars et 17 mai 2022 au secrétariat du contentieux du Conseil d'Etat, M. S E, Mme X Y et M. L W demandent au Conseil d'Etat : 1°) d'annuler pour excès de pouvoir l'arrêté du 10 mars 2021 relatif à la définition de l'expertise spécifique des psychologues mentionnée à l'article R. 2135-2 du code de la santé publique ; 2°) de mettre à la charge de l'Etat la somme de 4 000 euros au titre de l'article L. 761-1 du code de justice administrative. 3° Sous le n° 453328, par une requête et un mémoire en réplique, enregistrés les 5 juin 2021 et 7 mars 2022 au secrétariat du contentieux du Conseil d'Etat, l'association Collège des psychologues de l'Arisse, l'association Collège des psychologues de l'A.P.S.I., le syndicat national des psychologues, l'association Séminaire interuniversitaire européen de recherche en psychopathologie et psychanalyse (SIUERPP), l'association Quelle hospitalité pour la folie, l'association des psychologues de la Fondation Vallée, l'association Figures psychodramatiques, la société française de psychiatrie de l'enfant et de l'adolescent et disciplines associées et l'association Espace résilience demandent au Conseil d'Etat : 1°) d'annuler pour excès de pouvoir l'arrêté du 10 mars 2021 relatif à la définition de l'expertise spécifique des psychologues mentionnée à l'article R. 2135-2 du code de la santé publique ; 2°) de mettre à la charge de l'Etat la somme de 500 euros à verser à chacun d'entre eux au titre de l'article L. 761-1 du code de justice",exces_de_pouvoir,defavorable_requerant,DCE_452333_20220613.xml,DCE,2022-06-13,Décision,Excès de pouvoir,Rejet,18114
"Par un jugement n° 20/00176 du 23 octobre 2020, enregistré au greffe du tribunal administratif de Strasbourg le 28 décembre 2020, le conseil de prud'hommes de Schiltigheim a sursis à statuer et saisi le tribunal administratif de Strasbourg de la question de la légalité de la décision du 1er juin 2015 par laquelle l'inspecteur du travail de la 9ème section de l'unité territoriale du Bas-Rhin a autorisé la société Socomal à licencier Mme A C épouse B. Par un jugement n° 2008260 du 23 avril 2021, le tribunal administratif de Strasbourg a déclaré que cette décision était entachée d'illégalité. Par un pourvoi sommaire, un mémoire complémentaire et un mémoire en réplique, enregistrés les 10 mai et 9 juin 2021 et le 18 janvier 2022 au secrétariat du contentieux du Conseil d'Etat, la société Socomal demande au Conseil d'Etat : 1°) d'annuler ce jugement ; 2°) réglant l'affaire au fond, de faire droit à ses conclusions de première instance ; 3°) de mettre solidairement à la charge de l'État et de Mme C la somme de 3 500 euros au titre de l'article L. 761-1 du code de justice administrative.",autres_recours,partiellement_favorable,DCE_452421_20220627.xml,DCE,2022-06-27,Décision,Appréciation de la légalité,Satisfaction partielle,13697
"M. B A a demandé au tribunal administratif de Paris de prononcer la décharge des cotisations supplémentaires d'impôt sur le revenu et de contributions sociales, en droits et pénalités, auxquelles il a été assujetti au titre des années 2012 et 2013, ainsi que de l'amende mise à sa charge sur le fondement du IV de l'article 1736 du code général des impôts. Par un jugement nos 1715643,1715644 du 13 février 2019, le tribunal administratif de Paris a prononcé la décharge des suppléments d'impôts au titre de l'année 2012 à concurrence d'une réduction de base imposable d'un montant de 522 394 euros, des suppléments d'impôts au titre de l'année 2013, et rejeté le surplus des conclusions présentées par M. A. Par un arrêt n° 19PA01284 du 31 mars 2021, la cour administrative d'appel de Paris a rejeté l'appel formé par M. A contre ce jugement en tant qu'il ne fait pas intégralement droit à ses demandes. Par un pourvoi sommaire, un mémoire complémentaire et un nouveau mémoire enregistrés les 10 mai, 12 juillet 2021 et 28 janvier 2022 au secrétariat du contentieux du Conseil d'Etat, M. A demande au Conseil d'Etat : 1°) d'annuler cet arrêt ; 2°) de mettre à la charge de l'Etat la somme de 5 000 euros au titre de l'article L. 761-1 du code de justice administrative.",plein_contentieux,defavorable_requerant,DCE_452430_20220602.xml,DCE,2022-06-02,Décision,Plein contentieux,Rejet PAPC,4951
"M. A B et Mme D B née C ont demandé au tribunal administratif de Toulon d'annuler pour excès de pouvoir l'arrêté du 17 décembre 2015 par lequel le maire de Bormes-les-Mimosas a délivré à la société à responsabilité limitée La Garriguette un permis de construire une maison individuelle et une piscine, après démolition d'un studio, l'arrêté du 2 mars 2016 le rectifiant, l'arrêté du 12 janvier 2017 par lequel ce maire a délivré un nouveau permis de construire à cette société et l'arrêté du 25 avril 2017 par lequel ce maire lui a délivré un permis de construire modificatif. Par un jugement nos 1600437, 1601331, 1700456, 1701746 du 18 décembre 2018, le tribunal administratif de Toulon a jugé qu'il n'y avait pas lieu de statuer sur les conclusions des demandes tendant à l'annulation des arrêtés des 17 décembre 2015 et 2 mars 2016 et rejeté le surplus des conclusions des demandes. Par un arrêt n° 19MA00821 du 11 mars 2021, la cour administrative d'appel de Marseille a, sur l'appel de M. et Mme B, partiellement annulé les permis de construire délivrés les 17 décembre 2015, 2 mars 2016, 12 janvier et 25 avril 2017, imparti un délai de trois mois à la société La Garriguette pour demander la régularisation des vices entachant ses permis, réformé le jugement dans cette mesure et rejeté le surplus des conclusions. Par un pourvoi sommaire, un mémoire complémentaire et un nouveau mémoire, enregistrés les 11 mai et 11 août 2021 et le 10 mars 2022 au secrétariat du contentieux du Conseil d'Etat, M. et Mme B demandent au Conseil d'Etat : 1°) d'annuler cet arrêt en tant qu'il n'a que partiellement fait droit à leur appel ; 2°) réglant l'affaire au fond, de faire droit au surplus de leur appel ; 3°) de mettre à la charge de la commune de Bormes-les-Mimosas et de la société La Garriguette la somme de 5 000 euros au titre de l'article L. 761-1 du code de justice administrative.",exces_de_pouvoir,renvoi,DCE_452457_20220613.xml,DCE,2022-06-13,Décision,Excès de pouvoir,Renvoi après cassation,12410
"La société Sarlu, Agence funéraire lyonnaise pompes funèbres Viollet a demandé au tribunal administratif de Lyon d'annuler la décision du 30 avril 2019 par laquelle le premier président de la cour d'appel de Lyon a refusé de lui communiquer certains documents administratifs. Par un jugement n° 2001948 du 11 mars 2021, le tribunal administratif de Lyon a rejeté sa demande. Par un pourvoi sommaire et un mémoire complémentaire, enregistrés les 11 mai et 11 août 2021 au secrétariat du contentieux du Conseil d'Etat, la société Sarlu, Agence funéraire lyonnaise pompes funèbres Viollet demande au Conseil d'Etat : 1°) d'annuler ce jugement ; 2°) réglant l'affaire au fond, de faire droit à ses conclusions de première instance ; 3°) de mettre à la charge de l'Etat la somme de 5 000 euros au titre de l'article L. 761-1 du code de justice administrative.",exces_de_pouvoir,renvoi,DCE_452459_20220617.xml,DCE,2022-06-17,Décision,Excès de pouvoir,Renvoi après cassation,4727
"M. et Mme A P, M. et Mme B F, M. et Mme C I, Q K, M. et Mme J L, R G, M. O G, M. et Mme D M, M. N H et M. C E ont demandé au tribunal administratif d'Amiens d'annuler l'arrêté du 6 novembre 2014 par lequel le préfet de la région Picardie a autorisé la société Parc éolien Nordex III à exploiter un parc éolien sur le territoire des communes de Voharies, Saint-Gobert, Lugny et Houry, ainsi que l'arrêté du 22 mai 2015 par lequel le préfet de la région Picardie a modifié cet arrêté du 6 novembre 2014. Par un jugement nos 1501459, 1600209 du 7 novembre 2017, le tribunal administratif d'Amiens a annulé ces deux arrêtés. Par un premier arrêt avant-dire droit nos 17DA02173, 17DA02174, 18DA00041 du 9 juillet 2019, la cour administrative d'appel de Douai a, sur appel de la société Parc éolien Nordex III et du ministre de la transition écologique et solidaire, annulé ce jugement et sursis à statuer sur la demande présentée devant le tribunal administratif jusqu'à ce que le préfet de l'Aisne ait procédé à la transmission d'un arrêté de régularisation. Par un arrêt nos 17DA02173, 18DA00041 du 16 mars 2021, la cour administrative d'appel de Douai a rejeté la demande de M. et Mme P et autres présentée devant le tribunal administratif d'Amiens. Par un pourvoi sommaire et un mémoire complémentaire, enregistrés les 14 mai et 6 août 2021 au secrétariat du contentieux du Conseil d'Etat, M. et Mme P et autres demandent au Conseil d'Etat : 1°) d'annuler ces arrêts ; 2°) réglant l'affaire au fond, de rejeter les conclusions d'appel présentées par la société Parc éolien Nordex III et la ministre de la transition écologique ; 3°) de mettre à la charge solidaire de l'Etat et de la société Parc éolien Nordex III la somme de 3 500 euros au titre de l'article L. 761-1 du code de justice administrative.",exces_de_pouvoir,defavorable_requerant,DCE_452543_20220617.xml,DCE,2022-06-17,Décision,Excès de pouvoir,Rejet PAPC,6193
"Par deux arrêts en date du 19 novembre 2020, la cour d'appel de Papeete a sursis à statuer sur les appels formés devant elle par, respectivement, Mme C A et Mme E et a saisi le tribunal administratif de la Polynésie française de la question de l'applicabilité et de la légalité, au regard de la loi du 17 juillet 1986 et des articles 7 et 14 de la loi organique du 27 février 2004, des dispositions des articles R. 914-57 et R. 914-58 du code de l'éducation en ce qu'ils s'appliquent en Polynésie française en vertu de l'article R. 973-1 du même code. Par deux mémoires, enregistrés le 9 janvier 2021 au greffe du tribunal administratif de la Polynésie française, Mme A et Mme D ont demandé au juge administratif de dire inapplicables au litige les opposant à l'Etat les articles R. 914-57 et R. 914-58 du code de l'éducation, à titre subsidiaire, de renvoyer la question préjudicielle posée par la cour d'appel de Papeete au Conseil d'Etat et de mettre à la charge de l'Etat la somme de 300 000 francs CFP au titre de l'article L. 761-1 du code de justice administrative. Vu les autres pièces des dossiers ;",autres_recours,defavorable_requerant,DCE_452552_20220627.xml,DCE,2022-06-27,Décision,Appréciation de la légalité,Rejet,9966
"Mme B A a demandé au tribunal administratif de la Polynésie française, d'une part, d'annuler la décision du 19 février 2020 par laquelle l'administrateur général des finances publiques en Polynésie française a refusé de prendre en compte le cas de force majeure qui l'a conduite à être absente du territoire en fin d'année et de maintenir, en conséquence, le versement de son indemnité temporaire de retraite (ITR), d'autre part, d'enjoindre à l'administrateur général des finances publiques de lui accorder le bénéfice de l'ITR durant les neuf jours de dépassement du nombre total de jours d'absence autorisés pour 2019. Par un jugement n° 2000443 du 16 mars 2021, le tribunal administratif de la Polynésie française a rejeté la demande de Mme A. Par un pourvoi sommaire, un mémoire complémentaire et deux nouveaux mémoires, enregistrés les 17 mai, 11 août et 21 septembre 2021 et le 28 mars 2022 au secrétariat du contentieux du Conseil d'Etat, Mme A demande au Conseil d'Etat : 1°) d'annuler ce jugement ; 2°) réglant l'affaire au fond, de faire droit à sa demande ; 3°) de mettre à la charge de l'Etat la somme de 4 000 euros au titre de l'article L. 761-1 du code de justice administrative.",exces_de_pouvoir,renvoi,DCE_452627_20220628.xml,DCE,2022-06-28,Décision,Excès de pouvoir,Renvoi après cassation,6013
"M. A B a demandé au tribunal administratif de Marseille, d'une part, d'annuler pour excès de pouvoir la décision du 6 avril 2017 par laquelle le recteur de l'académie d'Aix-Marseille a rejeté sa demande de modification de son obligation réglementaire de service au titre de l'année scolaire 2016-2017 ainsi que les décisions des 18 avril et 15 juin 2017 par lesquelles, respectivement, le recteur de l'académie et le ministre de l'éducation nationale et de la jeunesse ont rejeté ses recours administratifs, d'autre part, d'enjoindre à l'administration de fixer son obligation de service à huit heures par semaine au titre de l'année scolaire 2016-2017 et, enfin, de condamner l'Etat à lui verser, outre la somme de 6 487,66 euros au titre des heures supplémentaires effectuées au titre de l'année scolaire 2016-2017, la somme de 3 000 euros au titre du préjudice qu'il estime avoir subi. Par un jugement n° 1705858 du 8 juillet 2019, le tribunal administratif a, d'une part, annulé ces trois décisions, d'autre part, enjoint au recteur de l'académie d'Aix-Marseille de ramener à huit heures l'obligation réglementaire de service hebdomadaire de M. B au titre de l'année scolaire 2016-2017 et, enfin, condamné l'Etat à verser à M. B la somme correspondant à la rémunération des deux heures hebdomadaires supplémentaires effectuées au cours de l'année scolaire 2016-2017. Par un arrêt n° 19MA04294 du 15 mars 2021, la cour administrative d'appel de Marseille a, sur appel du ministre de l'éducation nationale et de la jeunesse, annulé ce jugement et rejeté la demande de M. B. Par un pourvoi sommaire, un mémoire complémentaire et un mémoire en réplique, enregistrés les 17 mai et 16 août 2021 et le 25 mars 2022 au secrétariat du contentieux du Conseil d'Etat, M. B demande au Conseil d'Etat : 1°) d'annuler cet arrêt ; 2°) de mettre à la charge de l'Etat la somme de 3 500 euros au titre de l'article L. 761-1 du code de justice administrative.",exces_de_pouvoir,defavorable_requerant,DCE_452644_20220601.xml,DCE,2022-06-01,Décision,Excès de pouvoir,Rejet,8003
"La société D3P a demandé au tribunal administratif de Montpellier de prononcer la décharge, en droits et pénalités, des cotisations supplémentaires d'impôt sur les sociétés auxquelles elle a été assujettie au titre de l'exercice clos le 31 décembre 2013. Par un jugement n° 1801408 en date du 20 mai 2019, le tribunal administratif de Montpellier a rejeté sa demande. Par un arrêt n° 19MA03133 du 18 mars 2021, la cour administrative d'appel de Marseille a rejeté l'appel formé par la société D3P contre ce jugement. Par un pourvoi sommaire et un mémoire complémentaire, enregistrés les 18 mai et 17 août 2021 au secrétariat du contentieux du Conseil d'Etat, la société D3P demande au Conseil d'Etat : 1°) d'annuler cet arrêt ; 2°) de mettre à la charge de l'Etat la somme de 4 000 euros au titre de l'article L. 761-1 du code de justice administrative. Vu les autres pièces des dossiers ;",plein_contentieux,renvoi,DCE_452708_20220603.xml,DCE,2022-06-03,Décision,Plein contentieux,Renvoi après cassation,7334
"La SCI KRCS a demandé au tribunal administratif de Montpellier de prononcer la décharge, en droits et pénalités, des cotisations supplémentaires d'impôt sur les sociétés auxquelles elle a été assujettie au titre de l'exercice clos le 31 décembre 2013 ainsi que la décharge des pénalités appliquées aux impositions supplémentaires au titre de l'exercice 2014. Par un jugement n° 1801407 en date du 20 mai 2019, le tribunal administratif de Montpellier a rejeté sa demande. Par un arrêt n° 19MA03136 du 18 mars 2021, la cour administrative d'appel de Marseille a rejeté l'appel formé par la SCI KRCS contre ce jugement. Par un pourvoi sommaire et un mémoire complémentaire, enregistrés les 18 mai et 17 août 2021 au secrétariat du contentieux du Conseil d'Etat, la SCI KRCS demande au Conseil d'Etat : 1°) d'annuler cet arrêt ; 2°) de mettre à la charge de l'Etat la somme de 4 000 euros au titre de l'article L. 761-1 du code de justice administrative. Vu les autres pièces des dossiers ;",plein_contentieux,renvoi,DCE_452710_20220603.xml,DCE,2022-06-03,Décision,Plein contentieux,Renvoi après cassation,7407
"La SCI Alpha a demandé au tribunal administratif de Montpellier de prononcer la décharge, en droits et pénalités, des cotisations supplémentaires d'impôt sur les sociétés auxquelles elle a été assujettie au titre de l'exercice clos le 31 décembre 2013. Par un jugement n° 1801405 en date du 20 mai 2019, le tribunal administratif de Montpellier a rejeté sa demande. Par un arrêt n° 19MA03135 du 18 mars 2021, la cour administrative d'appel de Marseille a rejeté l'appel formé par la SCI Alpha contre ce jugement. Par un pourvoi sommaire et un mémoire complémentaire, enregistrés les 18 mai et 17 août 2021 au secrétariat du contentieux du Conseil d'Etat, la SCI Alpha demande au Conseil d'Etat : 1°) d'annuler cette décision ; 2°) de mettre à la charge de l'Etat la somme de 4 000 euros au titre de l'article L. 761-1 du code de justice administrative. Vu les autres pièces des dossiers ;",plein_contentieux,renvoi,DCE_452711_20220603.xml,DCE,2022-06-03,Décision,Plein contentieux,Renvoi après cassation,7404
"La société Agora Paradise a demandé au tribunal administratif de Montpellier de prononcer la décharge, en droits et pénalités, des cotisations supplémentaires d'impôt sur les sociétés auxquelles elle a été assujettie au titre de l'exercice clos le 31 mars 2014. Par un jugement n° 1801406 en date du 20 mai 2019, le tribunal administratif de Montpellier a rejeté sa demande. Par un arrêt n° 19MA03134 du 18 mars 2021, la cour administrative d'appel de Marseille a rejeté l'appel formé par la société Agora Paradise contre ce jugement. Par un pourvoi sommaire et un mémoire complémentaire, enregistrés les 18 mai et 17 août 2021 au secrétariat du contentieux du Conseil d'Etat, la société Agora Paradise demande au Conseil d'Etat : 1°) d'annuler cet arrêt ; 2°) de mettre à la charge de l'Etat la somme de 4 000 euros au titre de l'article L. 761-1 du code de justice administrative. Vu les autres pièces des dossiers ;",plein_contentieux,renvoi,DCE_452714_20220603.xml,DCE,2022-06-03,Décision,Plein contentieux,Renvoi après cassation,7465
"M. B D a demandé au tribunal administratif de Grenoble de condamner la chambre de commerce et d'industrie (CCI) de Grenoble à lui verser la somme de 86 610 euros, portée en appel à 90 809 euros, outre intérêts de droit à compter du 12 mai 2016, capitalisés, en indemnisation des préjudices qu'il soutient avoir subis en raison de l'absence de cotisation de l'établissement public, pris en sa qualité d'employeur, à la tranche T2 du régime de retraite complémentaire de l'ARRCO. Par un jugement n° 1605076 du 20 décembre 2018, le tribunal administratif de Grenoble a condamné la CCI à verser à M. D la somme de 5 000 euros. Par un arrêt n° 19LY00679 du 18 mars 2021, la cour administrative d'appel de Lyon a, sur appel de M. D et appel incident de la CCI, annulé ce jugement en ce qu'il a condamné la CCI à lui verser la somme de 5 000 euros et, statuant par la voie de l'évocation, condamné la CCI à lui verser cette même somme. Par un pourvoi sommaire, un mémoire complémentaire et un mémoire en réplique, enregistrés les 19 mai et 19 août 2021 et le 11 mars 2022 au secrétariat du contentieux du Conseil d'Etat, M. D demande au Conseil d'Etat : 1°) d'annuler cet arrêt ; 2°) réglant l'affaire au fond, de faire droit à son appel ; 3°) de mettre à la charge de la chambre de commerce et d'industrie de Grenoble la somme de 3 000 euros au titre de l'article L. 761-1 du code de justice administrative.",plein_contentieux,renvoi,DCE_452733_20220610.xml,DCE,2022-06-10,Décision,Plein contentieux,Renvoi après cassation,8596
"M. C D a demandé au tribunal administratif de Grenoble de condamner la chambre de commerce et d'industrie (CCI) de Grenoble à lui verser la somme de 118 889 euros. Par un jugement n° 16050007 du 22 mars 2019, le tribunal administratif de Grenoble a rejeté sa demande. Par un arrêt n° 19LY01827 du 18 mars 2021, la cour administrative d'appel de Lyon a rejeté l'appel formé par M. D contre ce jugement. Par un pourvoi sommaire, un mémoire complémentaire et un mémoire en réplique, enregistrés les 19 mai et le 19 août 2021 et le 11 mars 2022 au secrétariat du contentieux du Conseil d'Etat, M. D demande au Conseil d'Etat : 1°) d'annuler cet arrêt ; 2°) réglant l'affaire au fond, de faire droit à son appel ; 3°) de mettre à la charge de la chambre de commerce et d'industrie de Grenoble la somme de 3 000 euros au titre de l'article L. 761-1 du code de justice administrative.",autres_recours,renvoi,DCE_452737_20220610.xml,DCE,2022-06-10,Décision,MAGIERA,Renvoi après cassation,7399
"L'association Les riverains et les amis de Béner, M. D B et M. C A ont demandé au tribunal administratif de Nantes, à titre principal, d'annuler l'arrêté du préfet de la Sarthe du 25 octobre 2016 autorisant la société Bénermans, dans le cadre de l'aménagement d'une zone d'activité commerciale située sur le territoire des communes du Mans et d'Yvré l'Evêque, dans le secteur dit de "" Béner "", à rejeter les eaux pluviales collectées sur ce site et, à titre subsidiaire, de subordonner la réalisation des travaux d'aménagement à la mise en service de la réserve d'eau brute par la communauté urbaine Le Mans Métropole. Par un jugement n° 1705912 du 10 janvier 2020, le tribunal administratif a rejeté leur demande. Par un arrêt n° 20NT00988 du 19 mars 2021, la cour administrative d'appel de Nantes a rejeté l'appel qu'ils ont formé contre ce jugement. Par un pourvoi sommaire et un mémoire complémentaire, enregistrés les 19 mai et 30 juillet 2021 au secrétariat du contentieux du Conseil d'Etat, l'association Les riverains et les amis de Béner et autres demandent au Conseil d'Etat : 1°) d'annuler cet arrêt ; 2°) de mettre à la charge de l'Etat et de la société Bénermans la somme de 5 000 euros chacun au titre de l'article L. 761-1 du code de justice administrative.",plein_contentieux,defavorable_requerant,DCE_452760_20220617.xml,DCE,2022-06-17,Décision,Plein contentieux,Rejet PAPC,3905
"M. et Mme C A ont demandé au tribunal administratif de Caen de prononcer la réduction des cotisations d'impôt sur le revenu, de contributions sociales et de contribution exceptionnelle sur les hauts revenus auxquelles ils ont été assujettis au titre de l'année 2014. Par un jugement n° 1801404 du 7 mai 2019, ce tribunal a rejeté leur demande. Par un arrêt n° 19NT02558 du 18 mars 2021, la cour administrative d'appel de Nantes, après avoir prononcé un non-lieu à statuer à hauteur d'un dégrèvement de 720 euros accordé en cours d'instance, a rejeté le surplus des conclusions de l'appel formé par M. et Mme A contre ce jugement. Par un pourvoi sommaire et un mémoire complémentaire, enregistrés les 19 mai et 19 août 2021 au secrétariat du contentieux du Conseil d'Etat, M. et Mme A demandent au Conseil d'Etat : 1°) d'annuler cet arrêt ; 2°) réglant l'affaire au fond, de faire droit à leur appel ; 3°) de mettre à la charge de l'Etat la somme de 6 000 euros au titre de l'article L. 761-1 du code de justice administrative.",plein_contentieux,defavorable_requerant,DCE_452773_20220602.xml,DCE,2022-06-02,Décision,Plein contentieux,Rejet PAPC,3597
"1° Sous le n° 452798, par une requête et un mémoire en réplique, enregistrés les 19 mai 2021 et 26 avril 2022 au secrétariat du contentieux du Conseil d'Etat, le Conseil national des barreaux demande au Conseil d'Etat : 1°) d'annuler pour excès de pouvoir le décret n° 2021-313 du 24 mars 2021 relatif à la mise en place d'un téléservice pour le dépôt des demandes de titres de séjour ; 2°) d'annuler pour excès de pouvoir l'arrêté du ministre de l'intérieur et du ministre des outre-mer en date du 27 avril 2021 pris en application de l'article R. 431-2 du code de l'entrée et du séjour des étrangers et du droit d'asile relatif aux titres de séjour dont la demande s'effectue au moyen d'un téléservice ; 3°) de mettre à la charge de l'Etat la somme de 5 000 euros au titre de l'article L. 761-1 du code de justice administrative. 2° Sous le n° 452806, par une requête et un mémoire en réplique, enregistrés le 20 mai 2021 et le 14 mars 2022, La Cimade, la Ligue des droits de l'homme, le Groupe d'information et de soutien aux immigré.e.s, le Secours Catholique Caritas France, le Syndicat des avocats de France et l'UNEF demandent au Conseil d'Etat : 1°) d'annuler pour excès de pouvoir le décret n° 2021-313 du 24 mars 2021 relatif à la mise en place d'un téléservice pour le dépôt des demandes de titres de séjour ; 2°) d'annuler pour excès de pouvoir l'arrêté du ministre de l'intérieur et du ministre des outre-mer en date du 27 avril 2021 pris en application de l'article R. 431-2 du code de l'entrée et du séjour des étrangers et du droit d'asile relatif aux titres de séjour dont la demande s'effectue au moyen d'un téléservice ; 3°) de mettre à la charge de l'Etat la somme de 5 000 euros au titre de l'article L. 761-1 du code de justice administrative. 3° Sous le n° 454716, par une requête sommaire, un mémoire complémentaire et un mémoire en réplique, enregistrés les 19 juillet et 12 octobre 2021 et le 26 avril 2022, le Conseil national des barreaux demande au Conseil d'Etat : 1°) d'annuler pour excès de pouvoir l'arrêté du 19 mai 2021 modifiant l'arrêté du 27 avril 2021 pris en application de l'article R. 431-2 du code de l'entrée et du séjour des étrangers et du droit d'asile",exces_de_pouvoir,defavorable_requerant,DCE_452798_20220603.xml,DCE,2022-06-03,Décision,Excès de pouvoir,Rejet,22522
"Mme A B a demandé au tribunal administratif de la Guadeloupe de condamner l'établissement public de santé mentale de la Guadeloupe à une astreinte de 1 000 euros par jour à raison du retard dans l'exécution du jugement du tribunal administratif de la Guadeloupe du 21 mai 2019. Par un jugement n° 2000721 du 23 mars 2021, le tribunal administratif de la Guadeloupe a rejeté sa demande. Par un pourvoi sommaire et un mémoire complémentaire, enregistrés les 25 mai et 25 août 2021 au secrétariat du contentieux du Conseil d'Etat, Mme B demande au Conseil d'Etat : 1°) d'annuler ce jugement ; 2°) réglant l'affaire au fond, de faire droit à sa demande ; 3°) de mettre à la charge de l'établissement public de santé mentale de la Guadeloupe la somme de 5 000 euros au titre de l'article L. 761-1 du code de justice administrative.",plein_contentieux,renvoi,DCE_452936_20220617.xml,DCE,2022-06-17,Décision,Plein contentieux,Renvoi après cassation,3554
"M. B A a demandé au tribunal administratif de Toulon d'annuler la décision du préfet du Var du 10 août 2017 rejetant sa demande d'agrément et d'habilitation en matière de sûreté portuaire. Par un jugement n° 1703229 du 11 juillet 2019, le tribunal administratif a annulé cette décision et enjoint au préfet du Var de procéder à un nouvel examen de la demande de M. A dans un délai de deux mois. Par un arrêt n° 19MA04300 du 23 mars 2021, la cour administrative d'appel de Marseille a rejeté l'appel formé par le ministre de l'intérieur contre ce jugement. Par un pourvoi, enregistré le 26 mai 2021 au secrétariat du contentieux du Conseil d'Etat, le ministre de l'intérieur demande au Conseil d'Etat : 1°) d'annuler cet arrêt ; 2°) réglant l'affaire au fond, de faire droit à son appel.",exces_de_pouvoir,renvoi,DCE_452969_20220622.xml,DCE,2022-06-22,Décision,Excès de pouvoir,Renvoi après cassation,6991
"L'association Société pour la protection des paysages et de l'esthétique de la France (SPPEF) a demandé à la cour administrative d'appel de Marseille, d'une part, d'annuler l'arrêté du 29 mai 2020 par lequel le préfet du Var a mis en demeure la société Provencialis de régulariser la situation administrative de ses installations terrestres de production d'électricité à partir de l'énergie mécanique du vent situées sur le territoire des communes d'Artigues et d'Ollières et l'a autorisée à poursuivre l'exploitation de ses installations dans le respect de mesures conservatoires dans l'attente d'une telle régularisation et, d'autre part, d'ordonner la suspension dans un délai de 48 heures des travaux d'édification des éoliennes réalisés sans autorisation environnementale, sous une astreinte de 10 000 euros par jour de retard. Par un arrêt n° 20MA02151 du 31 mars 2021, la cour administrative d'appel de Marseille a rejeté sa requête. Par un pourvoi sommaire et un mémoire complémentaire, enregistrés les 28 mai et 16 août 2021 au secrétariat du contentieux du Conseil d'Etat, l'association Société pour la protection des paysages et de l'esthétique de la France demande au Conseil d'Etat : 1°) d'annuler cet arrêt ; 2°) réglant l'affaire au fond, de faire droit à sa demande ; 3°) de mettre à la charge solidaire de l'Etat et de la société Provencialis la somme de 3 500 euros au titre de l'article L. 761-1 du code de justice administrative.",plein_contentieux,defavorable_requerant,DCE_453033_20220617.xml,DCE,2022-06-17,Décision,Plein contentieux,Rejet PAPC,4619
"Le centre hospitalier universitaire de Bordeaux a demandé au tribunal administratif de Bordeaux de prononcer la décharge des cotisations de taxe foncière sur les propriétés bâties et de taxe d'enlèvement des ordures ménagères mises à sa charge au titre des années 2016 et 2017. Par un jugement nos 1804913, 1805252 du 31 mars 2021, la magistrate désignée par le président du tribunal administratif de Bordeaux a rejeté sa requête. Par un pourvoi sommaire, un mémoire complémentaire et un mémoire en réplique, enregistrés les 31 mai et 30 août 2021 et le 14 mars 2022 au secrétariat du contentieux du Conseil d'Etat, le centre hospitalier universitaire de Bordeaux demande au Conseil d'Etat : 1°) d'annuler ce jugement ; 2°) réglant l'affaire au fond, de faire droit à sa demande ; 3°) de mettre à la charge de l'Etat la somme de 4 500 euros au titre de l'article L. 761-1 du code de justice administrative.",plein_contentieux,renvoi,DCE_453077_20220623.xml,DCE,2022-06-23,Décision,Plein contentieux,Renvoi après cassation,9327
"Par une requête sommaire, un mémoire complémentaire et un mémoire en réplique, enregistrés les 2 juin 2021, 22 septembre 2021 et 29 mars 2022 au secrétariat du contentieux du Conseil d'Etat, les associations France Nature Environnement Midi-Pyrénées, France Nature Environnement Hautes-Pyrénées, Nature en Occitanie, Nature Comminges, France Nature Environnement, Comité écologique ariégeois et Groupe ornithologique du Roussillon demandent au Conseil d'Etat : 1°) d'annuler pour excès de pouvoir la décision du 12 avril 2021 par laquelle la ministre de la transition écologique a refusé de prendre un arrêté suspendant la chasse du grand tétras sur l'ensemble du territoire métropolitain pour une durée de cinq ans ; 2°) d'enjoindre à la ministre de la transition écologique de prendre un arrêté suspendant la chasse du grand tétras sur l'ensemble du territoire métropolitain pour une durée de cinq ans, dans un délai d'un mois, assorti d'une astreinte de 150 euros par jour de retard ; 3°) de mettre à la charge de l'Etat la somme de 3 000 euros au titre de l'article L. 761-1 du code de justice administrative.",exces_de_pouvoir,favorable_requerant,DCE_453232_20220601.xml,DCE,2022-06-01,Décision,Excès de pouvoir,Satisfaction totale,14024
"Par une requête sommaire, un mémoire complémentaire et un mémoire en réplique, enregistrés les 4 juin 2021, 3 septembre 2021 et 25 mars 2022 au secrétariat du contentieux du Conseil d'Etat, la société Outremer Télécom demande au Conseil d'Etat : 1°) d'annuler pour excès de pouvoir la décision n° 2020-1455-RDPI de l'Autorité de régulation des communications électroniques, des postes et de la distribution de la presse (ARCEP) du 9 décembre 2020 portant mise en demeure de la société Free Caraïbe de se conformer à ses obligations relatives aux dispositions de la décision n° 2017-1038 de l'ARCEP du 5 septembre 2017 l'autorisant à exploiter des fréquences en Guadeloupe, Guyane, Martinique ainsi qu'à Saint-Barthélemy et Saint-Martin (sa licence), et la décision implicite de rejet de son recours gracieux tendant à l'abrogation de cette décision ; 2°) d'enjoindre à l'ARCEP d'adopter une nouvelle mise en demeure afin de pallier les différents manquements de la société Free Caraïbe aux obligations de sa licence et comprenant un calendrier de mise en conformité avec des échéances contraignantes dans un délai d'un mois ; 3°) à titre subsidiaire, d'enjoindre à l'ARCEP de procéder à une nouvelle instruction et d'adopter dans un délai deux mois une nouvelle décision en tirant toutes les conséquences ; 4°) de mettre à la charge de l'Etat la somme de 5 000 euros au titre de l'article L. 761-1 du code de justice administrative.",exces_de_pouvoir,defavorable_requerant,DCE_453266_20220621.xml,DCE,2022-06-21,Décision,Excès de pouvoir,Rejet,10203
"M. B A a demandé au juge des référés du tribunal administratif de Melun, sur le fondement des dispositions de l'article L. 521-3 du code de justice administrative, d'enjoindre à la préfète du Val-de-Marne de lui fixer un rendez-vous pour procéder au dépôt de sa demande de titre de séjour, sous astreinte de 150 euros par jour de retard. Par une ordonnance n° 2103595 du 5 mai 2021, le juge des référés du tribunal administratif de Melun a rejeté sa demande et lui a infligé une amende pour recours abusif de 1 000 euros sur le fondement de l'article R. 741-12 du code de justice administrative. Par un pourvoi sommaire et un mémoire complémentaire, enregistrés les 8 et 21 juin 2021 au secrétariat du contentieux du Conseil d'Etat, M. A demande au Conseil d'Etat : 1°) d'annuler cette ordonnance ; 2°) de faire droit à sa demande présentée sur le fondement de l'article L. 521-3 du code de justice administrative ; 3°) de prononcer la décharge de l'amende pour recours abusif prise à son encontre ; 4°) de mettre à la charge de 1'Etat la somme de 3 500 euros à verser à la SCP Lyon-Caen, Thiriez, son avocat, au titre des articles 37 de la loi du 10 juillet 1991 et L. 761-1 du code de justice administrative.",exces_de_pouvoir,partiellement_favorable,DCE_453391_20220609.xml,DCE,2022-06-09,Décision,Excès de pouvoir,Satisfaction partielle,6925
"La société des entrepreneurs de transport en commun de La Réunion, SETCOR, a demandé au tribunal administratif de La Réunion d'annuler la décision du 23 janvier 2017 par laquelle le ministre de l'action et des comptes publics a refusé de lui accorder l'agrément prévu à l'article 244 quater W du code général des impôts pour un programme d'investissement. Par un jugement n° 1700332 du 24 juin 2019, le tribunal administratif de La Réunion a rejeté sa demande. Par un arrêt n° 19BX02871 du 6 avril 2021, la cour administrative d'appel de Bordeaux a rejeté l'appel formé par la société SETCOR contre ce jugement. Par un pourvoi sommaire, un mémoire complémentaire et un mémoire en réplique, enregistrés les 8 juin, 3 septembre et 26 novembre 2021 au secrétariat du contentieux du Conseil d'Etat, la société SETCOR demande au Conseil d'Etat : 1°) d'annuler cet arrêt ; 2°) de mettre à la charge de l'Etat la somme de 5 000 euros au titre de l'article L. 761-1 du code de justice administrative.",exces_de_pouvoir,defavorable_requerant,DCE_453418_20220617.xml,DCE,2022-06-17,Décision,Excès de pouvoir,Rejet PAPC,4658
"1° Sous le n° 453475, par une protestation et un mémoire en réplique, enregistrés les 9 juin et 18 octobre 2021 au secrétariat du contentieux du Conseil d'Etat, M. K Y, candidat ayant conduit la liste "" ASFE - alliance solidaire des Français de l'étranger - liste indépendante pour la création d'une maison France de Montréal - emmenée par Alaric Y "", demande au Conseil d'Etat d'annuler les opérations électorales qui se sont déroulées entre les 21 et 26 mai et le 29 mai 2021 en vue de l'élection des conseillers des Français de l'étranger dans la 4ème circonscription du Canada (Montréal, Moncton et Halifax). 2° Sous le n° 453507, par une protestation et un mémoire en réplique, enregistrés les 10 juin et13 septembre 2021 au secrétariat du contentieux du Conseil d'Etat, M. R X et M. M AH, candidats sur la liste "" En marche pour les Françaises et les Français de l'Est du Canada "", demandent au Conseil d'Etat d'annuler les mêmes opérations électorales et de mettre à la charge de M. F la somme de 4 000 euros au titre de l'article L. 761-1 du code de justice administrative. Vu les autres pièces des dossiers ; Vu le code de justice administrative ; Après avoir entendu en séance publique : - le rapport de M. Laurent-Xavier Simonel, conseiller d'Etat en service extraordinaire, - les conclusions de M. Laurent Cytermann, rapporteur public ; Vu la note en délibéré, enregistrée le 13 mai 2022, présentée par M. I J.",exces_de_pouvoir,favorable_requerant,DCE_453475_20220624.xml,DCE,2022-06-24,Décision,Excès de pouvoir,Satisfaction totale,10201
"M. B A a demandé au tribunal administratif de Montreuil de prononcer la décharge des contributions et prélèvements sociaux auxquels il a été assujetti au titre de l'année 2015 à raison de la quote-part taxable entre ses mains de la plus-value de cession d'un bien immobilier par la société civile immobilière du Domaine de Sainte Claire dont il est associé. Par une ordonnance du 12 mai 2016, le président de ce tribunal a transmis la demande de M. A au tribunal administratif d'Amiens. Par un jugement n° 1601382 du 23 octobre 2018, ce tribunal a rejeté la demande de M. A. Par un arrêt n° 18DA02399 du 11 février 2021, la cour administrative d'appel de Douai a rejeté l'appel formé par M. A contre ce jugement. Par un pourvoi sommaire et un mémoire complémentaire, enregistrés les 11 juin et 13 septembre 2021 au secrétariat du contentieux du Conseil d'Etat, M. A demande au Conseil d'Etat : 1°) d'annuler cet arrêt ; 2°) réglant l'affaire au fond, de faire droit à son appel ; 3°) de mettre à la charge de l'Etat la somme de 5 000 euros au titre de l'article L. 761-1 du code de justice administrative.",plein_contentieux,defavorable_requerant,DCE_453521_20220603.xml,DCE,2022-06-03,Décision,Plein contentieux,Rejet PAPC,4629
"Par une requête sommaire, un mémoire complémentaire et deux autres mémoires, enregistrés les 11 juin et 13 septembre 2021 et les 4 avril et 24 mai 2022 au secrétariat du contentieux du Conseil d'Etat, la société Outremer Télécom demande au Conseil d'Etat : 1°) d'annuler pour excès de pouvoir la décision, rendue publique par un communiqué de presse publié le 13 avril 2021, par laquelle l'Autorité de régulation des communications électroniques, des postes et de la distribution de la presse (ARCEP) a renoncé à demander une modification de l'accord de mutualisation de réseaux mobiles conclu entre les sociétés Digicel French Caribbean et Free Caraïbe le 3 février 2020, tel que modifié par avenant du 16 décembre 2020 ; 2°) d'enjoindre à l'ARCEP d'adopter une décision visant à la modification de cet accord afin d'assurer le respect des objectifs de la régulation et des obligations souscrites par les parties dans le cadre de leurs autorisations de fréquences, dans un délai maximum de trois mois à compter de la décision à intervenir ; 3°) à titre subsidiaire, d'enjoindre à l'ARCEP de procéder à un nouvel examen des conséquences de cet accord et d'adopter une décision tirant toutes les conséquences de la décision à intervenir dans un délai maximum de trois mois ; 4°) à titre infiniment subsidiaire, de saisir l'Autorité de la concurrence d'une demande d'avis au titre de l'article L. 462-3 du code de commerce ; 5°) de mettre à la charge de l'Etat la somme de 15 000 euros au titre de l'article L. 761-1 du code de justice administrative.",exces_de_pouvoir,defavorable_requerant,DCE_453528_20220621.xml,DCE,2022-06-21,Décision,Excès de pouvoir,Rejet,20022
"M. B D a porté plainte contre M. C A devant la chambre disciplinaire de première instance d'Occitanie de l'ordre des médecins. Par une décision du 18 mars 2021, la chambre disciplinaire de première instance a infligé à M. A la sanction de l'interdiction d'exercer la médecine pendant une durée de trois mois dont deux mois assortis du sursis. Par une ordonnance du 20 mai 2021, la présidente de la chambre disciplinaire nationale de l'ordre des médecins a rejeté l'appel formé par M. A contre cette décision. Par un pourvoi sommaire, un mémoire complémentaire et un mémoire en réplique, enregistrés les 11 juin, 13 juillet et 25 octobre 2021 au secrétariat du contentieux du Conseil d'Etat, M. A demande au Conseil d'Etat : 1°) d'annuler cette ordonnance ; 2°) de mettre à la charge de M. D la somme de 3 500 euros au titre de l'article L. 761-1 du code de justice administrative.",plein_contentieux,defavorable_requerant,DCE_453538_20220615.xml,DCE,2022-06-15,Décision,Plein contentieux,Rejet,5083
"M. B A a demandé au tribunal administratif de Strasbourg, d'une part, d'annuler la décision du 4 juillet 2018 par laquelle le maire de Metz a refusé de lui accorder le bénéfice de l'indemnité d'exercice de missions des préfectures, d'autre part, de condamner la commune de Metz, dans un délai d'un mois à compter du jugement à intervenir et sous astreinte de cent euros par jour de retard, à lui verser une somme correspondant au montant total de l'indemnité d'exercice de missions des préfectures, auquel il prétend avoir droit depuis son recrutement en fonction des différents grades obtenus et sur la base d'un coefficient individuel égal à 1,5, et à procéder à la liquidation de ses droits. Par un jugement n° 1894944 du 3 mars 2020, le tribunal administratif de Strasbourg a annulé la décision du 4 juillet 2018 et a enjoint au maire de Metz, d'une part, dans un délai de deux mois à compter de la notification de son jugement, de réexaminer la situation de M. A pour la période allant du 1er janvier 2014 au 1er janvier 2017 et de fixer le coefficient individuel de son régime indemnitaire en application de la délibération du 29 avril 2004, d'autre part, dans un délai supplémentaire d'un mois, de lui verser une somme correspondant au montant de l'indemnité d'exercice de missions des préfectures auquel il a droit pour la période considérée, augmentée des intérêts au taux légal à compter de la date de réception de sa demande préalable. Par un arrêt n° 20NC02255 du 13 avril 2021, la cour administrative d'appel de Nancy a rejeté l'appel formé par la commune de Metz contre ce jugement. Par un pourvoi sommaire et un mémoire complémentaire, enregistrés les 14 juin et 10 septembre 2021 au secrétariat du contentieux du Conseil d'Etat, la commune de Metz demande au Conseil d'Etat : 1°) d'annuler cet arrêt ; 2°) réglant l'affaire au fond, de faire droit à son appel ; 3°) de mettre à la charge de de M. A, la somme de 4 000 euros au titre de l'article L. 761-1 du code de justice administrative.",exces_de_pouvoir,defavorable_requerant,DCE_453576_20220616.xml,DCE,2022-06-16,Décision,Excès de pouvoir,Rejet PAPC,4041
"Par une requête sommaire, un mémoire complémentaire et un mémoire en réplique, enregistrés les 14 juin et 14 septembre 2021 et le 7 février 2022 au secrétariat du contentieux du Conseil d'Etat, M. A B demande au Conseil d'Etat : 1°) d'annuler pour excès de pouvoir la décision du 24 mars 2021 par laquelle le Conseil national de l'ordre des chirurgiens-dentistes, statuant en formation restreinte, l'a suspendu du droit d'exercer l'art dentaire pour une durée de six mois et a subordonné la reprise de son activité aux résultats d'une nouvelle expertise ; 2°) de mettre à la charge du Conseil national de l'ordre des chirurgiens-dentistes la somme de 3 500 euros au titre de l'article L. 761-1 du code de justice administrative.",exces_de_pouvoir,partiellement_favorable,DCE_453611_20220615.xml,DCE,2022-06-15,Décision,Excès de pouvoir,Satisfaction partielle,6762
"Mme A B a formé devant le tribunal administratif de Montpellier opposition à la contrainte, signifiée le 30 juillet 2020, émise par Pôle emploi le 22 juillet 2020 en recouvrement d'une somme de 5 915,65 euros correspondant à un indu d'allocation de solidarité spécifique au titre de la période du 9 février 2018 au 31 juillet 2019. Par une ordonnance n° 2003694 du 2 décembre 2020, la présidente de la 6ème chambre du tribunal administratif de Montpellier, statuant sur le fondement des dispositions de l'article R. 222-1 du code de justice administrative, a rejeté cette demande comme manifestement irrecevable. Par un pourvoi sommaire et un mémoire complémentaire, enregistrés les 18 juin et 20 septembre 2021 au secrétariat du contentieux du Conseil d'Etat, Mme B demande au Conseil d'Etat : 1°) d'annuler ce jugement ; 2°) de mettre à la charge de Pôle emploi la somme de 3 500 euros au titre de l'article L. 761-1 du code de justice administrative.",exces_de_pouvoir,renvoi,DCE_453757_20220624.xml,DCE,2022-06-24,Décision,Excès de pouvoir,Renvoi après cassation,6137
"M. B A a demandé au tribunal administratif de Bastia de condamner le centre hospitalier d'Ajaccio à lui verser la somme de 15 000 euros en réparation des préjudices qu'il estime avoir subis du fait de la rupture de la convention passée avec cet établissement le 28 décembre 2009, ainsi que les sommes de 14 065,16 euros et 8 995,24 euros correspondant aux sommes indument prélevées sur les honoraires qu'il a perçus, respectivement, entre les mois de janvier et septembre 2017 et octobre et novembre 2017 ou, à titre subsidiaire, la somme de 24 351,91 euros correspondant à la différence entre la redevance qu'il a payée au titre des années 2012 à 2016 et celle qui aurait dû être prélevée, la somme de 18 165 euros correspondant à cette même différence pour les mois de janvier à septembre 2017, et la somme de 9 577,94 euros correspondant aux sommes devant lui être reversées pour les mois d'octobre et novembre 2017. M. A a également demandé au tribunal administratif de Bastia d'annuler le titre de recettes émis le 16 avril 2018 par le directeur du centre hospitalier d'Ajaccio mettant à sa charge le paiement d'une somme de 75 786 euros au titre de la redevance d'exercice d'une activité libérale pour les années 2013 à 2016 et de condamner le centre hospitalier d'Ajaccio à lui verser la somme globale de 30 000 euros en réparation des préjudices qu'il estime avoir subis du fait de la cessation de son activité libérale et de la rupture de son contrat de praticien attaché, les sommes de 14 065,16 euros et 8 995,24 euros correspondant aux sommes indument prélevées sur les honoraires qu'il a perçus, respectivement, entre les mois de janvier et septembre 2017 et octobre et novembre 2017 ou, à titre subsidiaire, la somme de 24 351,91 euros correspondant à la différence entre la redevance qu'il a payée au titre des années 2012 à 2016 et celle qui aurait dû être prélevée, la somme de 18 165 euros correspondant à cette même différence pour les mois de janvier à septembre 2017 et la somme de 9 577,94 euros correspondant aux sommes devant lui être reversées pour les mois d'octobre et novembre 2017. Par un jugement n°s 1800223, 1800635 du 17 octobre 2019, le tribunal administratif de",plein_contentieux,defavorable_requerant,DCE_453769_20220613.xml,DCE,2022-06-13,Décision,Plein contentieux,Rejet,13403
"M. A B a demandé au tribunal administratif de Bastia de condamner le centre hospitalier d'Ajaccio à lui verser la somme de 15 000 euros en réparation des préjudices qu'il estime avoir subis du fait de la rupture de la convention passée avec cet établissement le 23 mai 2013 pour l'utilisation, en activité libérale, du bloc opératoire d'ophtalmologie de l'établissement et, subsidiairement, une somme de 8 963,625 euros en remboursement du montant cumulé des redevances prélevées à tort au titre de la période de 2012 à 2016. M. B a également demandé au tribunal administratif de Bastia d'annuler le titre exécutoire émis le 16 avril 2018 par le directeur du centre hospitalier d'Ajaccio pour un montant de 9 224,40 euros. Par un jugement n°s 1800187, 1800571 du 17 octobre 2019, le tribunal administratif de Bastia a annulé le titre exécutoire émis le 16 avril 2018 par le directeur du centre hospitalier d'Ajaccio, a déchargé M. B de l'obligation de payer la somme procédant de ce titre de recettes et a rejeté le surplus des conclusions de ces demandes. Par un arrêt n° 19MA05527 du 15 avril 2021, la cour administrative d'appel de Marseille a rejeté l'appel formé par le centre hospitalier d'Ajaccio ainsi que l'appel incident formé par M. B contre ce jugement. Par un pourvoi sommaire et un mémoire complémentaire, enregistrés au secrétariat du contentieux du Conseil d'État les 21 juin et 8 septembre 2021, le centre hospitalier d'Ajaccio demande au Conseil d'Etat : 1°) d'annuler cet arrêt en tant qu'il rejette son appel ; 2°) réglant l'affaire au fond dans cette mesure, de faire droit à son appel ; 3°) de mettre à la charge de M. B la somme de 4 500 euros au titre de l'article L. 761-1 du code de justice administrative.",plein_contentieux,defavorable_requerant,DCE_453770_20220613.xml,DCE,2022-06-13,Décision,Plein contentieux,Rejet,11080
"Par une requête, enregistrée le 21 juin 2021 au secrétariat du contentieux du Conseil d'Etat, l'association "" Pornostop "" demande au Conseil d'Etat : 1°) d'annuler pour excès de pouvoir la décision implicite par laquelle le secrétaire d'Etat en charge de l'enfance et des familles a refusé de faire droit à sa demande tendant à la suppression du renvoi par la plateforme www.jeprotegemonenfant.gouv.fr à plusieurs sites Internet ; 2°) d'enjoindre à l'Etat de prendre toutes les mesures nécessaires pour faire cesser les atteintes dont elle se prévaut.",exces_de_pouvoir,autre_issue,DCE_453794_20220603.xml,DCE,2022-06-03,Décision,Excès de pouvoir,Attribution,3539
"Par une première requête, la ville de Lyon a demandé au tribunal administratif de Lyon de condamner solidairement ou in solidum les sociétés Baur E, Fontbonne et Fils et C à lui verser la somme de 167 976 euros TTC au titre des travaux qu'elle a pris à sa charge pour la dépollution de l'atelier des décors de l'Opéra national de Lyon, ainsi que la somme de 232 003,44 euros TTC correspondant à la valeur du stock d'accessoires du théâtre des Célestins qui s'y trouvait et de condamner les mêmes à lui verser, en sa qualité de subrogée d'autres victimes du sinistre, la somme de 293 418 euros. Par une seconde requête, elle a demandé de condamner les mêmes et dans les mêmes conditions à la relever et garantir des condamnations qui pourraient être mises à sa charge au titre des préjudices subis par l'opéra national de Lyon. La société Axa France Iard, subrogée en cours d'instance dans les droits de la ville de Lyon et de l'opéra national de Lyon, à hauteur des sommes de 3 176 024 euros et 1 750 000 euros qu'elle leur a versées, a demandé la condamnation des mêmes et dans les mêmes conditions, à lui rembourser ces sommes, avec les intérêts légaux et leur capitalisation. Par un jugement n°s 1409432, 1501531 du 20 décembre 2018, le tribunal administratif de Lyon a, après les avoir jointes, rejeté les demandes et mis les frais d'expertise judiciaire à la charge de la ville de Lyon. Par un arrêt n° 19LY00818 du 29 avril 2021, la cour administrative d'appel de Lyon a rejeté l'appel formé par la société Axa France Iard et rejeté le surplus des conclusions des parties. Par un pourvoi sommaire, un mémoire complémentaire et un mémoire en réplique, enregistrés les 28 juin et 3 septembre 2021 et le 24 février 2022 au secrétariat du contentieux du Conseil d'Etat, la société Axa France Iard demande au Conseil d'Etat : 1°) d'annuler cet arrêt ; 2°) réglant l'affaire au fond, de faire droit à son appel ; 3°) de mettre à la charge des sociétés Baur E et C la somme de 4 000 euros au titre de l'article L. 761-1 du code de justice administrative.",plein_contentieux,defavorable_requerant,DCE_453977_20220610.xml,DCE,2022-06-10,Décision,Plein contentieux,Rejet,8705
"La société anonyme (SA) Manitou BF a demandé au tribunal administratif de Nantes de de prononcer la restitution d'une fraction de la cotisation primitive d'impôt sur les sociétés à laquelle elle a été assujettie au titre de l'exercice clos en 2011, correspondant à la réintégration dans son résultat fiscal d'une quote-part pour frais et charges des produits de participation perçus de ses filiales établies dans des Etats membres de l'Union européenne autres que la France. Par une ordonnance n° 1510650 du 26 septembre 2017, le président du tribunal administratif de Nantes a transmis, sur le fondement de l'article R. 351-3 du code de justice administrative, la demande de la société Manitou BF au tribunal administratif de Montreuil, qui l'a rejetée par un jugement n° 1708681 du 16 juillet 2018. Par un arrêt n° 18VE02710 du 27 mai 2021, la cour administrative d'appel de Versailles a annulé ce jugement et fait droit à la demande de la société Manitou BF. Par un pourvoi et un mémoire en réplique, enregistrés les 30 juin 2021 et 31 mars 2022 au secrétariat du contentieux du Conseil d'Etat, le ministre de l'économie, des finances et de la relance demande au Conseil d'Etat d'annuler cet arrêt.",plein_contentieux,autre_issue,DCE_454107_20220614.xml,DCE,2022-06-14,Décision,Plein contentieux,Question préjudicielle CJUE,11478
"La société Enedis a demandé au tribunal administratif de Versailles d'annuler la décision implicite de rejet née du silence gardé par le maire de Yerres sur sa demande tendant à l'abrogation de la délibération du 11 avril 2016 par laquelle le conseil municipal de Yerres a décidé de s'opposer au déploiement des compteurs électriques "" Linky "" sur le territoire de la commune. Par un jugement n° 1707444 du 26 septembre 2019, ce tribunal a fait droit à cette demande et enjoint au maire de Yerres d'inscrire à l'ordre du jour du conseil municipal l'abrogation de la délibération du 11 avril 2016 dans un délai de trois mois à compter de la notification du jugement. Par un arrêt n° 19VE03973 du 4 juin 2021, la cour administrative d'appel de Versailles a rejeté l'appel formé par la commune de Yerres contre ce jugement. Par un pourvoi sommaire et un mémoire complémentaire, enregistrés le 2 juillet 2021 et le 1er octobre 2021 au secrétariat du contentieux du Conseil d'Etat, la commune de Yerres demande au Conseil d'Etat : 1°) d'annuler cet arrêt ; 2°) réglant l'affaire au fond, de faire droit à son appel ; 3°) de mettre à la charge de la société Enedis la somme de 5 000 euros au titre de l'article L. 761-1 du code de justice administrative.",exces_de_pouvoir,defavorable_requerant,DCE_454152_20220616.xml,DCE,2022-06-16,Décision,Excès de pouvoir,Rejet PAPC,3312
"Procédure contentieuse antérieure Sous le n° 1500940, le département de la Seine-Maritime a demandé au tribunal administratif de Rouen, à titre principal, d'une part, d'annuler les marchés n°s 99-673, 99-677, 99-678, 99-682, 99-685, 99-687, 99 689, 99-690, 99-692 et 99-694 conclus avec le groupement composé de la société Lacroix Signalisation et de la société Normandie Signalisation et, d'autre part, de condamner la société Lacroix Signalisation à lui restituer la somme de 2 630 016,11 euros et à lui verser celle de 407 070,14 euros au titre de l'indisponibilité de la somme précédente ou, à titre subsidiaire, de la condamner à lui verser la somme de 1 932 479,48 euros au titre du surcoût des marchés qu'a entraîné le comportement dolosif de cette société, la condamnation étant assortie dans tous les cas des intérêts au taux légal à compter de la date d'enregistrement de la demande et de leur capitalisation. Par un jugement n° 1500940 du 31 janvier 2017, le tribunal administratif de Rouen a fait droit aux conclusions principales du département, à l'exception de la somme demandée au titre de l'indisponibilité de la somme correspondant à la restitution des marchés. Sous le n° 1500943, le département de la Seine-Maritime a demandé au tribunal administratif de Rouen, à titre principal, d'une part, d'annuler le marché n° 2006-311 conclu avec la société Lacroix Signalisation, et, d'autre part, de condamner cette dernière à lui restituer la somme de 1 741 563,49 euros et à lui verser celle de 136 251,10 euros au titre de l'indisponibilité de la somme précédente ou, à titre subsidiaire, à lui verser la somme de 954 785,94 euros au titre du surcoût des marchés qu'a entraîné le comportement dolosif de cette société, la condamnation étant assortie dans tous les cas des intérêts au taux légal à compter de la date d'enregistrement de la demande et de leur capitalisation. Par un jugement n° 1500943 du 31 janvier 2017, le tribunal administratif de Rouen a fait droit aux conclusions principales du département, à l'exception de la somme demandée au titre de l'indisponibilité de la somme correspondant à la restitution des marchés. Sous le n° 1500944, le département de la",plein_contentieux,autre_issue,DCE_454189_20220617.xml,DCE,2022-06-17,Décision,Plein contentieux,Avant dire-droit,24839
"Par une requête, enregistrée le 6 juillet 2021, au secrétariat du contentieux du Conseil d'Etat, la société Oui Energy demande au Conseil d'Etat : 1°) d'annuler pour excès de pouvoir la délibération n° 2021-125 de la Commission de régulation de l'énergie (CRE) du 6 mai 2021 portant décision sur la méthode de répartition des volumes d'accès régulé à l'électricité nucléaire historique (ARENH) en cas de dépassement du plafond prévu par la loi et la décision de la CRE du 26 mai 2021 l'informant qu'aucun volume d'ARENH et de garanties de capacité ne lui serait livré sur la période de livraison commençant en juillet 2021 en application de cette délibération ; 2°) d'enjoindre à la CRE de prendre une nouvelle décision lui accordant les volumes maximaux d'accès régulé à l'électricité nucléaire qu'elle a sollicités dans sa demande au titre du guichet de mai 2021 pour la période de livraison du 1er juillet 2021 au 30 juin 2022, dans un délai de dix jours à compter de la notification de la décision à intervenir sous astreinte de 1 000 euros par jour de retard ; 3°) de mettre à la charge de l'Etat la somme de 3 000 euros au titre de l'article L. 761-1 du code de justice administrative.",exces_de_pouvoir,defavorable_requerant,DCE_454294_20220609.xml,DCE,2022-06-09,Décision,Excès de pouvoir,Rejet,10464
"L'Office public de l'habitat (OPH) Rochefort Habitat Océan a demandé au tribunal administratif de DijonPoitiers de prononcer la réduction de la cotisation de taxe foncière sur les propriétés bâties à laquelle il a été assujetti au titre de l'année 2018 dans les rôles de la commune de Rochefort-sur-Mer (Charente-Maritime) à raison de logements dont il est propriétaire. Par un jugement n° 2000870 du 12 mai 2021, ce tribunal a rejeté sa demande. Par un pourvoi sommaire, un mémoire complémentaire et un mémoire en réplique, enregistrés les 12 juillet 2021, 12 octobre 2021 et 30 mai 2022 au secrétariat du contentieux du Conseil d'Etat, l'Office public de l'habitat Rochefort Habitat Océan demande au Conseil d'Etat : 1°) d'annuler ce jugement ; 2°) réglant l'affaire au fond, de faire droit à sa demande ; 3°) de mettre à la charge de l'Etat la somme de 5 000 euros au titre de l'article L. 761-1 du code de justice administrative.",plein_contentieux,defavorable_requerant,DCE_454465_20220614.xml,DCE,2022-06-14,Décision,Plein contentieux,Rejet,6886
"Par deux requêtes, M. C A a demandé au tribunal administratif de la Polynésie française, d'une part, d'annuler la décision de rejet implicite par l'administrateur général des finances publiques en Polynésie française de sa demande d'abrogation de l'arrêté n° 1-2019 PPF du 1er septembre 2019 portant désignation de mandataires et délégation de signatures à la paierie de la Polynésie française et, d'autre part, d'annuler la décision de rejet implicite par le payeur de la Polynésie française de sa demande d'abrogation du même arrêté et de retrait de la déclaration de créance prononcée le 20 novembre 2019 à son encontre. Par un jugement nos 2000107 et 2000108 du 10 novembre 2020, le tribunal administratif de la Polynésie française s'est déclaré incompétent pour connaître des conclusions dirigées contre le refus de retirer la déclaration de créance du 20 novembre 2019 et a rejeté le surplus des conclusions. Par un arrêt n° 20PA03433 du 29 avril 2021, la cour administrative d'appel de Paris a rejeté l'appel formé par M. A contre ce jugement en tant qu'il a rejeté ses conclusions tendant à l'annulation du rejet implicite par l'administrateur général des finances publiques en Polynésie française de la demande d'abrogation de l'arrêté n° 1-2019 PPF du 1er septembre 2019. Par un pourvoi sommaire et un mémoire complémentaire, enregistrés les 15 juillet et 15 octobre 2021 au secrétariat du contentieux du Conseil d'Etat, M. A demande au Conseil d'Etat : 1°) d'annuler cet arrêt ; 2°) réglant l'affaire au fond, de faire droit à son appel ; 3°) de mettre à la charge de l'Etat la somme de 4 000 euros au titre de l'article L. 761-1 du code de justice administrative.",exces_de_pouvoir,defavorable_requerant,DCE_454635_20220617.xml,DCE,2022-06-17,Décision,Excès de pouvoir,Rejet PAPC,4291
"M. B C a demandé au tribunal administratif de Toulon d'annuler la décision implicite de rejet née du silence gardé par le ministre de la défense suite à son recours préalable devant la commission des recours des militaires du 26 février 2015 et de condamner l'Etat à lui verser les sommes de 148 956 euros et de 50 000 euros au titre de ses préjudices financier et moral. Par un jugement n° 1502893 du 22 octobre 2018, le tribunal administratif de Toulon a condamné l'Etat à lui verser la somme de 158 956 euros assorties des intérêts au taux légal à compter de sa demande d'indemnisation préalable du 1er décembre 2014. Par un arrêt n° 18MA05442 du 11 juin 2021, la cour administrative de Marseille, sur un appel de la ministre des armées, a ramené la somme que la ministre des armées a été condamnée à verser à M. C à 67 314,17 euros, assortie des intérêts au taux légal à compter de sa demande d'indemnisation préalable. Par un pourvoi sommaire et un mémoire complémentaire enregistrés le 16 juillet et le 15 octobre 2021 au secrétariat du contentieux du Conseil d'Etat, M. C demande au Conseil d'Etat : 1°) d'annuler cet arrêt ; 2°) de mettre à la charge de l'Etat la somme de 3 000 euros au titre de l'article L. 761-1 du code de justice administrative.",exces_de_pouvoir,partiellement_favorable,DCE_454655_20220610.xml,DCE,2022-06-10,Décision,Excès de pouvoir,Satisfaction partielle,9035
"Mme Y AC, Mme Z D, M. AA A, M. H K, M. U G, Mme AB V, Mme J I, Mme Z AF, M. S K, Mme N O, M. Ste´phane Vercruysse, M. Guillaume Carbone, Mme Leila Ouerghi, M. Gilles Renaud, M. Michel Garcia, M. Jean-Franc¸ois Bazil, M. Hermas Alemdjrodo, M. Franc¸ois Raizon, M. Marc Lemarotel et Mme Hele`ne Desset ont demandé au tribunal administratif de Besançon d'annuler la décision du 5 août 2020 par laquelle la directrice régionale des entreprises, de la concurrence, de la consommation, du travail et de l'emploi de la région Bourgogne-Franche Comte´ a homologue´ le plan de sauvegarde de l'emploi de la société L'Amy. Par un jugement n° 2001517 du 22 décembre 2020, le tribunal administratif a fait droit à leur demande. Par un arrêt n° 21NC00477, la cour administrative d'appel de Nancy a, sur appel de la société L'Amy, annulé ce jugement et rejeté la demande de Mme Deschamps et autres. Par un pourvoi sommaire et un mémoire complémentaire, enregistrés les 19 juillet et 19 octobre 2021 au secrétariat du contentieux du Conseil d'Etat, Mme Deschamps, M. Bazil, M. Carbonne, M. Roger Gaiffe, M. Thomas Gaiffe, M. Garcia, Mme Godino, Mme Caruso, Mme Vercruysse, M. Raizon et Mme Rémy demandent au Conseil d'Etat : 1°) d'annuler cet arrêt ; 2°) réglant l'affaire au fond, de faire droit à leurs conclusions d'appel ; 3°) de mettre respectivement à la charge de l'Etat et de la société L'Amy la somme de 5 000 euros au titre de l'article L. 761-1 du code de justice administrative.",exces_de_pouvoir,defavorable_requerant,DCE_454702_20220629.xml,DCE,2022-06-29,Décision,Excès de pouvoir,Rejet PAPC,4432
"La société Alain Debuschère et associés a demandé au tribunal administratif de Poitiers d'annuler les titres exécutoires émis les 31 mai, 21 juin et 30 décembre 2016 par la commune de Neuville-de-Poitou pour le recouvrement des sommes de 87 260 euros, 18 658,05 euros et 18 658,05 euros correspondant à la participation pour le financement de l'assainissement collectif, et de la décharger de l'obligation de payer ces sommes. Par un jugement n° 1700276, 1701348 du 7 février 2019, le tribunal administratif de Poitiers a rejeté ces demandes. Par un arrêt n° 19BX01378, 19BX01379 du 25 mai 2021, la cour administrative d'appel de Bordeaux a rejeté les appels formés par la société Alain Debuschère et associés contre ce jugement. Par un pourvoi sommaire et un mémoire complémentaire, enregistrés le 19 juillet 2021 et le 14 octobre 2021 au secrétariat du contentieux du Conseil d'Etat, la société Alain Debuschère et associés demande au Conseil d'Etat : 1°) d'annuler cet arrêt ; 2°) réglant l'affaire au fond, de faire droit à ses conclusions d'appel ; 3°) de mettre à la charge de la commune de Neuville-de-Poitou la somme de 4 500 euros au titre de l'article L. 761-1 du code de justice administrative.",exces_de_pouvoir,defavorable_requerant,DCE_454708_20220616.xml,DCE,2022-06-16,Décision,Excès de pouvoir,Rejet PAPC,3981
"M. et Mme B A ont demandé au tribunal administratif d'Amiens de prononcer la décharge des cotisations supplémentaires d'impôt sur le revenu et de contributions sociales auxquelles ils ont été assujettis au titre des années 2011 et 2012 ainsi que des pénalités correspondantes. Par un jugement nos 1602463, 1603035 du 14 mars 2019, ce tribunal a rejeté leur demande. Par un arrêt n° 19DA00803 du 20 mai 2021, la cour administrative d'appel de Douai, après avoir constaté qu'il n'y avait plus lieu de statuer à concurrence d'un dégrèvement intervenu en cours d'instance, a rejeté le surplus de l'appel formé par M. et Mme A contre ce jugement. Par un pourvoi sommaire et un mémoire complémentaire, enregistrés les 20 juillet et 20 octobre 2021 au secrétariat du contentieux du Conseil d'Etat, M. et Mme A demandent au Conseil d'Etat : 1°) d'annuler l'article 2 de cet arrêt ; 2°) réglant l'affaire au fond dans cette mesure, de faire droit à leur appel ; 3°) de mettre à la charge de l'Etat la somme de 3 000 euros au titre de l'article L. 761-1 du code de justice administrative.",plein_contentieux,defavorable_requerant,DCE_454776_20220603.xml,DCE,2022-06-03,Décision,Plein contentieux,Rejet PAPC,3691
"La Ligue française pour la défense des droits de l'Homme et du citoyen (Ligue des droits de l'Homme) a demandé au juge des référés du tribunal administratif de Lille de suspendre l'exécution de la délibération du 13 avril 2021 par laquelle le conseil d'administration du centre communal d'action sociale de la commune de Caudry a décidé d'autoriser son président à suspendre l'accès aux aides sociales facultatives telles que prévues dans le règlement de l'aide sociale facultative adopté le 22 juin 2020 aux personnes décrites dans la délibération ainsi qu'à la famille directe de ces dernières lorsque ces personnes sont mineures. Par une ordonnance n° 2105036 du 5 juillet 2021, le juge des référés du tribunal administratif de Lille a rejeté sa demande. Par un pourvoi sommaire et un mémoire complémentaire, enregistrés les 20 juillet et 4 août 2021 au secrétariat du contentieux du Conseil d'Etat, la Ligue des droits de l'Homme demande au Conseil d'Etat : 1°) d'annuler cette ordonnance ; 2°) statuant en référé, de faire droit à sa demande ; 3°) de mettre à la charge du centre communal d'action sociale de la commune de Caudry la somme de 4 000 euros au titre de l'article L. 761-1 du code de justice administrative.",exces_de_pouvoir,favorable_requerant,DCE_454799_20220624.xml,DCE,2022-06-24,Décision,Excès de pouvoir,Satisfaction totale,9425
"L'Union des entreprises de sécurité privée (UESP) a demandé au tribunal administratif de Versailles d'annuler pour excès de pouvoir la décision du 7 septembre 2018 par laquelle la commission locale d'agrément et de contrôle Ile-de-France Ouest a délivré à la société NCR France l'autorisation d'exercer une activité de transport de fonds, ainsi que les décisions rejetant son recours administratif contre cette décision. Par un jugement n° 1904266 du 12 avril 2021, le tribunal administratif a annulé ces décisions. Par une ordonnance n° 21VE01448 du 8 juillet 2021, la cour administrative d'appel de Versailles a rejeté la requête de la société NCR France tendant à ce qu'il soit sursis à l'exécution de ce jugement. Par un pourvoi sommaire et un mémoire complémentaire, enregistrés les 21 juillet et 4 août 2021 au secrétariat du contentieux du Conseil d'Etat, la société NCR France demande au Conseil d'Etat : 1°) d'annuler cette ordonnance ; 2°) de mettre à la charge de l'Union des entreprises de sécurité privée la somme de 3 000 euros au titre de l'article L. 761-1 du code de justice administrative.",plein_contentieux,defavorable_requerant,DCE_454823_20220610.xml,DCE,2022-06-10,Décision,Plein contentieux,Rejet PAPC,3392
"Par une décision du 22 novembre 2021, le Conseil d'Etat, statuant au contentieux a prononcé l'admission des conclusions du pourvoi de la région Hauts-de-France dirigées contre l'ordonnance du 6 juillet 2021 du juge des référés du tribunal administratif de Lille en tant que cette ordonnance a prononcé une injonction. Par un mémoire en défense, enregistré le 19 avril 2022, l'association Averroès conclut au rejet de ces conclusions et à ce que la somme de 4 000 euros soit mise à la charge de la région Hauts-de-France au titre de l'article L. 761-1 du code de justice administrative.",exces_de_pouvoir,defavorable_requerant,DCE_454824_20220616.xml,DCE,2022-06-16,Décision,Excès de pouvoir,Rejet,6823
"Par une requête et un mémoire en réplique, enregistrés les 22 juillet et 16 décembre 2021 au secrétariat du contentieux du Conseil d'Etat, M. A C demande au Conseil d'Etat : 1°) d'annuler pour excès de pouvoir la décision du 18 mai 2021 par laquelle le Conseil national de l'ordre des médecins, statuant en formation restreinte, l'a suspendu du droit d'exercer la médecine pour une durée d'un an et subordonné la reprise de son activité à la justification du respect d'obligations de formation ; 2°) d'enjoindre au conseil départemental du Nord de l'ordre des médecins, ou à tout conseil départemental territorialement compétent, à titre principal, de l'inscrire au tableau de l'ordre des médecins, et, à titre subsidiaire, de réexaminer sa demande d'inscription au tableau l'autorisant à exercer sa profession de médecin spécialiste, qualifié en psychiatrie, dans un délai de huit jours à compter de la décision à intervenir ; 3°) de mettre à la charge du Conseil national de l'ordre des médecins la somme de 3 000 euros au titre de l'article L. 761-1 du code de justice administrative.",exces_de_pouvoir,defavorable_requerant,DCE_454846_20220615.xml,DCE,2022-06-15,Décision,Excès de pouvoir,Rejet,10214
"La société éoliennes des Vaslins a demandé à la cour administrative d'appel de Nantes, d'une part, d'annuler l'arrêté du 23 décembre 2019 par lequel le préfet du Cher a refusé de lui délivrer une autorisation unique en vue de la construction et de l'exploitation d'un parc composé de cinq éoliennes et de deux postes de livraison, sur le territoire de la commune de Venesmes, et, d'autre part, de lui accorder cette autorisation en l'assortissant le cas échéant des prescriptions nécessaires à la préservation des intérêts mentionnés à l'article L. 511-1 du code de l'environnement ou, à titre subsidiaire, d'enjoindre au préfet du Cher de lui délivrer l'autorisation sollicitée dans un délai d'un mois à compter de la notification de l'arrêt à intervenir, sous astreinte de 500 euros par jour de retard. Par un arrêt n° 20NT00665 du 26 mai 2021, la cour administrative d'appel de Nantes a, après avoir admis l'intervention de l'association Avenir Venesmes environnement, rejeté la demande de la société éoliennes des Vaslins. Par un pourvoi sommaire et un mémoire complémentaire, enregistrés les 22 juillet et 21 octobre 2021 au secrétariat du contentieux du Conseil d'Etat, la société éoliennes des Vaslins demande au Conseil d'Etat : 1°) d'annuler cet arrêt ; 2°) réglant l'affaire au fond, de faire droit à sa demande ; 3°) de mettre à la charge de l'Etat la somme de 3 500 euros au titre de l'article L. 761-1 du code de justice administrative.",exces_de_pouvoir,defavorable_requerant,DCE_454865_20220617.xml,DCE,2022-06-17,Décision,Excès de pouvoir,Rejet PAPC,4583
"M. B A a demandé au tribunal administratif de Lyon de condamner l'Etat à lui verser la somme de 657 593 euros, assortie des intérêts de droits, à compter du 18 avril 2019, en réparation des préjudices qu'il estime avoir subis du fait du rejet par le garde des sceaux, ministre de la justice, de sa demande de nomination en qualité de notaire salarié, et des vices entachant l'instruction de sa demande. Par un jugement n° 1905816 du 29 mai 2020, le tribunal administratif de Lyon a rejeté sa demande. Par un arrêt n° 20LY02048 du 1er juin 2021, la cour administrative d'appel de Lyon a rejeté l'appel formé par M. A contre ce jugement. Par un pourvoi sommaire et un mémoire complémentaire, enregistrés au secrétariat du contentieux du Conseil d'Etat les 23 juillet et 22 octobre 2021, M. A demande au Conseil d'Etat : 1°) d'annuler cet arrêt ; 2°) de mettre à la charge de l'Etat la somme de 3 500 euros au titre de l'article L. 761-1 du code de justice administrative.",exces_de_pouvoir,defavorable_requerant,DCE_454900_20220617.xml,DCE,2022-06-17,Décision,Excès de pouvoir,Rejet PAPC,3598
"La société Colt Technology Services a demandé au tribunal administratif de Cergy-Pontoise d'annuler le titre exécutoire n° 43-15 d'un montant de 173 920,56 euros émis par le département des Hauts-de-Seine le 4 juin 2015 en vue du recouvrement d'une redevance d'occupation du domaine public et de prononcer la décharge de l'obligation de payer la somme correspondante. Par un jugement n° 1508065 du 19 juillet 2016, ce tribunal a rejeté sa demande. Par un arrêt n° 16VE02957 du 22 novembre 2018, la cour administrative d'appel de Versailles a, sur appel de la société Colt Technology Services, annulé ce jugement et le titre exécutoire du 4 juin 2015. Par une décision n° 427280 du 24 février 2020, le Conseil d'Etat, statuant au contentieux, saisi d'un pourvoi présenté par le département des Hauts-de-Seine, a annulé cet arrêt et renvoyé l'affaire à la cour administrative d'appel de Versailles. Par un arrêt n° 20VE00702 du 25 mai 2021, la cour administrative d'appel de Versailles, après avoir annulé le jugement attaqué du 19 juillet 2016, a rejeté la demande présentée devant le tribunal administratif de Cergy-Pontoise par la société Colt Technology Services. Par un pourvoi sommaire et un mémoire complémentaire, enregistrés les 26 juillet et 22 octobre 2021 au secrétariat du contentieux du Conseil d'Etat, la société Colt Technology Services demande au Conseil d'Etat : 1°) d'annuler cet arrêt ; 2°) réglant l'affaire au fond, de faire droit à son appel ; 3°) de mettre à la charge du département des Hauts-de-Seine la somme de 5 000 euros au titre de l'article L. 761-1 du code de justice administrative.",plein_contentieux,defavorable_requerant,DCE_454944_20220603.xml,DCE,2022-06-03,Décision,Plein contentieux,Rejet PAPC,4709
"La Ville de Paris a porté plainte contre M. B A devant la chambre disciplinaire de première instance d'Ile-de-France de l'ordre des médecins. Par une décision du 29 janvier 2021, la chambre disciplinaire de première instance a infligé à M. A la sanction de l'interdiction d'exercer la médecine pendant une durée d'un an. Par une ordonnance du 20 mai 2021, la présidente de la chambre disciplinaire nationale de l'ordre des médecins a rejeté l'appel formé par M. A contre cette décision. Par un pourvoi sommaire et un mémoire complémentaire, enregistrés au secrétariat du contentieux du Conseil d'Etat les 27 juillet et 27 octobre 2021, M. A demande au Conseil d'Etat : 1°) d'annuler cette ordonnance ; 2°) réglant l'affaire au fond, à titre principal, d'annuler la décision du 29 janvier 2021 et, à titre subsidiaire, de réduire la sanction infligée à son encontre ; 3°) de mettre à la charge de la Ville de Paris la somme de 4 000 euros au titre de l'article L. 761-1 du code de justice administrative.",plein_contentieux,defavorable_requerant,DCE_454983_20220615.xml,DCE,2022-06-15,Décision,Plein contentieux,Rejet PAPC,2879
"La société anonyme (SA) Immobilière de la Pointe du Cap Martin a demandé au tribunal administratif de Nice d'annuler la décision du 7 juillet 2015 par laquelle le préfet des Alpes-Maritimes l'a, d'une part, mise en demeure de procéder à la démolition de tous les ouvrages situés sur le domaine public maritime et, d'autre part, lui a demandé de libérer la bande de recul de trois mètres au droit de la limite du domaine public maritime. Par un jugement n° 1503552 du 12 décembre 2018, ce tribunal a rejeté sa demande. Par un arrêt n° 19MA00705 du 28 mai 2021, la cour administrative d'appel de Marseille a rejeté l'appel formé par la société Immobilière de la Pointe du Cap Martin contre ce jugement. Par un pourvoi sommaire, un mémoire complémentaire et un mémoire en réplique, enregistrés les 28 juillet 2021, 28 octobre 2021 et le 13 avril 2022 au secrétariat du contentieux du Conseil d'Etat, la société Immobilière de la pointe du Cap Martin demande au Conseil d'Etat : 1°) d'annuler cet arrêt ; 2°) réglant l'affaire au fond, de faire droit à son appel ; 3°) de mettre à la charge de l'Etat la somme de 4 500 euros au titre de l'article L. 761-1 du code de justice administrative.",exces_de_pouvoir,defavorable_requerant,DCE_455050_20220614.xml,DCE,2022-06-14,Décision,Excès de pouvoir,Rejet,8121
"Mme B A a demandé au tribunal administratif de Marseille de prononcer la décharge des cotisations de taxe foncière sur les propriétés bâties auxquelles elle a été assujettie au titre des années 2018 à 2020. Par une ordonnance n° 2101160 du 20 juillet 2021, la présidente de la 7ème chambre du tribunal administratif de Marseille a rejeté sa demande. Par un pourvoi sommaire et un mémoire complémentaire enregistrés les 29 juillet et 25 octobre 2021 au secrétariat du contentieux du Conseil d'Etat, Mme A demande au Conseil d'Etat : 1°) d'annuler cette ordonnance ; 2°) réglant l'affaire au fond de faire droit à sa demande.",plein_contentieux,defavorable_requerant,DCE_455059_20220623.xml,DCE,2022-06-23,Décision,Plein contentieux,Rejet PAPC,3149
"M. A B a demandé au tribunal administratif d'Amiens, en premier lieu, d'annuler la note de service du 2 mars 2016 du ministre de l'éducation nationale, de l'enseignement supérieur et de la recherche relative à l'accès à la hors-classe des professeurs des écoles pour l'année 2016, le tableau d'avancement de ce grade pour 2016 et la décision du 27 octobre 2016 rejetant son recours hiérarchique, en deuxième lieu, qu'il soit enjoint au ministre de l'éducation nationale de le promouvoir à la hors-classe et, en troisième lieu, que l'Etat soit condamné à lui verser la somme de 5 000 euros en réparation de son préjudice moral. Par un jugement n° 1603837 du 27 décembre 2018, le tribunal administratif d'Amiens a rejeté sa demande. Par un arrêt n° 19DA00496 du 27 mai 2021, la cour administrative d'appel de Douai a rejeté l'appel formé par M. B contre ce jugement. Par un pourvoi sommaire et un mémoire complémentaire, enregistrés les 30 juillet et 2 novembre 2021 au secrétariat du contentieux du Conseil d'Etat, M. B demande au Conseil d'Etat : 1°) d'annuler cet arrêt ; 2°) réglant l'affaire au fond, de faire droit à ses conclusions d'appel ; 3°) de mettre à la charge de l'Etat la somme de 3 500 euros au titre de l'article L. 761-1 du code de justice administrative.",exces_de_pouvoir,defavorable_requerant,DCE_455108_20220621.xml,DCE,2022-06-21,Décision,Excès de pouvoir,Rejet PAPC,3480
"Par une décision du 31 décembre 2021, le Conseil d'Etat, statuant au contentieux, a prononcé l'admission des conclusions du pourvoi de Mme B C dirigées contre l'article 3 du dispositif de l'arrêt du 1er juin 2021 de la cour administrative d'appel de Lyon, qui lui inflige une amende pour recours abusif, et n'a pas admis les conclusions du pourvoi dirigées contre le surplus de l'arrêt attaqué. Le pourvoi a été communiqué à l'université Clermont-Auvergne, qui n'a pas produit de mémoire.",exces_de_pouvoir,partiellement_favorable,DCE_455124_20220629.xml,DCE,2022-06-29,Décision,Excès de pouvoir,Satisfaction partielle,3156
"Mme E A, M. B F et Mme D C G ont demandé au tribunal administratif de Nîmes d'annuler pour excès de pouvoir l'arrêté du 12 novembre 2019 par lequel le maire de Saint Quentin la Poterie a accordé à la société Ob Développement le permis de construire quatorze logements individuels et trente-trois logements collectifs. Par un jugement n° 1904433 du 13 octobre 2020, le tribunal administratif de Nîmes a rejeté leur demande. Par un arrêt n° 20MA03919 du 1er juin 2021, la cour administrative d'appel de Marseille a rejeté l'appel formé par Mme A, M. F et Mme C G contre ce jugement. Par un pourvoi sommaire et un mémoire complémentaire, enregistrés les 2 août et 2 novembre 2021 au secrétariat du contentieux du Conseil d'Etat, Mme A et Mme C G demandent au Conseil d'Etat : 1°) d'annuler cet arrêt ; 2°) de mettre à la charge de la commune de Saint Quentin la Poterie et de la société Ob Développement la somme de 3 500 euros au titre de l'article L. 761-1 du code de justice administrative.",exces_de_pouvoir,defavorable_requerant,DCE_455128_20220622.xml,DCE,2022-06-22,Décision,Excès de pouvoir,Rejet PAPC,2739
"La société civile immobilière (SCI) des Capettes a demandé au tribunal administratif de Versailles de prononcer la décharge des suppléments d'impôt sur les sociétés auxquels elle a été assujettie au titre de l'exercice clos en 2012 et des rappels de taxe sur la valeur ajoutée qui lui ont été réclamés pour la période du 1er janvier 2012 au 30 août 2013, ainsi que des pénalités correspondantes. Par un jugement n° 1607804 du 16 mai 2019, ce tribunal a rejeté sa demande Par un arrêt n° 19VE02491 du 16 juillet 2021, la cour administrative d'appel de Versailles a rejeté l'appel formé par la société des Capettes contre ce jugement. Par un pourvoi et un mémoire complémentaire, enregistrés les 3 août et 12 octobre 2021 au secrétariat du contentieux du Conseil d'Etat, la société des Capettes demande au Conseil d'Etat : 1°) d'annuler cet arrêt ; 2°) réglant l'affaire au fond, de faire droit à son appel ; 3°) de mettre à la charge de l'Etat la somme de 5 000 euros au titre de l'article L. 761-1 du code de justice administrative.",plein_contentieux,defavorable_requerant,DCE_455231_20220603.xml,DCE,2022-06-03,Décision,Plein contentieux,Rejet PAPC,4022
"Mme A C a demandé au tribunal des pensions de Marseille d'annuler la décision du 6 octobre 2015 par laquelle le ministre de la défense lui a refusé l'octroi d'une pension de réversion du chef de M. D B. Par un jugement n° 18/00071 du 23 août 2019, ce tribunal a rejeté sa demande. Par un arrêt n° 19MA05435 du 28 mai 2021, la cour administrative d'appel de Marseille a rejeté l'appel formé par Mme C contre ce jugement. Par un pourvoi et un mémoire en réplique, enregistrés les 5 août 2021 et 19 avril 2022 au secrétariat du contentieux du Conseil d'Etat, Mme C demande au Conseil d'Etat d'annuler cet arrêt.",autres_recours,defavorable_requerant,DCE_455292_20220614.xml,DCE,2022-06-14,Décision,Contentieux des pensions,Rejet,7210
"M. C B et Mme A D ont demandé au tribunal administratif de Paris de prononcer la décharge, en droits et pénalités, des cotisations supplémentaires d'impôt sur le revenu et des contributions sociales auxquelles ils ont été assujettis au titre des années 2005 à 2012. Par un jugement n° 1716924 du 16 octobre 2019, le tribunal administratif de Paris a réduit la base d'imposition à l'impôt sur le revenu et aux contributions sociales de M. B et Mme D d'une somme de 192 389 euros au titre de l'année 2005 et, au titre des années 2006 à 2011, à concurrence des sommes figurant au débit des comptes bancaires des sociétés Amlon Ltd et International trade and finance group Ltd réintégrées aux résultats imposables de M. B, a déchargé M. B et Mme D, en droits et pénalités, des cotisations supplémentaires d'impôt sur le revenu et des contributions sociales supplémentaires correspondant à cette réduction de base, et a rejeté le surplus des conclusions de leur demande. Par un arrêt n° 19PA03905 du 17 juin 2021, la cour administrative d'appel de Paris a, sur appel de M. B et Mme D, en premier lieu, réduit la base d'imposition à l'impôt sur le revenu de M. B et Mme D de 38 500 euros au titre de l'année 2006, 165 368 euros et 147 898 euros au titre de l'année 2007 et 152 851 euros au titre de l'année 2008, en deuxième lieu, les a déchargés, en droits et pénalités, des cotisations supplémentaires d'impôt sur le revenu et de contributions sociales à concurrence de la réduction de base d'imposition prononcée, en troisième lieu, réformé le jugement du tribunal administratif de Paris en ce qu'il avait de contraire et, en dernier lieu, rejeté le surplus de leurs conclusions. Par un pourvoi sommaire et un mémoire complémentaire, enregistrés les 9 août et 9 novembre 2021 au secrétariat du contentieux du Conseil d'Etat, M. B et Mme D demandent au Conseil d'Etat : 1°) d'annuler cet arrêt en ce qu'il leur est défavorable; 2°) réglant l'affaire au fond, de faire droit à leur appel.",plein_contentieux,defavorable_requerant,DCE_455356_20220621.xml,DCE,2022-06-21,Décision,Plein contentieux,Rejet PAPC,4399
"Par une requête sommaire, un mémoire complémentaire et deux mémoires, enregistrés les 9 août et 9 novembre 2021, les 3 mai et 17 mai 2022 au secrétariat du contentieux du Conseil d'Etat, M. A B demande au Conseil d'Etat : 1°) d'annuler pour excès de pouvoir le décret du 11 mai 2021 l'ayant déchu de sa nationalité française ; 2°) de mettre à la charge de l'Etat la somme de 4 000 euros au titre de l'article L. 761-1 du code de justice administrative.",exces_de_pouvoir,defavorable_requerant,DCE_455395_20220622.xml,DCE,2022-06-22,Décision,Excès de pouvoir,Rejet,10288
"Le syndicat CGT Cargill Haubourdin a demandé au tribunal administratif de Lille d'annuler pour excès de pouvoir la décision du 17 août 2020 par laquelle le directeur régional des entreprises, de la concurrence, de la consommation, du travail et de l'emploi des Hauts-de-France a homologué le document unilatéral fixant le contenu du plan de sauvegarde de l'emploi de la société Cargill Haubourdin. Par un jugement n° 2007389 du 13 janvier 2021, le tribunal administratif a rejeté sa demande. Par un arrêt n° 21DA000566 du 10 juin 2021, la cour administrative d'appel de Douai a rejeté l'appel formé par le syndicat CGT Cargill Haubourdin contre ce jugement. Par un pourvoi sommaire et un mémoire complémentaire enregistrés les 10 août et 10 novembre 2021 au secrétariat du contentieux du Conseil d'Etat, le syndicat CGT Cargill Haubourdin demande au Conseil d'Etat : 1°) d'annuler cet arrêt ; 2°) réglant l'affaire au fond, de faire droit à son appel ; 3°) de mettre à la charge de l'Etat la somme de 3 000 euros au titre de l'article L. 761-1 du code de justice administrative.",exces_de_pouvoir,defavorable_requerant,DCE_455407_20220614.xml,DCE,2022-06-14,Décision,Excès de pouvoir,Rejet PAPC,3994
"M. A B a formé devant le tribunal administratif de Nîmes opposition à la contrainte émise par Pôle emploi le 23 janvier 2020 en recouvrement d'une somme de 9 944,71 euros correspondant à un indu d'allocation de solidarité spécifique au titre de la période du 1er juin 2015 au 31 janvier 2018. Par un jugement n° 2000567 du 10 juin 2021, le tribunal administratif de Nîmes a rejeté cette demande. Par un pourvoi sommaire et un mémoire complémentaire, enregistrés les 10 août et 10 novembre 2021 au secrétariat du contentieux du Conseil d'Etat, M. B demande au Conseil d'Etat : 1°) d'annuler ce jugement ; 2°) de mettre à la charge de Pôle emploi la somme de 3 000 euros au titre de l'article L. 761-1 du code de justice administrative.",exces_de_pouvoir,renvoi,DCE_455435_20220624.xml,DCE,2022-06-24,Décision,Excès de pouvoir,Renvoi après cassation,6073
"La société par actions simplifiée (SAS) Révillon Chocolatier a demandé au tribunal administratif de Lyon de prononcer, à titre principal, la décharge des cotisations supplémentaires de taxe foncière sur les propriétés bâties mises à sa charge au titre des années 2016 et 2017 à raison de son établissement situé 20 avenue du Polygone à Roanne (Loire) et, à titre subsidiaire, la réduction de ces mêmes impositions. Par un jugement n° 1906325 du 15 juin 2021, le tribunal administratif de Lyon a, d'une part, réduit la base d'imposition après en avoir exclu le prix de revient des immobilisations correspondant aux panneaux d'isolation thermique et, d'autre part, rejeté le surplus des conclusions. Par un pourvoi sommaire et un mémoire complémentaire, enregistrés les 16 août et 16 novembre 2021 au secrétariat du contentieux du Conseil d'Etat, la SAS Révillon Chocolatier demande au Conseil d'Etat : 1°) d'annuler ce jugement en tant qu'il rejette le surplus de ses conclusions ; 2°) réglant l'affaire au fond, de faire droit à sa demande ; 3°) de mettre à la charge de l'Etat la somme de 3 500 euros au titre de l'article L. 761-1 du code de justice administrative.",plein_contentieux,defavorable_requerant,DCE_455567_20220616.xml,DCE,2022-06-16,Décision,Plein contentieux,Rejet PAPC,3472
"M. A B a demandé au tribunal administratif de Lille d'annuler la décision du 2 juin 2016 par laquelle le directeur régional des finances publiques du Nord-Pas-de-Calais a rejeté sa demande de décharge de responsabilité solidaire pour le paiement de la cotisation d'impôt sur le revenu à laquelle sa partenaire de pacte civil de solidarité et lui-même ont été assujettis au titre de l'année 2011 et, d'autre part, d'enjoindre à l'administration fiscale de le décharger de cette obligation solidaire, et de supprimer les écrits injurieux outrageants ou diffamatoires contenus dans le mémoire du 17 mars 2017 produit par l'administration. Par un jugement n° 1604563 du 21 mars 2019, le tribunal administratif de Lille a rejeté sa demande. Par un arrêt n° 19DA01094 du 17 juin 2021, la cour administrative d'appel de Douai a rejeté l'appel qu'il a formé contre ce jugement. Par un pourvoi sommaire et un mémoire complémentaire, enregistrés les 17 août et 16 novembre 2021 au secrétariat du contentieux du Conseil d'Etat, M. B demande au Conseil d'Etat : 1°) d'annuler cet arrêt ; 2°) réglant l'affaire au fond, de faire droit à ses conclusions d'appel ; 3°) de mettre à la charge de l'Etat la somme de 4000 euros au titre de l'article L. 761-1 du code de justice administrative.",plein_contentieux,defavorable_requerant,DCE_455677_20220616.xml,DCE,2022-06-16,Décision,Plein contentieux,Rejet PAPC,3201
"Par une requête et deux mémoires, enregistrés les 20 août 2021, 17 février et 14 avril 2022 au secrétariat du contentieux du Conseil d'Etat, M. T et Mme F A, M. Z et Mme L Q, M. AD C P et Mme X, M. Y et Mme J W, M. G D et Mme M O, M. S E et Mme AB, M. N et Mme AA, M. B C et Mme AE AG, M. U I et Mme K V, M. AC et Mme H R, ainsi que leurs enfants mineurs, demandent au Conseil d'Etat : 1°) d'annuler le refus implicite né du silence gardé par le ministre de l'Europe et des affaires étrangères et le ministre de l'intérieur sur leur demande du 20 avril 2021 tendant à ce que soient prises les mesures d'organisation nécessaires à l'instruction dans les meilleurs délais des demandes de réunification familiale présentées par des ressortissants afghans, en vue de la délivrance de visas ; 2°) d'enjoindre au Premier ministre, au ministre de l'Europe et des affaires étrangères et au ministre de l'intérieur de prendre les mesures nécessaires à l'instruction dans les meilleurs délais de leur demande de réunification familiale ; 3°) de mettre à la charge de l'Etat la somme de 4 000 euros, à verser à la SCP Doumic-Seiller, leur avocat, au titre de l'article L. 761-1 du code de justice administrative et de l'article 37 de la loi du 10 juillet 1991.",exces_de_pouvoir,non_lieu,DCE_455754_20220609.xml,DCE,2022-06-09,Décision,Excès de pouvoir,Non-lieu,19283
"Par une ordonnance du 27 janvier 2021, la présidente de la 2ème chambre du tribunal administratif de Montreuil a transmis à la cour administrative d'appel de Paris, notamment, la requête de l'association des musulmans d'Epinay-sur-Seine tendant à l'annulation de la délibération du 25 février 2020 par laquelle le conseil de territoire de l'établissement public territorial Plaine Commune a approuvé le plan local d'urbanisme intercommunal. Par un arrêt n° 21PA00472 du 23 juin 2021, la cour administrative d'appel de Paris a rejeté la requête. Par un pourvoi sommaire et un mémoire complémentaire, enregistrés les 23 août et 23 novembre 2021 au secrétariat du contentieux du Conseil d'Etat, l'association des musulmans d'Epinay-sur-Seine demande au Conseil d'Etat : 1°) d'annuler cet arrêt ; 2°) réglant l'affaire au fond, de faire droit à sa requête ; 3°) de mettre à la charge de l'établissement public territorial Plaine Commune la somme de 6 000 euros au titre de l'article L. 761-1 du code de justice administrative.",exces_de_pouvoir,defavorable_requerant,DCE_455820_20220622.xml,DCE,2022-06-22,Décision,Excès de pouvoir,Rejet PAPC,3611
"M. et Mme B A ont demandé au tribunal administratif de Paris de prononcer la réduction de la cotisation primitive d'impôt sur le revenu qu'ils ont acquittée au titre de l'année 2015 en sollicitant le bénéfice de l'application aux plus-values de cession de titres qu'ils ont réalisées de l'abattement renforcé de 85 % prévu au 3° du A du 1 quater de l'article 150-0 D du code général des impôts. Par un jugement n° 1911476 du 12 mars 2020, ce tribunal a rejeté leur demande. Par un arrêt n° 20PA02365 du 24 juin 2021, la cour administrative d'appel de Paris a rejeté l'appel formé M. et Mme A contre ce jugement. Par un pourvoi sommaire et un mémoire complémentaire, enregistrés les 24 août et 24 novembre 2021 au secrétariat du contentieux du Conseil d'Etat, M. et Mme A demandent au Conseil d'Etat : 1°) d'annuler cet arrêt ; 2°) réglant l'affaire au fond, de faire droit à leur appel ; 3°) de mettre à la charge de l'Etat la somme de 5 000 euros au titre de l'article L. 761-1 du code de justice administrative.",plein_contentieux,renvoi,DCE_455925_20220624.xml,DCE,2022-06-24,Décision,Plein contentieux,Renvoi après cassation,5644
"M. et Mme A B ont demandé au tribunal administratif de Paris de prononcer la réduction de la cotisation primitive d'impôt sur le revenu qu'ils ont acquittée au titre de l'année 2015 en sollicitant le bénéfice de l'application aux plus-values de cession de titres qu'ils ont réalisées de l'abattement renforcé de 85% prévu au 3° du A du 1 quater de l'article 150-0 D du code général des impôts. Par un jugement n° 1911082 du 12 mars 2020, ce tribunal a rejeté leur demande. Par un arrêt n° 20PA02364 du 24 juin 2021, la cour administrative d'appel de Paris a rejeté l'appel formé M. et Mme B contre ce jugement. Par un pourvoi sommaire et un mémoire complémentaire, enregistrés les 24 août et 24 novembre 2021 au secrétariat du contentieux du Conseil d'Etat, M. et Mme B demandent au Conseil d'Etat : 1°) d'annuler cet arrêt ; 2°) réglant l'affaire au fond, de faire droit à leur appel ; 3°) de mettre à la charge de l'Etat la somme de 5 000 euros au titre de l'article L. 761-1 du code de justice administrative.",plein_contentieux,renvoi,DCE_455926_20220624.xml,DCE,2022-06-24,Décision,Plein contentieux,Renvoi après cassation,5771
"M. G E et M. C B ont demandé au tribunal administratif d'Amiens d'annuler le permis de construire accordé le 17 novembre 2016 par le maire de Beaumetz (Somme) à M. et Mme F, ainsi que le permis de construire modificatif délivré le 9 janvier 2018. Par deux jugements n°s 1703105 et 1800725 du 17 septembre 2019, le tribunal administratif d'Amiens a rejeté leurs demandes. Par une ordonnance n°s 19DA02559, 19DA02560 du 28 juin 2021, le président de la 1ère chambre de la cour administrative d'appel de Douai a rejeté leurs appels contre ces jugements. Par un pourvoi sommaire et un mémoire complémentaire, enregistrés les 25 août et 24 novembre 2021 au secrétariat du contentieux du Conseil d'Etat, M. E et M. B demandent au Conseil d'Etat : 1°) d'annuler cette ordonnance ; 2°) réglant l'affaire au fond, de faire droit à leurs appels ; 3°) de mettre à la charge de la commune de Beaumetz et de M. et Mme F la somme de 4 000 euros au titre de l'article L. 761-1 du code de justice administrative.",exces_de_pouvoir,renvoi,DCE_455945_20220617.xml,DCE,2022-06-17,Décision,Excès de pouvoir,Renvoi après cassation,6836
"Mme A B a demandé au tribunal administratif de Montpellier d'annuler l'arrêté du 20 juillet 2017 par lequel le président du centre communal d'action sociale (CCAS) de Capestang a refusé de reconnaître l'imputabilité au service de sa maladie. Après avoir ordonné, par un jugement avant dire-droit, une expertise médicale, le tribunal administratif de Montpellier a, par un jugement n°1704449 du 19 décembre 2019, annulé l'arrêté du 20 juillet 2017. Par un arrêt nos 20MA00583, 20MA00584 du 29 juin 2021, la cour administrative d'appel de Marseille a, sur appel du CCAS de Capestang, d'une part, annulé ce jugement et rejeté la demande de Mme B et, d'autre part, jugé qu'il n'y avait pas lieu de statuer sur les conclusions tendant à ce qu'il soit sursis à l'exécution du même jugement. Par un pourvoi sommaire et un mémoire complémentaire, enregistrés les 30 août et 20 novembre 2021 au secrétariat du contentieux du Conseil d'Etat, Mme B demande au Conseil d'Etat : 1°) d'annuler cet arrêt ; 2°) de mettre à la charge du CCAS de Capestang la somme de 3 000 euros au titre de l'article L. 761-1 du code de justice administrative.",exces_de_pouvoir,defavorable_requerant,DCE_456089_20220621.xml,DCE,2022-06-21,Décision,Excès de pouvoir,Rejet PAPC,4160
"M. B A a demandé au tribunal administratif de Paris de condamner la ville de Paris à lui verser la somme de 3 803,52 euros, majorée des intérêts à taux légal, en réparation des pertes de primes et indemnités qu'il estime avoir subies au titre des années 2014, 2015, 2016 et 2017. Par un jugement n° 1909233/ 2-3 du 29 juin 2021, le tribunal administratif de Paris a rejeté sa demande. Par un pourvoi sommaire, un mémoire complémentaire et un autre mémoire, enregistrés les 30 août, 1er décembre 2021 et 18 mai 2022 au secrétariat du contentieux du Conseil d'Etat, M. A demande au Conseil d'Etat : 1°) d'annuler ce jugement ; 2°) de mettre à la charge de la ville de Paris la somme de 3 000 euros au titre de l'article L. 761-1 du code de justice administrative.",exces_de_pouvoir,defavorable_requerant,DCE_456092_20220617.xml,DCE,2022-06-17,Décision,Excès de pouvoir,Rejet PAPC,3607
"Le syndicat CGT Schindler a demandé au tribunal administratif de Strasbourg d'annuler pour excès de pouvoir la décision du 5 juillet 2018 par laquelle l'inspectrice du travail de la 2ème section de l'unité de contrôle n° 3 du Haut-Rhin a autorisé la société Schindler à licencier M. B A pour inaptitude, ensemble la décision du 16 janvier 2019 par laquelle la ministre du travail a rejeté le recours hiérarchique formé contre cette décision. Suite à une demande de régularisation du greffe du tribunal administratif, M. A a formé la même demande et le syndicat a indiqué intervenir au soutien de celle-ci. Par un jugement n° 1902055 du 23 mars 2021, le tribunal administratif a, d'une part, admis l'intervention du syndicat CGT Schindler au soutien de la demande de M. A et, d'autre part, rejeté les conclusions de celui-ci. Par une ordonnance n° 21NC01471 du 30 juin 2021, la présidente de la 3ème chambre de la cour administrative d'appel de Nancy a rejeté la requête d'appel présentée par le syndicat CGT Schindler comme étant irrecevable. Par un pourvoi sommaire, un mémoire complémentaire et un mémoire en réplique enregistrés les 30 août et 30 novembre 2021 et le 10 mars 2022 au secrétariat du contentieux du Conseil d'Etat, le syndicat CGT Schindler demande au Conseil d'Etat : 1°) d'annuler cette ordonnance ; 2°) réglant l'affaire au fond, de faire droit à son appel ; 3°) de mettre solidairement à la charge de l'Etat et de la société Schindler la somme de 3 500 euros au titre de l'article L. 761-1 du code de justice administrative.",exces_de_pouvoir,renvoi,DCE_456117_20220614.xml,DCE,2022-06-14,Décision,Excès de pouvoir,Renvoi après cassation,6579
"I, sous le n° 456137 : La société en nom collectif (SNC) Clermont-Ferrand Invest Hôtels a demandé au tribunal administratif de Clermont-Ferrand de prononcer la réduction, à concurrence d'une somme de 10 178 euros, des cotisations de taxe foncière sur les propriétés bâties, de taxe spéciale d'équipement et de taxe d'enlèvement des ordures ménagères auxquelles elle a été assujettie, au titre de l'année 2016, dans les rôles de la commune d'Aubière (Puy-de-Dôme) à raison de deux établissements situés 16 et 18 avenue Lavoisier. Par un jugement n° 1800941 du 23 juin 2021, ce tribunal a rejeté sa demande. Par un pourvoi sommaire et un mémoire complémentaire, enregistrés les 30 août et 30 novembre 2021 au secrétariat du contentieux du Conseil d'Etat, la société Clermont-Ferrand Invest Hôtels demande au Conseil d'Etat : 1°) d'annuler ce jugement ; 2°) de mettre à la charge de l'Etat la somme de 3 000 euros au titre de l'article L. 761-1 du code de justice administrative. II, sous le n°456138 : La société en nom collectif (SNC) Clermont-Ferrand Invest Hôtels a demandé au tribunal administratif de Clermont-Ferrand : 1°) de surseoir à statuer jusqu'à ce que le tribunal et, le cas échéant, le Conseil d'Etat et le Conseil constitutionnel se soient prononcés sur la question prioritaire de constitutionnalité relative à la conformité aux droits et libertés garantis par la Constitution des dispositions de l'article 34 de la loi n° 2010-1658 du 29 décembre 2010, dans leur rédaction issue de l'article 48 de la loi n° 2015-1786 du 29 décembre 2015 ; 2°) de prononcer la décharge, à concurrence d'une somme de 11 399 euros, de la taxe foncière sur les propriétés bâties, de la taxe spéciale d'équipement et de la taxe d'enlèvement des ordures ménagères auxquelles elle a été assujettie au titre de l'année 2017 dans les rôles de la commune d'Aubière (Puy-de-Dôme) à raison d'un immeuble situé 16 avenue Lavoisier, et, à titre subsidiaire, de prononcer la réduction de la taxe foncière sur les propriétés bâties à laquelle elle a été assujettie au titre de l'année 2017 en prenant en compte une valeur locative de 10 740 euros au titre de l'année de 2016 ; 3°) de prononcer la décharge, à",plein_contentieux,renvoi,DCE_456137_20220603.xml,DCE,2022-06-03,Décision,Plein contentieux,Renvoi après cassation,16936
"La société par actions simplifiée (SAS) Sodibrag a demandé au tribunal administratif de Châlons-en-Champagne de prononcer la décharge des cotisations supplémentaires de taxe sur les surfaces commerciales auxquelles elle a été assujettie au titre des années 2016 à 2018 à raison de ses établissements situés à Saint-Dizier (Haute-Marne). Par jugement n° 2002407 du 30 juin 2021, ce tribunal a rejeté sa demande. Par un pourvoi sommaire et un mémoire complémentaire, enregistrés les 30 août et 4 novembre 2021 au secrétariat du contentieux du Conseil d'Etat, la société Sodibrag demande au Conseil d'Etat : 1°) d'annuler ce jugement ; 2°) réglant l'affaire au fond, de faire droit à sa demande ; 3°) de mettre à la charge de l'Etat la somme de 4 500 euros au titre de l'article L. 761-1 du code de justice administrative.",plein_contentieux,defavorable_requerant,DCE_456150_20220603.xml,DCE,2022-06-03,Décision,Plein contentieux,Rejet PAPC,3480
"M. A B a demandé au tribunal administratif de Versailles de condamner 1'Etat à lui verser la somme de 144 400 euros au titre d'indemnités dues pour la période courant du 1er septembre 1988 au 30 avril 2017, assortie des intérêts au taux légal et de leur capitalisation, et d'enjoindre à la ministre des armées de réexaminer sa demande concernant l'indemnité compensatrice à compter du 3 mai 2017. Par un jugement n° 1705444 du 15 juillet 2019, le tribunal administratif de Versailles a rejeté ses demandes. Par un arrêt avant dire droit n° 19VE03135 du 16 juin 2020, la cour administrative d'appel de Versailles a, sur appel de M. B, ordonné un supplément d'instruction. Par un arrêt, sous le même numéro, du 6 juillet 2021, cette cour a condamné l'Etat à verser à M. B une somme de 23 008,20 euros, assortie des intérêts au taux légal capitalisés, réformé le jugement en ce qu'il a de contraire à cet arrêt et rejeté le surplus de ses conclusions. Par un pourvoi sommaire et un mémoire complémentaire, enregistrés les 31 août et 30 novembre 2021 au secrétariat du contentieux du Conseil d'Etat, M. B demande au Conseil d'Etat : 1°) d'annuler l'arrêt du 6 juillet 2021 ; 2°) de mettre à la charge de l'Etat la somme de 3 000 euros au titre de l'article L. 761-1 du code de justice administrative.",plein_contentieux,renvoi,DCE_456175_20220628.xml,DCE,2022-06-28,Décision,Plein contentieux,Renvoi après cassation,7700
"La société Batouche Investissements a demandé au tribunal administratif de Cergy-Pontoise de prononcer la décharge des cotisations de contribution à l'audiovisuel public auxquelles elle a été assujettie au titre des années 2014 à 2016, ainsi que des amendes prévues par le 2° de l'article 1840 W ter du code général des impôts mises à sa charge au titre des mêmes années. Par un jugement n° 1804008 du 1er juillet 2021 ce tribunal a rejeté sa demande. Par un pourvoi sommaire et un mémoire complémentaire enregistrés les 1er septembre et 1er décembre 2021 au secrétariat du contentieux du Conseil d'Etat, la société Batouche Investissements demande au Conseil d'Etat : 1°) d'annuler ce jugement ; 2°) de mettre à la charge de l'Etat la somme de 4 000 euros au titre de l'article L. 761-1 du code de justice administrative.",plein_contentieux,defavorable_requerant,DCE_456242_20220623.xml,DCE,2022-06-23,Décision,Plein contentieux,Rejet PAPC,3233
"Procédure contentieuse antérieure : M. A B et Mme E D épouse B ont demandé au tribunal administratif de Toulon d'annuler pour excès de pouvoir l'arrêté du 30 janvier 2017 par lequel le maire de Fréjus (Var) a délivré un permis de construire à la société Compagnie Immobilière Méditerranée et à M. C pour la réalisation d'un ensemble immobilier. Par un jugement n° 1702380 du 11 décembre 2018, le tribunal administratif de Toulon a annulé ce permis de construire. Par une décision n° 427781 du 3 juin 2020, le Conseil d'Etat, statuant au contentieux, a annulé ce jugement et renvoyé l'affaire au tribunal administratif de Toulon. M. A B et Mme E D épouse B ont demandé au tribunal administratif de Toulon d'annuler pour excès de pouvoir l'arrêté du 29 avril 2019 par lequel le maire de Fréjus (Var) a délivré un nouveau permis de construire à la société Compagnie Immobilière Méditerranée et à M. C pour la réalisation d'un ensemble immobilier. Par un jugement n°s 1903915, 2001477 du 2 juillet 2021, le tribunal administratif de Toulon a rejeté les deux demandes de M. et Mme B. Procédure contentieuse devant le Conseil d'Etat : Par un pourvoi sommaire et un mémoire complémentaire, enregistrés les 2 septembre et 2 décembre 2021 au secrétariat du contentieux du Conseil d'Etat, M. et Mme B demandent au Conseil d'Etat : 1°) d'annuler ce jugement ; 2°) réglant l'affaire au fond, de faire droit à leurs conclusions de première instance ; 3°) de mettre à la charge de la commune de Fréjus la somme de 6 000 euros au titre de l'article L. 761-1 du code de justice administrative.",exces_de_pouvoir,defavorable_requerant,DCE_456252_20220617.xml,DCE,2022-06-17,Décision,Excès de pouvoir,Rejet PAPC,4062
"L'association Pressac environnement et M. B A ont demandé à la cour administrative d'appel de Bordeaux d'annuler l'arrêté du 26 décembre 2018 par lequel la préfète de la Vienne a délivré à la société IEL exploitation 54 une autorisation unique pour l'implantation et l'exploitation d'un parc éolien sur le territoire de la commune de Pressac. Par un arrêt n° 19BX01720 du 6 juillet 2021, la cour administrative d'appel de Bordeaux a, d'une part, annulé l'arrêté du 26 décembre 2018 en tant qu'il ne comporte pas la dérogation prévue à l'article L. 411-2 du code de l'environnement, d'autre part, suspendu l'exécution de cet arrêté jusqu'à la délivrance éventuelle de cette dérogation et, enfin, rejeté le surplus des conclusions de la requête. Par un pourvoi sommaire et deux mémoires complémentaires, enregistrés les 2 septembre et 3 décembre 2021 et le 16 mai 2022 au secrétariat du contentieux du Conseil d'Etat, la société IEL exploitation 54 demande au Conseil d'Etat : 1°) d'annuler les deux premiers articles de cet arrêt ; 2°) réglant l'affaire au fond, de rejeter la requête de l'association Pressac environnement et de M. A ; 3°) de mettre à la charge de l'association Pressac environnement et de M. A la somme de 7 500 euros au titre de l'article L. 761-1 du code de justice administrative.",exces_de_pouvoir,defavorable_requerant,DCE_456258_20220617.xml,DCE,2022-06-17,Décision,Excès de pouvoir,Rejet PAPC,3722
"La société Henry Remonty Rénovation a demandé au tribunal administratif de Montreuil de prononcer la décharge de cotisations supplémentaires d'impôt sur le revenu, ainsi que des rappels de taxe sur la valeur ajoutée mis à sa charge au titre de la période du 1er janvier 2011 au 31 décembre 2012 et des pénalités correspondantes. Par un jugement n° 1800914 du 28 février 2019, le tribunal administratif de Montreuil a prononcé la décharge des rappels de taxe sur la valeur ajoutée et des intérêts de retard correspondants et rejeté le surplus de sa demande. Par un arrêt n° 19VE02142 du 6 juillet 2021, la cour administrative d'appel de Versailles a, sur appel du ministre de l'action et des comptes publics, annulé l'article 1er de ce jugement et remis à la charge de la société les rappels de taxe sur la valeur ajoutée au titre de la période du 1er janvier 2011 au 31 décembre 2012. Par un pourvoi sommaire et un mémoire complémentaire, enregistrés les 3 septembre et 2 décembre 2021 au secrétariat du contentieux du Conseil d'Etat, la société Henry Remonty Rénovation demande au Conseil d'Etat : 1°) d'annuler cet arrêt ; 2°) réglant l'affaire au fond, de rejeter l'appel du ministre ; 3°) de mettre à la charge de l'Etat la somme de 4 000 euros au titre de l'article L. 761-1 du code de justice administrative.",plein_contentieux,defavorable_requerant,DCE_456279_20220616.xml,DCE,2022-06-16,Décision,Plein contentieux,Rejet PAPC,3386
"1° Sous le n° 456303, par une requête, un mémoire en réplique et un nouveau mémoire, enregistrés les 3 septembre 2021, 28 février et 29 avril 2022 au secrétariat du contentieux du Conseil d'Etat, la société par actions simplifiée Ethypharm et la société par actions simplifiée Laboratoires Ethypharm demandent au Conseil d'Etat : 1°) d'annuler pour excès de pouvoir l'arrêté du 1er juillet 2021 modifiant la liste des spécialités pharmaceutiques agréées à l'usage des collectivités et divers services publics en tant qu'il étend la prise en charge de la spécialité Baclofène Zentiva 10 mg, comprimé sécable sous plaquettes thermoformées (B30), à l'indication de la réduction de la consommation d'alcool, après échec des autres traitements médicamenteux disponibles, chez les patients adultes ayant une dépendance à l'alcool et une consommation d'alcool à risque élevé ; 2°) d'annuler pour excès de pouvoir l'arrêté du 1er juillet 2021 modifiant la liste des spécialités pharmaceutiques remboursables aux assurés sociaux en tant qu'il étend la prise en charge de la spécialité Baclofène Zentiva 10 mg, comprimé sécable sous plaquettes thermoformées (B30), à l'indication de la réduction de la consommation d'alcool, après échec des autres traitements médicamenteux disponibles, chez les patients adultes ayant une dépendance à l'alcool et une consommation d'alcool à risque élevé ; 3°) de mettre à la charge de l'Etat la somme de 5 000 euros au titre de l'article L. 761-1 du code de justice administrative. 2° Sous le n° 459188, par une ordonnance nos 2116413, 2125729 du 7 décembre 2021, enregistrée le même jour au secrétariat du contentieux du Conseil d'Etat, le président du tribunal administratif de Paris a transmis au Conseil d'Etat, en application de l'article R. 351-2 du code de justice administrative, la requête, enregistrée le 29 juillet 2021 au greffe de ce tribunal, présentée par la société par actions simplifiée Ethypharm et la société par actions simplifiée Laboratoires Ethypharm. Par cette requête, un mémoire en réplique et un nouveau mémoire, enregistrés les 28 février et 29 avril 2022 au secrétariat du contentieux du Conseil d'Etat, les sociétés requérantes demandent au",exces_de_pouvoir,partiellement_favorable,DCE_456303_20220613.xml,DCE,2022-06-13,Décision,Excès de pouvoir,Satisfaction partielle,35400
"Le comité social et économique de la société Aérobag, l'union locale CGT de Roissy et M. A B ont demandé au tribunal administratif de Melun d'annuler pour excès de pouvoir la décision du 21 octobre 2020 par laquelle le directeur régional des entreprises, de la concurrence, de la consommation, du travail et de l'emploi d'Ile-de-France a homologué le document unilatéral portant plan de sauvegarde de l'emploi de la société Aérobag. Par un jugement n° 2010419 du 12 mars 2021, le tribunal administratif a rejeté leur demande. Par un arrêt n° 21PA02533 du 6 juillet 2021, la cour administrative d'appel de Paris a, sur l'appel du comité social et économique de la société Aérobag et autres, annulé ce jugement et la décision du 21 octobre 2020 du directeur régional des entreprises, de la concurrence, de la consommation, du travail et de l'emploi d'Ile-de-France. Par un pourvoi sommaire et un mémoire complémentaire, enregistrés les 6 septembre et 3 décembre 2021 au secrétariat du contentieux du Conseil d'Etat, le comité social et économique de la société Aérobag et autres demandent au Conseil d'Etat : 1°) d'annuler cet arrêt ; 2°) réglant l'affaire au fond, de faire droit à leurs conclusions d'appel ; 3°) de mettre à la charge de la société Aérobag le versement de la somme de 3 000 euros au titre de l'article L. 761-1 du code de justice administrative.",exces_de_pouvoir,defavorable_requerant,DCE_456322_20220629.xml,DCE,2022-06-29,Décision,Excès de pouvoir,Rejet PAPC,3858
"M. A B et l'association Société pour l'étude, la protection et l'aménagement de la nature dans le sud-ouest Pyrénées-Atlantiques (SEPANSO 64) ont demandé au tribunal administratif de Pau d'annuler l'arrêté du 29 février 2016 par lequel le préfet des Pyrénées-Atlantiques a autorisé la société CHE Auterrive à disposer de l'énergie hydraulique produite par l'usine hydroélectrique d'Auterrive. Par un jugement nos 1700055, 1700426 du 20 novembre 2018, le tribunal administratif de Pau a rejeté leur demande. Par un arrêt n° 19BX00558 du 6 juillet 2021, la cour administrative d'appel de Bordeaux, a, sur appel de M. B et de l'association SEPANSO 64, annulé ce jugement ainsi que l'arrêté préfectoral du 29 février 2016. Par un pourvoi sommaire et un mémoire complémentaire, enregistrés les 6 septembre et 6 décembre 2021 au secrétariat du contentieux du Conseil d'Etat, la société CHE Auterrive demande au Conseil d'Etat : 1°) d'annuler cet arrêt ; 2°) réglant l'affaire au fond, de rejeter l'appel de M. B et de l'association SEPANSO 64 ; 3°) de mettre à la charge de M. B et de l'association SEPANSO 64 la somme de 4 000 euros au titre de l'article L. 761-1 du code de justice administrative.",exces_de_pouvoir,defavorable_requerant,DCE_456331_20220617.xml,DCE,2022-06-17,Décision,Excès de pouvoir,Rejet PAPC,3505
"La société Parc éolien de la Brie Nangissienne, anciennement dénommée société Nordex LXII, a demandé à la cour administrative d'appel de Paris d'annuler la décision implicite de rejet du 28 février 2019, née du silence gardé par le préfet de Seine-et-Marne sur sa demande de lui délivrer l'autorisation de construire et d'exploiter un parc de quatre éoliennes sur le territoire de la commune de La Croix-en-Brie, de lui accorder l'autorisation sollicitée et, à défaut, d'enjoindre au préfet de Seine-Marne de lui délivrer cette autorisation. Par un arrêt n° 19PA01413 du 8 juillet 2021, la cour administrative d'appel de Paris a rejeté sa demande. Par un pourvoi sommaire et un mémoire complémentaire, enregistrés les 6 septembre et 6 décembre 2021 au secrétariat du contentieux du Conseil d'Etat, la société Parc éolien de la Brie Nangissienne demande au Conseil d'Etat : 1°) d'annuler cet arrêt ; 2°) de mettre à la charge de l'Etat la somme de 5 000 euros au titre de l'article L. 761-1 du code de justice administrative.",exces_de_pouvoir,defavorable_requerant,DCE_456334_20220617.xml,DCE,2022-06-17,Décision,Excès de pouvoir,Rejet PAPC,4520
"La société civile immobilière des Centaures, Mme H... B... et M. E... F... ont demandé au tribunal administratif de Marseille d’annuler pour excès de pouvoir l’arrêté du 21 septembre 2015 I... lequel le maire de Roquefort-la-Bédoule a délivré à M. D... A... et Mme C... G... un permis de construire modificatif du permis de construire une maison individuelle avec garage délivré le 9 mai 2014, les modifications portant sur l’augmentation de la surface de plancher sans modification de l’emprise au sol, la modification des façades, la rectification du dessin du terrain naturel et l’implantation du dispositif d’assainissement non collectif, ainsi que la décision rejetant leur recours gracieux. I... un premier jugement n° 1602293 du 11 octobre 2018, le tribunal administratif de Marseille a sursis à statuer sur cette demande en application de l’article L. 600-5-1 du code de l’urbanisme, en invitant M. A... et Mme G... et la commune de Roquefort-la-Bédoule à justifier de la délivrance d’un permis de construire modificatif permettant d’assurer le respect de l’obligation de consulter l’architecte des bâtiments de France sur le projet. Un permis de construire modificatif a été délivré à M. A... et Mme G... I... le maire de Roquefort-la-Bédoule le 20 décembre 2018, que la société des Centaures, Mme B... et M. F... ont également contesté. I... un second jugement n° 1602293 du 7 novembre 2019, le tribunal administratif de Marseille a rejeté la demande de la société des Centaures et autres. I... un arrêt nos 18MA05375, 19MA05816 du 8 juillet 2021, la cour administrative d’appel de Marseille a, sur les appels formés I... la société des Centaures, Mme B... et M. F... contre ces deux jugements et l’appel incident formé I... M. A... et Mme G... contre le premier jugement, annulé les jugements des 11 octobre 2018 et 7 novembre 2019, les arrêtés des 21 septembre 2015 et 20 décembre 2018, ainsi que le rejet du recours gracieux. I... un pourvoi sommaire, un mémoire complémentaire et un mémoire en réplique, enregistrés les 6 septembre et 1er décembre 2021 et le 4 mai 2022 au secrétariat du contentieux du Conseil d'Etat, M. A... et Mme G... demandent au Conseil d'Etat : 1°) d’annuler",exces_de_pouvoir,renvoi,DCE_456348_20220624.xml,DCE,2022-06-24,Décision,Excès de pouvoir,Renvoi après cassation,14109
"La société civile immobilière (SCI) Courneuve développement futur a demandé au tribunal administratif de Montreuil de prononcer la réduction des cotisations de taxe foncière sur les propriétés bâties auxquelles elle a été assujettie au titre des années 2018 et 2019 dans les rôles de la commune de La Courneuve (Seine-Saint-Denis), à raison de locaux situés rue Chabrol et 2, avenue Marcel Cachin. Par un jugement n° 2011287 du 6 juillet 2021, ce tribunal a rejeté sa demande. Par un pourvoi sommaire et un mémoire complémentaire, enregistrés les 6 septembre et 6 décembre 2021 au secrétariat du contentieux du Conseil d'Etat, la société Courneuve développement futur demande au Conseil d'Etat : 1°) d'annuler ce jugement ; 2°) réglant l'affaire au fond, de faire droit à sa demande ; 3°) de mettre à la charge de l'Etat la somme de 5 000 euros au titre de l'article L. 761-1 du code de justice administrative.",plein_contentieux,defavorable_requerant,DCE_456379_20220603.xml,DCE,2022-06-03,Décision,Plein contentieux,Rejet PAPC,3229
"L'association Pressac environnement et M. B A ont demandé à la cour administrative d'appel de Bordeaux d'annuler l'arrêté du 26 décembre 2018 par lequel la préfète de la Vienne a délivré à la société IEL exploitation 54 une autorisation unique pour l'implantation et l'exploitation d'un parc éolien sur le territoire de la commune de Pressac. Par un arrêt n° 19BX01720 du 6 juillet 2021, la cour administrative d'appel de Bordeaux a, d'une part, annulé l'arrêté du 26 décembre 2018 en tant qu'il ne comporte pas la dérogation prévue à l'article L. 411-2 du code de l'environnement, d'autre part, suspendu l'exécution de cet arrêté jusqu'à la délivrance éventuelle de cette dérogation et, enfin, rejeté le surplus des conclusions de la requête. Par un pourvoi sommaire et un mémoire complémentaire, enregistrés les 7 septembre et 7 décembre 2021 au secrétariat du contentieux du Conseil d'Etat, la ministre de la transition écologique demande au Conseil d'Etat d'annuler les deux premiers articles de cet arrêt.",plein_contentieux,defavorable_requerant,DCE_456422_20220617.xml,DCE,2022-06-17,Décision,Plein contentieux,Rejet PAPC,3111
"Procédure contentieuse antérieure : M. B A a demandé au tribunal administratif de Bordeaux de lui accorder la décharge des suppléments d'impôt sur le revenu auxquels il a été assujetti au titre des années 2003 à 2007. Par un jugement n° 1405093 du 17 mars 2016, le tribunal administratif de Bordeaux a rejeté sa demande. Par un arrêt n° 16BX01622 du 27 septembre 2018, la cour administrative d'appel de Bordeaux a annulé ce jugement et a prononcé la décharge des suppléments d'impôt sur le revenu en litige. Par une décision n° 425337 du 14 octobre 2020, le Conseil d'Etat, statuant au contentieux, a, sur le pourvoi du ministre de l'action et des comptes publics, annulé cet arrêt et renvoyé l'affaire à la cour administrative d'appel de Bordeaux. Par un arrêt n° 20BX03405 du 6 juillet 2021, la cour administrative d'appel de Bordeaux a rejeté l'appel formé par M. A contre le jugement du tribunal administratif de Bordeaux du 17 mars 2016. Procédure devant le Conseil d'Etat : Par un pourvoi sommaire et un mémoire complémentaire, enregistrés les 7 septembre et 7 décembre 2021 au secrétariat du contentieux du Conseil d'Etat, M. A demande au Conseil d'Etat : 1°) d'annuler cet arrêt ; 2°) de mettre à la charge de l'Etat la somme de 5 000 euros au titre de l'article L. 761-1 du code de justice administrative.",plein_contentieux,defavorable_requerant,DCE_456431_20220617.xml,DCE,2022-06-17,Décision,Plein contentieux,Rejet PAPC,4866
"Mme D B, M. C B et Mme A B ont demandé au tribunal administratif de Montpellier d'annuler pour excès de pouvoir le permis de construire un ensemble de 154 logements délivré le 11 mars 2020 par le maire du Crès à la société à responsabilité limitée Hélénis ainsi que la décision de rejet de leur recours gracieux. Par un jugement n° 2004313 du 8 juillet 2021, le tribunal administratif de Montpellier a fait droit à cette demande en tant que le projet comprend un nombre insuffisant de places de stationnement. Par un pourvoi sommaire et un mémoire complémentaire, enregistrés les 8 septembre et 9 décembre 2021 au secrétariat du contentieux du Conseil d'Etat, la société Hélénis demande au Conseil d'Etat : 1°) d'annuler ce jugement ; 2°) réglant l'affaire au fond, de rejeter la requête de première instance ; 3°) de mettre à la charge des consorts B la somme de 4 000 euros au titre de l'article L. 761-1 du code de justice administrative. Elle soutient que le tribunal administratif a commis une erreur de droit en se fondant sur une méconnaissance de l'article AU1 12 du plan local d'urbanisme de la commune du Crès pour annuler partiellement le permis de construire qui lui a été délivré alors que le moyen retenu était inopérant. Par un mémoire en défense, enregistré le 6 avril 2022, Mme B et autres concluent au rejet du pourvoi et à ce que soit mise à la charge de la société Hélénis la somme de 4 000 euros au titre de l'article L. 761-1 du code de justice administrative. Ils soutiennent que le moyen soulevé n'est pas fondé.",exces_de_pouvoir,renvoi,DCE_456445_20220622.xml,DCE,2022-06-22,Décision,Excès de pouvoir,Renvoi après cassation,7602
"Mme M K, M. O, M. E J, M. G B, Mme F A, M. D I, Mme H N, M. L C et la Société civile immobilière (SCI) des Trésoriers ont demandé au tribunal administratif de Montreuil d'annuler pour excès de pouvoir l'arrêté du 3 août 2020 par lequel le maire de la commune de Neuilly-Plaisance a délivré à la société anonyme HLM France Seqens un permis de construire en vue de la construction d'un immeuble d'habitation comprenant trente-huit logements et un parc de stationnement en sous-sol. Par un jugement n° 2010356 du 8 juillet 2021, le tribunal administratif de Montreuil a annulé ce permis de construire en tant que le projet de construction prévoit l'abattage de l'ensemble des arbres de haute tige préexistants sur le terrain d'assiette du projet. 1° Sous le n° 456477, par un pourvoi sommaire, un mémoire complémentaire et un nouveau mémoire, enregistrés les 8 septembre ainsi que les 9 et 10 décembre 2021 au secrétariat du contentieux du Conseil d'Etat, la commune de Neuilly-Plaisance demande au Conseil d'Etat : 1°) d'annuler les articles 1er, 2 et 4 de ce jugement; 2°) réglant l'affaire au fond, de rejeter les conclusions présentées par Mme K et autres ; 3°) de mettre solidairement à la charge de Mme K et autres la somme de 3 000 euros au titre de l'article L. 761-1 du code de justice administrative. 2° Sous le n° 456489, par un pourvoi sommaire et un mémoire complémentaire, enregistrés les 8 septembre et 8 décembre 2021 au secrétariat du contentieux du Conseil d'Etat, la société HLM France Seqens demande au Conseil d'Etat : 1°) d'annuler le même jugement en ce qu'il a annulé le permis de construire litigieux en tant que le projet de construction prévoit l'abattage de l'ensemble des arbres de haute tige préexistants sur le terrain d'assiette du projet ; 2°) de mettre solidairement à la charge de Mme K et autres la somme de 4 000 euros au titre de l'article L. 761-1 du code de justice administrative. 3° Sous le n° 456858, par un pourvoi sommaire et un mémoire complémentaire, enregistrés les 20 septembre et 20 décembre 2021 au secrétariat du contentieux du Conseil d'Etat, Mme M K, M. E J, M. L C, M. G B, Mme H N, M. D I et Mme F A demandent au Conseil d'Etat : 1°) d'annuler le",exces_de_pouvoir,renvoi,DCE_456477_20220622.xml,DCE,2022-06-22,Décision,Excès de pouvoir,Renvoi après cassation,13109
"La société civile immobilière (SCI) HDC a demandé au tribunal administratif de Grenoble, d'une part, d'annuler l'arrêté du 27 janvier 2016 par lequel le préfet de la Haute-Savoie a renouvelé pour trois années l'autorisation d'occupation temporaire du domaine public fluvial dont elle bénéficiait sur le lac Léman en tant qu'il fixe le montant des redevances domaniales dues au titre de l'année 2015 et des années suivantes et, d'autre part, d'annuler les avis de régularisation émis les 25 février et 29 juillet 2016 en vue du recouvrement des redevances dues au titre des années 2015 et 2016 ainsi que le rejet du recours gracieux qu'il avait formé le 14 septembre 2016 contre ces avis. Par un jugement n° 1700141 du 25 juin 2019, ce tribunal, après avoir donné acte du désistement des conclusions tendant à l'annulation de l'avis de régularisation au titre de l'année 2015, a annulé l'arrêté préfectoral du 27 janvier 2016 en tant qu'il fixait les modalités de calcul de la redevance au titre de la période comprise entre le 1er janvier 2015 et le 12 février 2016, annulé l'avis de régularisation en tant qu'il appliquait ces modalités au titre de la période comprise entre le 1er janvier et le 12 février 2016 et rejeté le surplus des conclusions de la demande de la société HDC. Par un arrêt n° 19LY02935 du 8 juillet 2021, la cour administrative d'appel de Lyon a rejeté l'appel formé par la société HDC contre ce jugement, en tant qu'il lui était défavorable. Par un pourvoi sommaire et un mémoire complémentaire, enregistrés les 8 septembre et 7 décembre 2021 au secrétariat du contentieux du Conseil d'État, la société HDC demande au Conseil d'État : 1°) d'annuler cet arrêt ; 2°) réglant l'affaire au fond, de faire droit à son appel ; 3°) de mettre à la charge de l'État la somme de 4 000 euros au titre de l'article L. 761-1 du code de justice administrative.",exces_de_pouvoir,defavorable_requerant,DCE_456482_20220603.xml,DCE,2022-06-03,Décision,Excès de pouvoir,Rejet PAPC,4187
"M. B A a demandé au tribunal administratif de Paris d'annuler pour excès de pouvoir la décision du 27 février 2017 par laquelle la ville de Paris a refusé de lui accorder le bénéfice de la protection fonctionnelle, et d'enjoindre à la ville de Paris de lui accorder le bénéfice de cette protection dans le délai d'un mois à compter de la notification du jugement à intervenir, sous astreinte de 200 euros par jour de retard. Par un jugement n° 1707386 du 10 octobre 2019, le tribunal administratif de Paris a rejeté sa demande. Par un arrêt n° 19PA04018 du 8 juillet 2021, la cour administrative d'appel de Paris a rejeté son appel. Par un pourvoi sommaire, un mémoire complémentaire et un autre mémoire, enregistrés les 8 septembre, 1er décembre 2021 et 18 mai 2022 au secrétariat du contentieux du Conseil d'Etat, M. A demande au Conseil d'Etat : 1°) d'annuler cet arrêt ; 2°) de mettre à la charge de la ville de Paris la somme de 3 000 euros au titre de l'article L. 761-1 du code de justice administrative.",exces_de_pouvoir,defavorable_requerant,DCE_456492_20220617.xml,DCE,2022-06-17,Décision,Excès de pouvoir,Rejet PAPC,3631
"La société L'immobilière Castorama a demandé au tribunal administratif de Lille de prononcer la décharge de la cotisation de taxe d'enlèvement des ordures ménagères à laquelle elle a été assujettie au titre de l'année 2016 à raison d'un établissement situé à Chambéry. Par un jugement n° 1805829 du 9 juillet 2021, le tribunal administratif de Grenoble a rejeté sa demande. Par un pourvoi sommaire et un mémoire complémentaire, enregistrés les 9 septembre 2020 et 8 décembre 2021 au secrétariat du contentieux du Conseil d'Etat, la société L'immobilière Castorama demande au Conseil d'Etat : 1°) d'annuler ce jugement ; 2°) de renvoyer l'affaire au tribunal administratif de Grenoble ; 3°) de mettre à la charge de l'Etat la somme de 3 500 euros au titre de l'article L. 761-1 du code de justice administrative.",plein_contentieux,defavorable_requerant,DCE_456507_20220616.xml,DCE,2022-06-16,Décision,Plein contentieux,Rejet PAPC,2432
"La société Equinox a demandé au tribunal administratif de Cergy-Pontoise de prononcer la réduction des cotisations de taxe sur les locaux à usage de bureaux, les locaux commerciaux, les locaux de stockage et les surfaces de stationnement perçue dans la région Ile-de-France auxquelles elle a été assujettie au titre des années 2013 à 2015 à raison d'un ensemble immobilier situé 19/23, allée de l'Europe à Clichy-la-Garenne (Hauts-de-Seine). Par un jugement nos 1707369, 1707372 du 9 juillet 2019, ce tribunal a rejeté ses demandes. Par un arrêt n° 19VE03163 du 16 juillet 2021, la cour administrative d'appel de Versailles a rejeté l'appel formé par la société Equinox contre ce jugement. Par un pourvoi sommaire et un mémoire complémentaire, enregistrés les 9 septembre et 3 décembre 2021 au secrétariat du contentieux du Conseil d'Etat, la société Equinox demande au Conseil d'Etat : 1°) d'annuler cet arrêt ; 2°) réglant l'affaire au fond, de faire droit à son appel ; 3°) de mettre à la charge de l'Etat la somme de 4 000 euros au titre de l'article L. 761-1 du code de justice administrative.",plein_contentieux,defavorable_requerant,DCE_456531_20220602.xml,DCE,2022-06-02,Décision,Plein contentieux,Rejet PAPC,3598
"Mme B A a demandé au tribunal administratif de Montreuil de prononcer la décharge des suppléments de contributions sociales auxquelles elle a été assujettie au titre des années 2010 et 2011. Par un jugement n° 1709433 du 9 juillet 2019, ce tribunal a rejeté sa demande. Par un arrêt n° 19VE03146 du 16 juillet 2021, la cour administrative d'appel de Versailles, sur appel de Mme A, a, après avoir prononcé un non-lieu partiel à statuer à raison d'un dégrèvement intervenu en cours d'instance, réduit les bases d'imposition aux contributions sociales de l'intéressée au titre des années 2010 et 2011, prononcé la décharge des suppléments de cotisations sociales mis à sa charge correspondant à cette réduction de bases imposables, réformé le jugement du tribunal administratif de Montreuil et rejeté le surplus des conclusions de la requête d'appel. Par un pourvoi enregistré le 9 septembre 2021 au secrétariat du contentieux du Conseil d'Etat, le ministre de l'économie, des finances et de la relance demande au Conseil d'Etat d'annuler les articles 2 à 5 de cet arrêt.",plein_contentieux,favorable_requerant,DCE_456544_20220609.xml,DCE,2022-06-09,Décision,Plein contentieux,Satisfaction totale,10205
"M. A B a demandé au tribunal administratif de Strasbourg d'annuler la décision du 2 juin 2020 par laquelle le préfet de la Moselle a refusé de lui délivrer un certificat de résidence, lui a fait obligation de quitter le territoire français dans un délai de soixante jours et a fixé le pays à destination duquel il pourra être reconduit d'office. Par un jugement n° 2004013 du 26 novembre 2020, le tribunal administratif de Strasbourg a rejeté sa demande. Par une ordonnance n° 21NC00585 du 5 août 2021, le président désigné de la cour administrative d'appel de Nancy a rejeté l'appel de M. B tendant à l'annulation de ce jugement et de la décision du 2 juin 2020, et à ce qu'il soit enjoint au préfet de lui délivrer un titre de séjour ou à titre subsidiaire de réexaminer sa situation administrative. Par un pourvoi sommaire et un mémoire complémentaire, enregistrés les 10 septembre et le 2 décembre 2021 au secrétariat du contentieux du Conseil d'Etat, M. B demande au Conseil d'Etat : 1°) d'annuler cette ordonnance ; 2°) réglant l'affaire au fond, de faire droit à son appel ; 3°) de mettre à la charge de l'Etat la somme de 3 000 euros au titre de l'article L. 761-1 du code de justice administrative.",exces_de_pouvoir,defavorable_requerant,DCE_456567_20220622.xml,DCE,2022-06-22,Décision,Excès de pouvoir,Rejet PAPC,3130
"1° M. J A F et Mme E A F ont demandé au tribunal administratif de Rennes de suspendre, sur le fondement de l'article L. 521-1 du code de justice administrative, l'exécution des décisions des 15 février et 18 mars 2021 par lesquelles le maire de Pluneret (Morbihan) a refusé d'inscrire leur fille B à l'école maternelle Germaine Tillion au titre de l'année scolaire 2021-2022, et de la décision du 25 mai 2021 rejetant leur recours gracieux. Par une ordonnance n° 2104076 du 26 août 2021, le juge des référés a suspendu l'exécution de ces décisions et a enjoint au maire de Pluneret d'inscrire à titre provisoire l'enfant B Le F à l'école maternelle Germaine Tillion dans un délai de dix jours à compter de la notification de son ordonnance. Sous le n° 456625, par un pourvoi sommaire, un mémoire complémentaire et un nouveau mémoire, enregistrés les 13 et 29 septembre 2021 et le 15 avril 2022, au secrétariat du contentieux du Conseil d'Etat, la commune de Pluneret demande au Conseil d'Etat : 1°) d'annuler cette ordonnance ; 2°) de mettre à la charge de M. et Mme A F la somme de 3 500 euros au titre de l'article L. 761-1 du code de justice administrative. 2° M. G K a demandé au tribunal administratif de Rennes de suspendre, sur le fondement de l'article L. 521-1 du code de justice administrative, l'exécution de la décision du 8 juillet 2021 par laquelle le maire de Pluneret a refusé d'inscrire sa fille H à l'école maternelle Germaine Tillion au titre de l'année scolaire 2021-2022. Par une ordonnance n° 2104077 du 26 août 2021, le juge des référés a suspendu l'exécution de cette décision et a enjoint au maire de Pluneret d'inscrire à titre provisoire l'enfant H K à l'école maternelle Germaine Tillion dans un délai de dix jours à compter de la notification de son ordonnance. Sous le n° 456626, par un pourvoi sommaire, un mémoire complémentaire et un nouveau mémoire, enregistrés les 13 et 29 septembre 2021 et le 15 avril 2022 au secrétariat du contentieux du Conseil d'Etat, la commune de Pluneret demande au Conseil d'Etat : 1°) d'annuler cette ordonnance ; 2°) de mettre à la charge de M. K la somme de 3 500 euros au titre de l'article L. 761-1 du code de justice",exces_de_pouvoir,defavorable_requerant,DCE_456625_20220601.xml,DCE,2022-06-01,Décision,Excès de pouvoir,Rejet,15880
"La société Mazières Frères a demandé au tribunal administratif de Montpellier de prononcer la décharge des cotisations supplémentaires de taxe foncière sur les propriétés bâties auxquelles elle a été assujettie au titre des années 2017 et 2018 à raison notamment d'une passe à poissons dont elle est propriétaire dans la commune de Sauvian (Hérault), ou à titre subsidiaire, la réduction de ces cotisations. Par un jugement n° 1904379 du 12 juillet 2021, le tribunal administratif de Montpellier a rejeté sa demande. Par un pourvoi sommaire et un mémoire complémentaire enregistrés le 13 septembre et le 13 décembre 2021 au secrétariat du contentieux du Conseil d'Etat, la société Mazières Frères demande au Conseil d'Etat : 1°) d'annuler ce jugement ; 2°) réglant l'affaire au fond, de faire droit à sa demande ; 3°) de mettre à la charge de l'Etat la somme de 4 000 euros au titre de l'article L 761-1 du code de justice administrative.",plein_contentieux,defavorable_requerant,DCE_456629_20220602.xml,DCE,2022-06-02,Décision,Plein contentieux,Rejet PAPC,3767
"La société Clara Automobiles a demandé au tribunal administratif de Montreuil de prononcer la décharge des rappels de taxe sur la valeur ajoutée qui lui ont été réclamés au titre de l'année 2012, ainsi que des intérêts de retard correspondants. Par un jugement n° 1804289 du 7 novembre 2019, le tribunal a rejeté sa demande. Par un arrêt n° 20VE00078 du 12 juillet 2021, la cour administrative d'appel de Versailles a rejeté l'appel formé par la société Clara Automobiles contre ce jugement. Par un pourvoi sommaire et un mémoire complémentaire enregistrés le 13 septembre et le 13 décembre 2021 au secrétariat du contentieux du Conseil d'Etat, la société Clara Automobiles demande au Conseil d'Etat : 1°) d'annuler cet arrêt ; 2°) de mettre à la charge de l'Etat la somme de 5 000 euros au titre de l'article L. 761-1 du code de justice administrative.",plein_contentieux,defavorable_requerant,DCE_456641_20220602.xml,DCE,2022-06-02,Décision,Plein contentieux,Rejet PAPC,3131
"La SCI Mont Blanc a demandé au tribunal administratif de Melun d'annuler pour excès de pouvoir l'arrêté du 5 mars 2020 par lequel le maire de Melun a délivré à la société civile de construction-vente (SCCV) Résidence Pallas un permis de construire modificatif aux fins de régularisation des travaux entrepris pour la mise en œuvre du permis de construire 43 logements, accordé par le maire de Melun le 30 novembre 2017. Par un jugement n° 2005246 du 16 juin 2021, le tribunal administratif de Melun a rejeté sa demande. Par un pourvoi sommaire et un mémoire complémentaire, enregistrés les 14 septembre et 9 décembre 2021 au secrétariat du contentieux du Conseil d'Etat, la SCI Mont Blanc demande au Conseil d'Etat : 1°) d'annuler ce jugement ; 2°) de mettre à la charge solidaire de la commune de Melun et de la SCCV Résidence Pallas la somme de 3 500 euros au titre de l'article L. 761-1 du code de justice administrative.",exces_de_pouvoir,defavorable_requerant,DCE_456663_20220622.xml,DCE,2022-06-22,Décision,Excès de pouvoir,Rejet PAPC,3407
"Par six requêtes, la société Invest Hôtel Auch Rochefort Pessac a demandé au tribunal administratif de Pau de prononcer la décharge des cotisations de taxe foncière sur les propriétés bâties, de taxe d'enlèvement des ordures ménagères, de cotisation foncière des entreprises et de taxe pour frais de chambre de commerce et d'industrie auxquelles elle a été assujettie au titre des années 2016 à 2018 à raison de l'hôtel à l'enseigne "" Campanile "" qu'elle exploite à Auch (Gers). Par un jugement nos 1800649, 1800679, 1901007, 1901009, 1901011, 1901012 du 13 juillet 2021, le tribunal a rejeté ses demandes. Par un pourvoi sommaire et un mémoire complémentaire enregistrés le 14 septembre et le 14 décembre 2021 au secrétariat du contentieux du Conseil d'Etat, la société Invest Hôtel Auch Rochefort Pessac demande au Conseil d'Etat : 1°) d'annuler ce jugement ; 2°) réglant l'affaire au fond, de faire droit à sa demande ; 3°) de mettre à la charge de l'Etat la somme de 3 500 euros au titre de l'article L. 761-1 du code de justice administrative.",plein_contentieux,renvoi,DCE_456709_20220602.xml,DCE,2022-06-02,Décision,Plein contentieux,Renvoi après cassation,7485
"M. D C a demandé au tribunal des pensions militaires de Bordeaux d'annuler la décision du 3 juillet 2017 par laquelle la ministre des armées a rejeté la demande de révision de sa pension présentée au motif de l'aggravation de ses infirmités et de la prise en compte de trois nouvelles infirmités tenant à un reflux gastro-œsophagien, une névralgie et une impuissance érectile totale. Par un jugement n° 17/00030 du 6 juin 2019, le tribunal des pensions militaires de Bordeaux a, en premier lieu, annulé la décision du 3 juillet 2017 de la ministre des armées en tant qu'elle a refusé la révision de la pension de M. C pour une "" névralgique sciatique dans le territoire du L5 droit "", une "" impuissance érectile totale "" dont le taux d'invalidité est fixé à 20%, un "" reflux gastro-oesophagien "" et une "" névralgie cervico-brachiale sur une hernie cervicale C6-C7 "" dont le taux d'invalidité est fixé à 10%, en deuxième lieu, reconnu le droit de l'intéressé à la majoration prévue au deuxième alinéa de l'article L. 18 du code des pensions militaires d'invalidité et des victimes de guerre, en troisième lieu, rejeté le surplus des conclusions de la demande. Par un arrêt n° 19BX04045 du 13 juillet 2021, la cour administrative d'appel de Bordeaux a, sur l'appel de la ministre des armées et l'appel incident de M. C, d'une part, annulé ce jugement en tant qu'il a reconnu comme indemnisables les infirmités "" impuissance érectile totale "" et "" névralgie cervico-brachiale sur hernie cervicale C6-C7 "", d'autre part, rejeté la demande présentée par M. C devant le tribunal des pensions militaires de Bordeaux en ce qu'elle concerne ces infirmités ainsi que le surplus des conclusions des parties. Par un pourvoi, enregistré le 15 septembre 2021 au secrétariat du contentieux du Conseil d'Etat, la ministre des armées demande au Conseil d'Etat : 1°) d'annuler cet arrêt en tant qu'il a estimé que M. C était fondé à demander, à titre d'allocation spéciale, une majoration du quart de sa pension au titre de l'article L. 18 du code des pensions militaires d'invalidité et des victimes de guerre ; 2°) réglant l'affaire au fond, d'annuler le jugement du tribunal des pensions militaires de Bordeaux en",autres_recours,defavorable_requerant,DCE_456718_20220610.xml,DCE,2022-06-10,Décision,Contentieux des pensions,Rejet PAPC,4234
"Mme A B a demandé à la Cour nationale du droit d'asile d'annuler la décision du 30 mars 2018 par laquelle le directeur général de l'Office français de protection des réfugiés et apatrides (OFPRA) a rejeté sa demande d'asile et de lui reconnaître la qualité de réfugiée ou, à défaut de lui accorder le bénéfice de la protection subsidiaire. Par une décision n° 18025635 du 4 janvier 2021, la Cour nationale du droit d'asile a rejeté sa demande. Par un pourvoi sommaire et un mémoire complémentaire, enregistrés les 15 septembre et 15 décembre 2021 au secrétariat du contentieux du Conseil d'Etat, Mme B demande au Conseil d'Etat d'annuler cette décision.",plein_contentieux,defavorable_requerant,DCE_456732_20220622.xml,DCE,2022-06-22,Décision,Plein contentieux,Rejet PAPC,2312
"M. C A et Mme B A ont demandé au tribunal administratif de Rouen de prononcer la décharge des cotisations supplémentaires d'impôt sur le revenu et de prélèvements sociaux auxquelles ils ont été assujettis au titre de l'année 2013, et des pénalités correspondantes. Par un jugement n° 1701324 du 4 avril 2019, ce tribunal a rejeté leur demande. Par un arrêt n° 19DA01271 du 13 juillet 2021, la cour administrative d'appel de Douai a rejeté l'appel formé par M. et Mme A contre ce jugement. Par un pourvoi sommaire et un mémoire complémentaire, enregistrés les 15 septembre et 16 décembre 2021 au secrétariat du contentieux du Conseil d'État, M. et Mme A demandent au Conseil d'État : 1°) d'annuler cet arrêt ; 2°) de mettre à la charge de l'État la somme de 4 000 euros au titre de l'article L. 761-1 du code de justice administrative.",plein_contentieux,defavorable_requerant,DCE_456749_20220603.xml,DCE,2022-06-03,Décision,Plein contentieux,Rejet PAPC,2442
"La société civile immobilière (SCI) Australia et la société La Cerisaie ont demandé au tribunal administratif de Cergy-Pontoise de condamner la commune de Montmorency à leur verser la somme de 8 452 euros en réparation des avances faites au titre des mesures conservatoires prises pour sécuriser le mur situé en bordure de la parcelle AB 368 qui s'est effondré le 24 avril 2016, de la condamner à leur verser respectivement les sommes de 5 000 et 20 000 euros en réparation des préjudices économiques et d'image qu'elles estiment avoir subis, d'annuler l'avis de somme à payer émis le 27 juillet 2017 au titre de droits de voirie pour la période du 29 juillet 2016 au 31 décembre 2017, d'annuler la décision du 4 juillet 2017 rejetant leur recours gracieux contre la permission de voirie n° 18 du 23 mars 2017 et d'annuler la décision du 6 septembre 2017 mettant en demeure la société La Cerisaie de procéder sous dix jours à une vérification de la stabilité générale des étais mis en place. Par un jugement n° 1611194, 1708203, 1708526 du 27 juin 2019, ce tribunal a annulé l'arrêté du 23 mars 2017 du maire de la commune de Montmorency en tant qu'il fixe un droit de voirie, la décision du 4 juillet 2017 rejetant le recours gracieux formé contre cet arrêté ainsi que l'avis de somme à payer émis le 27 juillet 2017 et rejeté le surplus des conclusions de ces demandes. Par une ordonnance n° 19VE03067 du 15 juillet 2021, le président assesseur de la 2ème chambre de la cour administrative d'appel de Versailles a rejeté l'appel formé par la commune de Montmorency contre ce jugement, en tant qu'il conclut à la domanialité publique du mur litigieux. Par un pourvoi sommaire et un mémoire complémentaire, enregistrés les 15 septembre et 15 décembre 2021 au secrétariat du contentieux du Conseil d'Etat, la commune de Montmorency demande au Conseil d'Etat : 1°) d'annuler cette ordonnance ; 2°) réglant l'affaire au fond, de faire droit à son appel ; 3°) de mettre à la charge de la société Australia et de la société La Cerisaie une somme globale de 3 000 euros au titre de l'article L. 761-1 du code de justice administrative.",exces_de_pouvoir,defavorable_requerant,DCE_456754_20220603.xml,DCE,2022-06-03,Décision,Excès de pouvoir,Rejet PAPC,4342
"Vu la procédure suivante Mme A C a demandé à la Cour nationale du droit d'asile, à titre principal, d'annuler la décision du 30 novembre 2020 par laquelle le directeur général de l'Office français de protection des réfugiés et apatrides (OFPRA) a rejeté sa demande d'asile et de lui reconnaître la qualité de réfugiée ou, à défaut, de lui accorder le bénéfice de la protection subsidiaire, à titre subsidiaire, d'annuler cette décision et de renvoyer l'examen de sa demande devant l'OFPRA pour audition. Par une décision n° 21011322 du 16 juillet 2021, la Cour nationale du droit d'asile a annulé la décision attaquée. Par un pourvoi sommaire et un mémoire complémentaire, enregistrés le 16 septembre et le 14 décembre 2021 au secrétariat du contentieux du Conseil d'Etat, l'Office français de protection des réfugiés et apatrides demande au Conseil d'Etat : 1°) d'annuler cette décision ; 2°) de renvoyer l'affaire, en vue de son règlement, à la Cour nationale du droit d'asile.",plein_contentieux,defavorable_requerant,DCE_456778_20220622.xml,DCE,2022-06-22,Décision,Plein contentieux,Rejet PAPC,2798
"Par une requête et un mémoire en réplique, enregistrée les 20 septembre 2021 et 1er avril 2022 au secrétariat du contentieux du Conseil d'Etat, M. D E et Mme B C, agissant en leur nom propre et en qualité de représentants légaux de leur fille mineure G E C, demandent au Conseil d'Etat : 1°) d'annuler pour excès de pouvoir le refus du garde des sceaux, ministre de la justice, d'abroger les circulaires du 25 octobre 2011 relative à la modification des modalités d'indication des "" doubles noms "" et du 28 octobre 2011 relative A règles particulières à divers actes de l'état civil relatifs à la naissance et à la filiation, en tant qu'elles imposent qu'un simple espace sépare les deux noms des parents qui souhaitent procéder à leur accolement pour leurs enfants en application de l'art. 311-21 du code civil ; 2°) d'enjoindre au garde des sceaux, ministre de la justice, sur le fondement de l'article L. 911-1 du code de justice administrative, d'abroger ces dispositions dans un délai de deux mois et de préciser, par circulaire A services de l'état civil, que l'accolement des deux parties des noms dévolus peut se faire par tous les signes d'adjonction communément admis en langue française et de prévoir un dispositif permettant la rectification des noms déjà dévolus, depuis le 25 octobre 2011, par accolement des noms des deux parents, soit à l'occasion d'un événement d'état civil ou soit à tout moment à la demande des titulaires du nom ou de leurs représentants légaux par requête au procureur de la République.",exces_de_pouvoir,defavorable_requerant,DCE_456840_20220621.xml,DCE,2022-06-21,Décision,Excès de pouvoir,Rejet,7367
"M. B A a demandé au tribunal administratif de Lyon d'annuler pour excès de pouvoir l'arrêté du 23 septembre 2020 par lequel le préfet de l'Ain a refusé de l'admettre au séjour, a assorti ce refus d'une obligation de quitter le territoire français dans un délai de trente jours et a fixé le pays de renvoi. Par un jugement n° 2007540 du 12 février 2021, le tribunal administratif de Lyon a annulé cet arrêté. Par un arrêt nos 21LY00717, 21LY00718 du 21 juillet 2021, la cour administrative d'appel de Lyon a, sur appel du préfet de l'Ain, annulé ce jugement et rejeté la demande de M. A. Par un pourvoi sommaire et un mémoire complémentaire, enregistrés les 21 septembre et 21 décembre 2021 au secrétariat du contentieux du Conseil d'Etat, M. A demande au Conseil d'Etat : 1°) d'annuler cet arrêt ; 2°) réglant l'affaire au fond, de rejeter l'appel du préfet de l'Ain ; 3°) de mettre à la charge de l'Etat la somme de 3 500 euros au titre de l'article L. 761-1 du code de justice administrative.",exces_de_pouvoir,defavorable_requerant,DCE_456863_20220617.xml,DCE,2022-06-17,Décision,Excès de pouvoir,Rejet PAPC,2948
"Mme A B a demandé au tribunal administratif de Cergy-Pontoise de condamner le centre national des arts plastiques à lui verser la somme de 6 830,47 euros en réparation des préjudices subis du fait du refus fautif de procéder à son reclassement. Par un jugement n° 1603372 du 23 mai 2019, le tribunal administratif de Cergy-Pontoise a rejeté sa demande. Par une décision n° 432918 du 9 juin 2020, le Conseil d'Etat statuant au contentieux a attribué le jugement de la requête de Mme B dirigée contre ce jugement à la cour administrative de Versailles. Par un arrêt n° 20VE01389 du 21 juillet 2021, la cour administrative d'appel de Versailles, sur l'appel formé par Mme B, a annulé ce jugement et rejeté sa demande présentée devant le tribunal administratif de Cergy-Pontoise ainsi que ses conclusions d'appel. Par un pourvoi sommaire et un mémoire complémentaire, enregistrés le 21 septembre 2021 et le 21 décembre 2021 au secrétariat du contentieux du Conseil d'Etat, Mme B demande au Conseil d'Etat : 1°) d'annuler cet arrêt ; 2°) réglant l'affaire au fond, de faire droit à son appel ; 3°) de mettre à la charge du centre national des arts plastiques la somme de 3 500 euros au titre de l'article L. 761-1 du code de justice administrative.",plein_contentieux,defavorable_requerant,DCE_456867_20220616.xml,DCE,2022-06-16,Décision,Plein contentieux,Rejet PAPC,3334
"La société TGA 82 a demandé au tribunal administratif de Toulouse de prononcer la décharge des cotisations de taxe sur les surfaces commerciales auxquelles elle a été assujettie au titre des années 2015 à 2017, pour un montant total de 59 461 euros, à raison de locaux sis à Montauban (Tarn-et-Garonne). Par un jugement n° 1902683 du 20 juillet 2021, le tribunal administratif de Toulouse a rejeté sa demande. Par un pourvoi sommaire et un mémoire complémentaire enregistrés le 21 septembre et le 21 décembre 2021 au secrétariat du contentieux du Conseil d'Etat, la société TGA 82 demande au Conseil d'Etat : 1°) d'annuler ce jugement ; 2°) réglant l'affaire au fond, de faire droit à sa demande ; 3°) de mettre à la charge de l'Etat la somme de 4 000 euros au titre de l'article L. 761-1 du code de justice administrative.",plein_contentieux,defavorable_requerant,DCE_456919_20220602.xml,DCE,2022-06-02,Décision,Plein contentieux,Rejet PAPC,3159
"M. B A a demandé à la Cour nationale du droit d'asile d'annuler la décision du 31 juillet 2020 par laquelle le directeur de l'Office français de protection des réfugiés et apatrides a rejeté sa demande d'asile et de lui reconnaître la qualité de réfugié ou, à défaut, de lui accorder le bénéfice de la protection subsidiaire. Par une décision n° 20032520 du 21 juillet 2021, la Cour nationale de droit d'asile a annulé la décision du directeur général de l'OFPRA. Par un pourvoi sommaire et un mémoire complémentaire, enregistrés les 22 septembre et 23 décembre 2021 au secrétariat du contentieux du Conseil d'Etat, l'Office français de protection des étrangers et apatrides demande au Conseil d'Etat d'annuler cette décision.",plein_contentieux,defavorable_requerant,DCE_456944_20220622.xml,DCE,2022-06-22,Décision,Plein contentieux,Rejet PAPC,2670
"M. B A a demandé au tribunal administratif de Nancy d'annuler le titre de perception émis à son encontre le 14 décembre 2017 et de le décharger de la taxe d'aménagement mise à sa charge pour un montant de 40 904 euros. Par un jugement n° 1800073, 1802529 du 6 juillet 2021, le tribunal administratif de Nancy a rejeté sa demande. Par une ordonnance n° 21NC02455 du 23 septembre 2021, la présidente de la cour administrative d'appel de Nancy a, sur le fondement de l'article R. 351-2 du code de justice administrative, transmis au Conseil d'Etat le pourvoi de M. A visant à l'annulation de ce jugement, enregistré le 6 septembre 2021 au greffe de cette cour. Par ce pourvoi et par un mémoire enregistré le 29 novembre 2021 au secrétariat du contentieux du Conseil d'Etat, M. A demande au Conseil d'Etat : 1°) d'annuler ce jugement ; 2°) de mettre à la charge de l'Etat la somme de 5000 euros au titre de l'article L. 761-1 du code de justice administrative.",plein_contentieux,defavorable_requerant,DCE_456963_20220616.xml,DCE,2022-06-16,Décision,Plein contentieux,Rejet PAPC,3633
"M. B A a demandé à la Cour nationale du droit d'asile d'annuler la décision du 25 juin 2020 par laquelle le directeur général de l'Office français de protection des réfugiés et apatrides (OFPRA) a rejeté sa demande d'asile et de lui reconnaître la qualité de réfugié ou, à défaut, de lui accorder le bénéfice de la protection subsidiaire. Par une décision n° 20023355 du 23 juillet 2021, la Cour nationale du droit d'asile a annulé cette décision et a accordé à M. A le bénéfice de la protection subsidiaire. Par un pourvoi sommaire et un mémoire complémentaire, enregistrés les 23 septembre et 24 décembre 2021 au secrétariat du contentieux du Conseil d'Etat, l'OFPRA demande au Conseil d'Etat : 1°) d'annuler cette décision ; 2°) de renvoyer l'affaire à la Cour nationale du droit d'asile.",plein_contentieux,defavorable_requerant,DCE_456991_20220622.xml,DCE,2022-06-22,Décision,Plein contentieux,Rejet PAPC,3025
"La société Natixis Lease Immo, ayant donné mandat à la société Cedilec, a demandé au tribunal administratif de Rouen de prononcer la décharge des cotisations supplémentaires de taxe foncière auxquelles elle a été assujettie au titre des années 2015 à 2017 à raison d'immeubles lui appartenant sur le site du port autonome du Havre (Seine-Maritime) et qu'elle donne à bail à la société Cedilec. Par un jugement nos 1902084, 1902086 et 1902500 du 23 février 2021, le tribunal administratif de Rouen a rejeté ses demandes. Par une ordonnance n° 21DA00893 du 27 septembre 2021, enregistrée le 28 septembre 2021 au secrétariat du contentieux du Conseil d'Etat, le président de la cour administrative d'appel de Douai a transmis au Conseil d'Etat, en application de l'article R. 351-2 du code de justice administrative, le pourvoi formé par la société Natixis Lease Immo contre ce jugement, enregistré au greffe de cette cour le 26 avril 2021, en ce qu'il concerne les cotisations supplémentaires et primitives de taxe foncière sur les propriétés bâties auxquelles la société Natixis Lease Immo a été assujettie au titre des années 2016 et 2017. Par le pourvoi n° 457071, la société Natixis Lease Immo, ayant la société Cedilec pour mandataire, demande au Conseil d'Etat : 1°) d'annuler le jugement du tribunal administratif de Rouen en tant qu'il lui est défavorable ; 2°) réglant l'affaire au fond, de faire droit à ses demandes.",exces_de_pouvoir,defavorable_requerant,DCE_457071_20220602.xml,DCE,2022-06-02,Décision,Excès de pouvoir,Rejet PAPC,4858
"La société Cedilec a demandé au tribunal administratif de Rouen de prononcer la décharge des cotisations supplémentaires de taxe foncières sur les propriétés bâties auxquelles elle a été assujettie au titre des années 2015 et 2016, de la cotisation primitive de taxe foncière à laquelle elle a été assujettie au titre des année 2013 à 2017 à raison des biens dont elle est propriétaire dans la commune du Havre (Seine-Maritime) ainsi que des cotisations supplémentaires de cotisation foncière des entreprises auxquelles elle a été assujettie au titre des années 2013 à 2016 dans la même commune. Par un jugement nos 1902084, 1902086 et 1902500 du 23 février 2021, le tribunal administratif de Rouen a prononcé un non-lieu à statuer partiel sur les conclusions de la société Cedilec tendant à la décharge des cotisations supplémentaires de taxe foncière sur les propriétés bâties auxquelles elle a été assujettie au titre des années 2015 et 2016 et a rejeté le surplus de ses conclusions. Par une ordonnance n° 21DA00890 du 27 septembre 2021, enregistrée le 28 septembre 2021 au secrétariat du contentieux du Conseil d'Etat, le président de la cour administrative d'appel de Douai a transmis au Conseil d'Etat, en application de l'article R. 351-2 du code de justice administrative, le pourvoi formé contre ce jugement par la société Cedilec, enregistré au greffe de cette cour le 26 avril 2021, en ce qu'il concerne les cotisations supplémentaires et primitives de taxe foncière sur les propriétés bâties auxquelles la société Cedilec a été assujettie au titre des années 2016 et 2017. Par le pourvoi n°457076, la société Cedilec demande au Conseil d'Etat : 1°) d'annuler le jugement du tribunal administratif de Rouen en tant qu'il lui est défavorable ; 2°) réglant l'affaire au fond, de faire droit à ses demandes ; 3°) de mettre à la charge de l'Etat la somme de 5 000 euros au titre de l'article L. 761-1 du code de justice administrative.",exces_de_pouvoir,defavorable_requerant,DCE_457076_20220602.xml,DCE,2022-06-02,Décision,Excès de pouvoir,Rejet PAPC,5422
"La société Vivenda a demandé au juge des référés du tribunal administratif de la Guyane, statuant sur le fondement de l'article L.521-1 du code de justice administrative, de suspendre la décision du 4 mars 2021 par laquelle la directrice adjointe de l'Office de développement de l'économie agricole d'outre-mer (ODEADOM) l'a déclarée inéligible à une aide d'un montant de 92 311,29 euros au titre du troisième trimestre de la campagne POSEI 2020 et de la décision n° DIVA/FP/2020-560 non datée en tant que le directeur de l'ODEADOM l'a déclarée inéligible à une aide d'un montant de 193 432,83 euros au titre du premier semestre de la campagne 2020. Par une ordonnance n° 2101076 du 19 août 2021, le juge des référés du tribunal administratif de la Guyane a rejeté sa demande. Par un pourvoi enregistré le 1er octobre 2021 au secrétariat du contentieux du Conseil d'Etat, la société Vivenda demande au Conseil d'Etat : 1°) d'annuler cette ordonnance ; 2°) statuant en référé, de faire droit à sa demande de suspension ; 3°) de mettre à la charge de l'ODEADOM la somme de 4 000 euros au titre de l'article L. 761-1 du code de justice administrative.",exces_de_pouvoir,defavorable_requerant,DCE_457184_20220616.xml,DCE,2022-06-16,Décision,Excès de pouvoir,Rejet PAPC,3260
"La société HSBC Real Estate Leasing France SA a demandé au tribunal administratif de Montreuil de prononcer la décharge de la cotisation de taxe foncière sur les propriétés bâties mise à sa charge au titre de l'année 2017 à raison d'un bien sis 11 avenue de la Métallurgie à Saint-Denis (Seine-Saint-Denis) et, à défaut, sa réduction à hauteur de 73 132 euros. Par un jugement n° 1911639 du 5 août 2021, le tribunal administratif de Montreuil a rejeté sa demande. Par un pourvoi sommaire et un mémoire complémentaire enregistrés le 6 octobre 2021 et le 5 janvier 2022 au secrétariat du contentieux du Conseil d'Etat, la société HSBC Real Estate Leasing France SA demande au Conseil d'Etat : 1°) d'annuler ce jugement ; 2°) réglant l'affaire au fond, de faire droit à son pourvoi ; 3°) de mettre à la charge de l'Etat la somme de 5 000 euros au titre de l'article L. 761-1 du code de justice administrative.",plein_contentieux,defavorable_requerant,DCE_457276_20220602.xml,DCE,2022-06-02,Décision,Plein contentieux,Rejet PAPC,3298
"Par une requête, enregistrée le 9 octobre 2021 au secrétariat du contentieux du Conseil d'Etat, M. D C demande au Conseil d'Etat : 1°) d'annuler pour excès de pouvoir le décret du 5 août 2021 rapportant le décret du 21 décembre 2018 lui accordant la nationalité française ; 2°) de mettre à la charge de l'Etat la somme de 3 000 euros au titre de l'article L. 761-1 du code de justice administrative ; 3°) de condamner l'Etat aux entiers dépens.",exces_de_pouvoir,defavorable_requerant,DCE_457369_20220622.xml,DCE,2022-06-22,Décision,Excès de pouvoir,Rejet,6634
"M. A B a demandé au tribunal administratif de Paris de prononcer la décharge de l'obligation de payer, d'une part, la somme de 308 588,23 euros résultant du commandement de payer valant saisie immobilière du 20 mars 2018 notifié par le responsable du service des impôts des particuliers (SIP) de Paris 16ème et, d'autre part, la somme de 84 182,30 euros résultant de la déclaration de créances du 29 juin 2018 notifiée par le responsable du SIP Paris 7ème, correspondant au recouvrement de divers impôts mis à sa charge entre 2000 et 2017. Par un jugement n° 1819162 du 15 décembre 2020, le tribunal administratif de Paris a rejeté sa demande. Par un arrêt n° 21PA00651 du 5 octobre 2021, enregistré le 11 octobre 2021 au secrétariat du contentieux du Conseil d'Etat, la cour administrative d'appel de Paris a transmis au Conseil d'Etat, en application de l'article R. 351-2 du code de justice administrative, les conclusions de l'appel formé le 9 février 2021 par M. B contre ce jugement en tant qu'il rejette sa demande de décharge de l'obligation de payer les sommes réclamées à raison des cotisations de taxe d'habitation et de taxe foncière et a rejeté le surplus des conclusions de sa demande. Par ce pourvoi et un mémoire complémentaire enregistrés le 16 novembre 2021 et le 3 mars 2022, au secrétariat du contentieux du Conseil d'Etat, M. B demande au Conseil d'Etat : 1°) d'annuler le jugement n° 1819162 du 15 décembre 2020 en tant qu'il rejette sa demande de décharge de l'obligation de payer les sommes réclamées à raison des cotisations de taxe d'habitation et de taxe foncière ; 2°) de mettre à la charge de l'Etat la somme de 3 000 euros au titre de l'article L. 761-1 du code de justice administrative.",plein_contentieux,defavorable_requerant,DCE_457383_20220623.xml,DCE,2022-06-23,Décision,Plein contentieux,Rejet PAPC,6001
"Par un mémoire, enregistré le 11 octobre 2021 au secrétariat du contentieux du Conseil d'Etat, Mme A B demande au Conseil d'Etat : 1°) d'annuler pour excès de pouvoir le décret n° 2021-1059 du 7 août 2021 modifiant le décret n° 2021-699 du 1er juin 2021 prescrivant les mesures générales nécessaires à la gestion de la sortie de crise sanitaire ; 2°) de mettre à la charge de l'Etat la somme de 3 000 euros au titre de l'article L. 761-1 du code de justice administrative.",exces_de_pouvoir,defavorable_requerant,DCE_457396_20220624.xml,DCE,2022-06-24,Décision,Excès de pouvoir,Rejet,15151
"M. B A a demandé au tribunal administratif de La Réunion d'annuler l'arrêté du 22 septembre 2016 par lequel le maire de Saint-Denis de La Réunion a prononcé son exclusion définitive du service pour motif disciplinaire. Par un jugement n° 1601216 du 29 novembre 2018, le tribunal administratif de La Réunion a rejeté sa demande. Par un arrêt n° 19BX00966 du 12 juillet 2021, la cour administrative d'appel de Bordeaux a rejeté l'appel formé par M. A contre ce jugement. Par un pourvoi sommaire et un mémoire complémentaire, enregistrés les 12 octobre et 4 novembre 2021 au secrétariat du contentieux du Conseil d'Etat, M. A demande au Conseil d'Etat : 1°) d'annuler cet arrêt ; 2°) réglant l'affaire au fond, de faire droit à ses conclusions d'appel ; 3°) de mettre à la charge de la commune de Saint-Denis de La Réunion la somme de 6 000 euros au titre de l'article L. 761-1 du code de justice administrative.",exces_de_pouvoir,defavorable_requerant,DCE_457434_20220616.xml,DCE,2022-06-16,Décision,Excès de pouvoir,Rejet PAPC,3606
"Par une ordonnance n° 1919137/5 du 13 octobre 2021, enregistrée le 15 octobre 2021 au secrétariat du contentieux du Conseil d'Etat, le président du tribunal administratif de Paris a transmis au Conseil d'Etat, en application de l'article R. 351-2 du code de justice administrative, la requête présentée à ce tribunal par la société Authenticia. Par cette requête, enregistrée au greffe du tribunal administratif le 4 septembre 2019, la société Authenticia demande au Conseil d'Etat : 1°) d'annuler l'arrêté du 5 juillet 2019 par lequel le ministre de l'intérieur a interdit la vente aux mineurs, la publicité et l'exposition à la vue du public de l'ouvrage ""Apprendre le Tawhid aux enfants "" de B C, en application de l'article 14 de la loi du 16 juillet 1949 sur les publications destinées à la jeunesse ; 2°) de condamner l'Etat à lui verser une somme de 10 000 euros pour l'indemnisation de A préjudice commercial et financier ; 3°) de mettre à la charge de l'Etat la somme de 3 000 euros au titre de l'article L. 761-1 du code de justice administrative.",exces_de_pouvoir,autre_issue,DCE_457453_20220603.xml,DCE,2022-06-03,Décision,Excès de pouvoir,Attribution,4624
"M. E F et Mme C D ont demandé au juge des référés du tribunal administratif de Versailles, statuant sur le fondement de l'article L. 521-1 du code de justice administrative, de suspendre l'exécution de l'arrêté du 26 juillet 2019 par lequel le maire de Saint-Nom-la-Bretèche ne s'est pas opposé à la déclaration préalable de division parcellaire de M. A et de l'arrêté du maire 12 février 2021 accordant à M. A le permis de construire une maison d'habitation sur la parcelle non lotie issue de cette division. Par une ordonnance n° 2107705 du 28 septembre 2021, le juge des référés du tribunal administratif de Versailles a rejeté leurs demandes. Par un pourvoi sommaire, un mémoire complémentaire et un mémoire, enregistrés les 13 et 28 octobre 2021 et le 26 janvier 2022 au secrétariat du contentieux du Conseil d'Etat, M. F et Mme D demandent au Conseil d'Etat : 1°) d'annuler cette ordonnance ; 2°) de renvoyer l'affaire au juge des référés du tribunal administratif de Versailles ; 3°) de mettre à la charge de M. A et de la commune de Saint-Nom-la-Bretèche la somme de 4 000 euros au titre de l'article L. 761-1 du code de justice administrative.",exces_de_pouvoir,defavorable_requerant,DCE_457462_20220622.xml,DCE,2022-06-22,Décision,Excès de pouvoir,Rejet PAPC,3539
"1° Sous le n° 457494, par un jugement n° 2101189 du 14 octobre 2021, enregistré le 15 octobre 2021 au secrétariat du contentieux du Conseil d'Etat, le tribunal administratif de Besançon, avant de statuer sur la demande de M. D B tendant à l'annulation de l'arrêté du 2 juillet 2021 par lequel le préfet du Doubs a refusé de lui délivrer un titre de séjour, lui a fait obligation de quitter le territoire français dans un délai de trente jours et a fixé le pays de renvoi et à ce qu'il soit enjoint au préfet du Doubs de lui délivrer une carte de séjour temporaire portant la mention "" salarié "" dans un délai d'un mois à compter de la notification du jugement ou, à défaut, de procéder au réexamen de sa situation personnelle et de lui délivrer, dans l'un ou l'autre cas, une autorisation provisoire de séjour l'autorisant à travailler, a décidé, en application des dispositions de l'article L. 113-1 du code de justice administrative, de transmettre le dossier de cette demande au Conseil d'Etat, en soumettant à son examen les questions suivantes : 1°) La formalité de la légalisation a-t-elle pour objet ou pour effet de donner, de manière générale, une valeur probante ou de "" redonner "" une valeur probante à l'ensemble des documents d'état civil ainsi légalisés, de sorte que le juge ne peut plus contrôler les irrégularités constatées par le préfet et doit dès lors considérer que les actes d'état civil sont valides ou "" validés "" par cette légalisation ' 2°) En cas de réponse négative à la deuxième question, cette formalité de la légalisation a-t-elle pour objet ou pour effet de donner une valeur probante ou de "" redonner "" une valeur probante aux seules mentions des documents d'état civil concernés par la légalisation - véracité de la signature, qualité du signataire, identité du sceau ou timbre -, de sorte que le juge ne peut plus contrôler les irrégularités constatées par le préfet sur ces mentions et doit dès lors considérer que les actes d'état civil sont, s'agissant de ces mentions, valides ou "" validés "" par cette légalisation ' 3°) En cas de réponse négative aux deuxième et troisième questions, le juge administratif conserve-t-il la possibilité, pour apprécier la",autres_recours,autre_issue,DCE_457494_20220621.xml,DCE,2022-06-21,Décision,Autres,Avis article L. 113-1,11960
"M. B A a demandé à la Cour nationale du droit d'asile d'annuler la décision du 31 décembre 2019 par laquelle le directeur général de l'Office français de protection des réfugiés et apatrides (OFPRA) a rejeté sa demande d'asile et de lui reconnaître la qualité de réfugié ou, à défaut, de lui accorder le bénéfice de la protection subsidiaire. Par une décision n° 20007880 du 9 avril 2021, la Cour nationale du droit d'asile a rejeté sa demande. Par un pourvoi sommaire et un mémoire complémentaire, enregistrés le 15 octobre 2021 et le 14 janvier 2022 au secrétariat du contentieux du Conseil d'Etat, M. A demande au Conseil d'Etat : 1°) d'annuler cette décision ; 2°) réglant l'affaire au fond, de faire droit à son appel ou, à titre subsidiaire, de renvoyer l'examen de sa demande devant l'OFPRA ; 3°) de mettre à la charge de l'Office français de protection des réfugiés et apatrides la somme de 3 500 euros, à verser à son avocat, la SCP Melka, Prigent, Drusch, au titre des articles L. 761-1 du code de justice administrative et 37 de la loi du 10 juillet 1991.",plein_contentieux,defavorable_requerant,DCE_457576_20220622.xml,DCE,2022-06-22,Décision,Plein contentieux,Rejet PAPC,2859
"Par une demande, enregistrée le 11 mars 2021 au secrétariat de la section du rapport et des études du Conseil d'Etat, la Fédération générale des transports et de l'environnement - Confédération française démocratique du travail (FGTE-CFDT) demande au Conseil d'Etat d'enjoindre au Premier ministre, le cas échéant sous astreinte, de prendre les mesures qu'implique l'exécution de la décision n° 429517 du 29 juillet 2020 par laquelle le Conseil d'Etat, statuant au contentieux, a, d'une part, annulé la décision par laquelle le Premier ministre a implicitement rejeté la demande dont la FGTE-CFDT l'a saisi le 4 février 2019 et, d'autre part, enjoint au Premier ministre de modifier les dispositions de l'article R. 4222-10 du code du travail en fixant, dans le délai de six mois à compter de la notification de la décision du Conseil d'Etat, des concentrations moyennes en poussières totales et alvéolaires de l'atmosphère inhalée par les travailleurs dans les locaux à pollution spécifique de nature à protéger la santé de ces travailleurs.",autres_recours,non_lieu,DCE_457930_20220627.xml,DCE,2022-06-27,Décision,Exécution,Non-lieu,3353
"M. B a demandé au juge des référés du tribunal administratif de Nantes d'ordonner, sur le fondement de l'article L. 521-3 du code de justice administrative, au ministre de l'intérieur de délivrer à son épouse et leurs huit enfants mineurs un visa numérique ou, à titre subsidiaire, d'enregistrer leurs demandes de visa, de leur délivrer une attestation de dépôt et d'instruire leurs demandes dans les 72 heures suivant la décision à intervenir, sous astreinte de 1 500 euros par jour de retard. Par une ordonnance n° 2109601 du 8 septembre 2021, le juge des référés du tribunal administratif de Nantes a rejeté sa demande. Par un pourvoi sommaire et un mémoire complémentaire, enregistrés les 27 octobre et 12 novembre 2021 au secrétariat du contentieux du Conseil d'Etat, M. B demande au Conseil d'Etat : 1°) d'annuler cette ordonnance ; 2°) statuant en référé, de faire droit à ses conclusions ; 3°) de mettre à la charge de l'Etat la somme de 3 000 euros, à verser à la SCP Thouvenin, Coudray, Grevy, son avocat, au titre des articles 37 de la loi du 10 juillet 1971 et L. 761-1 du code de justice administrative",exces_de_pouvoir,defavorable_requerant,DCE_457934_20220609.xml,DCE,2022-06-09,Décision,Excès de pouvoir,Rejet,12227
"M. B A a demandé au juge des référés du tribunal administratif de Nantes d'ordonner, sur le fondement de l'article L. 521-3 du code de justice administrative, au ministre de l'intérieur de délivrer à son épouse un visa numérique ou, à titre subsidiaire, d'enregistrer sa demande de visa, de lui délivrer une attestation de dépôt et d'instruire sa demande dans les 72 heures suivant la décision à intervenir, sous astreinte de 300 euros par jour de retard. Par une ordonnance n° 2109599 du 8 septembre 2021, le juge des référés du tribunal administratif de Nantes a rejeté sa demande. Par un pourvoi sommaire et un mémoire complémentaire, enregistrés les 27 octobre et 12 novembre 2021 au secrétariat du contentieux du Conseil d'Etat, M. A demande au Conseil d'Etat : 1°) d'annuler cette ordonnance ; 2°) statuant en référé, de faire droit à ses conclusions ; 3°) de mettre à la charge de l'Etat la somme de 3 000 euros, à verser à la SCP Thouvenin, Coudray, Grevy, son avocat, au titre des articles 37 de la loi du 10 juillet 1971 et L. 761-1 du code de justice administrative.",exces_de_pouvoir,defavorable_requerant,DCE_457936_20220609.xml,DCE,2022-06-09,Décision,Excès de pouvoir,Rejet,12079
"Vu la procédure suivante La société en nom collectif (SNC) Hôtel Paris Voltaire a demandé au Tribunal administratif de Melun de prononcer la réduction de la cotisation foncière des entreprises, de la taxe pour frais de chambre de commerce et d'industrie et de la taxe spéciale d'équipement auxquelles elle a été assujettie au titre des années 2016 et 2017 dans les rôles de la commune du Kremlin-Bicêtre (Val-de-Marne), à raison d'un immeuble à usage d'hôtel situé au 22 rue Voltaire. Par un jugement nos 1802914, 1903945 du 25 février 2021, ce tribunal a rejeté ses demandes. Par une ordonnance n° 21PA02230 du 31 août 2021, le président de la 7ème chambre de la cour administrative d' appel de Paris a rejeté l' appel formé par la société Hôtel Paris Voltaire contre ce jugement. Par un pourvoi sommaire et un mémoire complémentaire, enregistrés les 29 octobre 2021 et 31 janvier 2022 au secrétariat du contentieux du Conseil d'Etat, la société Hôtel Paris Voltaire demande au Conseil d'Etat : 1°) d'annuler ce jugement ; 2°) réglant l'affaire au fond, de faire droit à ses demandes ; 3°) de mettre à la charge de l'Etat la somme de 2 500 euros au titre de l'article L. 761-1 du code de justice administrative.",plein_contentieux,defavorable_requerant,DCE_458020_20220603.xml,DCE,2022-06-03,Décision,Plein contentieux,Rejet PAPC,4156
"M. et Mme C A ont demandé au tribunal administratif de Lyon de prononcer la réduction, à concurrence de 97 032 euros, de la cotisation d'impôt sur le revenu à laquelle ils ont été assujettis au titre de l'année 2016 et de condamner l'Etat à leur restituer la somme acquittée à tort. Par un jugement n° 1904780 du 4 mai 2021, ce tribunal a rejeté leur demande. Par une ordonnance n° 21LY02247 du 1er septembre 2021, le premier vice-président de la cour administrative d'appel de Lyon a rejeté l'appel formé par M. et Mme A contre ce jugement. Par un pourvoi sommaire et un mémoire complémentaire, enregistrés les 2 novembre 2021 et 2 février 2022 au secrétariat du contentieux du Conseil d'Etat, M. et Mme A demandent au Conseil d'Etat : 1°) d'annuler cette ordonnance ; 2°) réglant l'affaire au fond, de faire droit à leur appel ; 3°) de mettre à la charge de l'Etat la somme de 5 000 euros au titre de l'article L. 761-1 du code de justice administrative.",plein_contentieux,defavorable_requerant,DCE_458116_20220603.xml,DCE,2022-06-03,Décision,Plein contentieux,Rejet PAPC,3096
"1° Sous le n° 458141, Mme A B a demandé au juge des référés du tribunal administratif de Paris de suspendre l'exécution de la décision implicite du ministre de l'éducation nationale, de la jeunesse et des sports rejetant sa demande de protection fonctionnelle, ensemble la décision du 30 juillet 2021 du même ministre portant suspension de fonctions, jusqu'à ce qu'il soit statué au fond sur la légalité de ces décisions et, d'autre part, d'enjoindre à celui-ci de lui accorder sans délai le bénéfice provisoire de la protection fonctionnelle. Par une "" ordonnance n° 2120025 datée du octobre 2021 "", le juge des référés du tribunal administratif de Paris, statuant sur le fondement de l'article L. 521-1 du code de justice administrative, a suspendu l'exécution de la décision implicite du ministre de l'éducation nationale, de la jeunesse et des sports rejetant sa demande de protection fonctionnelle et a enjoint à celui-ci de lui accorder sans délai le bénéfice provisoire de la protection fonctionnelle. Par un pourvoi et un mémoire en réplique enregistrés les 3 novembre 2021 et 3 mars 2022 au secrétariat du contentieux du Conseil d'Etat, le ministre de l'éducation nationale, de la jeunesse et des sports demande au Conseil d'Etat : 1°) d'annuler cette ordonnance ; 2°) statuant en référé, de rejeter la demande de suspension de Mme B. 2° Sous le n° 458152, Mme A B a demandé au juge des référés du tribunal administratif de Paris de suspendre l'exécution de la décision implicite du ministre de l'éducation nationale, de la jeunesse et des sports rejetant sa demande de protection fonctionnelle, ensemble la décision du 30 juillet 2021 du même ministre portant suspension de fonctions, jusqu'à ce qu'il soit statué au fond sur la légalité de ces décisions et, d'autre part, d'enjoindre à celui-ci de lui accorder sans délai le bénéfice provisoire de la protection fonctionnelle. Par une ordonnance n° 2120025 du 21 octobre 2021, le juge des référés du tribunal administratif de Paris, statuant sur le fondement de l'article L. 521-1 du code de justice administrative a suspendu l'exécution de la décision implicite du ministre de l'éducation nationale, de la jeunesse et des sports rejetant",exces_de_pouvoir,non_lieu,DCE_458141_20220622.xml,DCE,2022-06-22,Décision,Excès de pouvoir,Non-lieu,6970
"M. B D a demandé au tribunal administratif de Toulouse d'annuler la décision en date du 14 février 2020 par laquelle la Caisse nationale de retraite des agents des collectivités locales (CNRACL) lui a refusé le bénéfice d'une rente d'invalidité, ensemble la décision implicite de rejet de son recours gracieux du 17 mai 2020. Par une ordonnance n° 2005346 du 14 septembre 2021, prise sur le fondement de l'article R. 222-1 du code de justice administrative, le président de la 5ème chambre du tribunal administratif de Toulouse a rejeté cette demande. Par un pourvoi sommaire et un mémoire complémentaire, enregistrés les 9 novembre et 8 février 2022 au secrétariat du contentieux du Conseil d'Etat, M. D demande au Conseil d'Etat : 1°) d'annuler cette ordonnance ; 2°) de mettre à la charge de la CNRACL la somme de 3 500 euros au titre de l'article L. 761-1 du code de justice administrative.",plein_contentieux,renvoi,DCE_458304_20220610.xml,DCE,2022-06-10,Décision,Plein contentieux,Renvoi après cassation,6047
"M. B A a demandé au tribunal administratif de Caen de prononcer la décharge des cotisations supplémentaires d'impôt sur le revenu et de prélèvements sociaux auxquelles il a été assujetti au titre des années 2012 et 2013 ainsi que des pénalités correspondantes. Par un jugement n° 1701311 du 7 mai 2019, le tribunal administratif de Caen a prononcé un non-lieu à statuer partiel, et rejeté le surplus des conclusions de sa demande. Par un arrêt n° 19NT02783 du 9 septembre 2021, la cour administrative d'appel de Nantes a rejeté l'appel formé par M. A contre l'article 2 de ce jugement. Par un pourvoi sommaire et un mémoire complémentaire, enregistrés les 10 novembre 2021 et 10 février 2022, au secrétariat du contentieux du Conseil d'Etat, M. A demande au Conseil d'Etat : 1°) d'annuler cet arrêt ; 2°) réglant l'affaire au fond, de faire droit à son appel ; 3°) de mettre à la charge de l'Etat la somme de 5 500 euros au titre de l'article L. 761-1 du code de justice administrative.",plein_contentieux,defavorable_requerant,DCE_458323_20220623.xml,DCE,2022-06-23,Décision,Plein contentieux,Rejet PAPC,3922
"Par une requête et un mémoire en réplique, enregistrés les 12 novembre 2021 et 21 janvier 2022 au secrétariat du contentieux du Conseil d'Etat, M. A B demande au Conseil d'Etat : 1°) d'annuler pour excès de pouvoir l'arrêté du 13 septembre 2021 par lequel le président de l'université d'Evry-Val-d'Essonne a prononcé à son encontre une mesure de suspension d'une durée de six mois, sans privation de traitement ; 2°) de mettre à la charge de l'Etat la somme de 3 000 euros au titre de l'article L. 761-1 du code de justice administrative.",exces_de_pouvoir,defavorable_requerant,DCE_458362_20220601.xml,DCE,2022-06-01,Décision,Excès de pouvoir,Rejet,12681
"Mme C A a demandé au tribunal administratif d'Orléans d'annuler l'arrêté du préfet du Loiret du 16 juillet 2020 lui faisant obligation de quitter le territoire français. Par un jugement n° 2002677 du 7 octobre 2020, le magistrat désigné par le président du tribunal administratif d'Orléans a annulé cet arrêté et enjoint au préfet de délivrer sans délai à Mme A une autorisation provisoire de séjour et de réexaminer sa situation dans le délai d'un mois. Par un arrêt n° 20VE02743 du 16 septembre 2021, la cour administrative d'appel de Versailles a annulé ce jugement et rejeté la demande présentée en première instance par Mme A. Par un pourvoi sommaire et un mémoire complémentaire, enregistrés les 17 novembre 2021 et 17 février 2022 au secrétariat du contentieux du Conseil d'Etat, Mme B demande au Conseil d'Etat : 1°) d'annuler cet arrêt ; 2°) réglant l'affaire au fond, de rejeter l'appel du préfet ; 3°) de mettre à la charge de l'Etat la somme de 4 000 euros sur le fondement des dispositions de l'article L. 761-1 du code de justice administrative.",exces_de_pouvoir,defavorable_requerant,DCE_458477_20220622.xml,DCE,2022-06-22,Décision,Excès de pouvoir,Rejet PAPC,3322
"M. A B a demandé au tribunal des pensions militaires d'invalidité de Marseille l'annulation de la décision du 26 juillet 2016 par laquelle le ministre de la défense a refusé de faire droit à sa demande de pension militaire d'invalidité et à la reconnaissance de son droit à pension au titre de ses infirmités. Par un jugement n° 17/00007 du 22 février 2018, le tribunal des pensions militaires d'invalidité de Marseille a rejeté sa demande. Par un arrêt avant dire droit n° 19MA04745 du 20 avril 2021, la cour administrative d'appel de Marseille, avant de statuer sur l'appel formé par M. B contre ce jugement, a transmis au Conseil d'Etat une demande d'avis, en application de l'article L. 113-1 du code de justice administrative. Par un arrêt n° 19MA04745 du 21 septembre 2021, la cour administrative d'appel de Marseille a rejeté l'appel de M. B. Par une ordonnance n° 21MA04314 du 9 novembre 2021, le président de la cour administrative d'appel de Marseille a transmis au Conseil d'Etat, en application de l'article R. 351-2 du code de justice administrative, le pourvoi par lequel M. B demande au Conseil d'Etat d'annuler l'arrêt du 21 septembre 2021 de la cour administrative d'appel de Marseille. Par ce pourvoi et par un mémoire complémentaire, enregistré le 15 mars 2022 au secrétariat du contentieux du Conseil d'Etat, M. B demande au Conseil d'Etat : 1°) d'annuler l'arrêt du 21 septembre 2021 ; 2°) réglant l'affaire au fond, de faire droit à sa demande ; 3°) de mettre à la charge de l'Etat la somme de 3 000 euros, à verser à son avocat Me Carbonnier, au titre de l'article 37 de la loi du 10 juillet 1997 et de l'article L. 761-1 du code de justice administrative.",exces_de_pouvoir,defavorable_requerant,DCE_458484_20220622.xml,DCE,2022-06-22,Décision,Excès de pouvoir,Rejet PAPC,3543
"Mme B A a demandé au tribunal administratif de Paris d'annuler la décision du 18 avril 2018 par laquelle le gouverneur de la Banque de France a pris à son encontre une sanction de révocation sans préavis ni indemnité, d'enjoindre à la Banque de France de la réintégrer dans ses effectifs, de reconstituer sa carrière en lui accordant le grade de chef adjoint de caisse à compter de l'année 2015 et enfin de condamner la Banque de France à lui verser la somme totale de 40 000 euros en réparation des préjudices qu'elle estime avoir subis. Par un jugement n° 1807708 du 29 mai 2019 le tribunal administratif de Paris a rejeté sa demande. Par un arrêt nos 19PA01924, 19PA02215 du 31 mars 2021, la cour administrative d'appel de Paris a rejeté l'appel formé par Mme A contre ce jugement. Par un pourvoi sommaire et un mémoire complémentaire, enregistrés les 17 novembre 2021 et 9 février 2022, au secrétariat du contentieux du Conseil d'Etat, Mme A demande au Conseil d'Etat : 1°) d'annuler l'arrêt attaqué ; 2°) réglant l'affaire au fond, de faire droit à son appel ; 3°) de mettre à la charge de la Banque de France au profit de Me Munier-Apaire, en application des dispositions des articles 37 de la loi du 10 juillet 1991 et L. 761-1 du code de justice administrative, la somme de 3 500 euros.",exces_de_pouvoir,defavorable_requerant,DCE_458511_20220623.xml,DCE,2022-06-23,Décision,Excès de pouvoir,Rejet PAPC,3707
"La société Immo Courtage a demandé au tribunal administratif de Nice de prononcer la décharge de la cotisation supplémentaire d'impôt sur les sociétés à laquelle elle a été assujettie au titre de l'exercice clos en 2006 et des rappels de taxe sur la valeur ajoutée qui lui ont été réclamés pour la période du 1er janvier 2006 au 31 décembre 2008, ainsi que des pénalités correspondantes. Par un jugement n° 1705402 du 30 mars 2020, le tribunal administratif de Nice, après avoir prononcé un non-lieu à statuer à concurrence d'un dégrèvement intervenu en cours d'instance, a rejeté le surplus de sa demande. Par un arrêt n° 20MA02212 du 16 septembre 2021, la cour administrative d'appel de Marseille a rejeté l'appel formé par la société Immo Courtage contre ce jugement. Par un pourvoi sommaire et un mémoire complémentaire, enregistrés le 17 novembre 2021 et le 11 février 2022 au secrétariat du contentieux du Conseil d'Etat, la société Immo Courtage demande au Conseil d'Etat : 1°) d'annuler cet arrêt ; 2°) de mettre à la charge de l'Etat la somme de 5 000 euros au titre de l'article L. 761-1 du code de justice administrative.",plein_contentieux,defavorable_requerant,DCE_458516_20220602.xml,DCE,2022-06-02,Décision,Plein contentieux,Rejet PAPC,3533
"L'association Ballet national de Marseille a demandé au tribunal administratif de Marseille de prononcer, d'une part, la décharge des rappels de taxe sur les salaires qui lui ont été réclamés pour la période du 1er janvier 2012 au 31 décembre 2014 ainsi que des majorations correspondantes et, d'autre part, la restitution d'un montant de taxe sur la valeur ajoutée dont elle s'est acquittée au titre de la période du 1er janvier 2012 au 31 décembre 2014. Par un jugement nos 1704150-1808188 du 2 octobre 2019, le tribunal administratif de Marseille a rejeté ses demandes. Par un arrêt n° 19MA04884 du 16 septembre 2021, la cour administrative d'appel de Marseille a rejeté l'appel formé par l'association contre ce jugement. Par un pourvoi sommaire et un mémoire complémentaire enregistrés le 17 novembre 2021 et le 17 février 2022 au secrétariat du contentieux du Conseil d'Etat, l'association Ballet national de Marseille demande au Conseil d'Etat : 1°) d'annuler cet arrêt ; 2°) réglant l'affaire au fond, de faire droit à son appel ; 3°) de mettre à la charge de l'Etat la somme de 5 000 euros au titre de l'article L. 761-1 du code de justice administrative.",plein_contentieux,defavorable_requerant,DCE_458520_20220602.xml,DCE,2022-06-02,Décision,Plein contentieux,Rejet PAPC,4015
"La société par actions simplifiée (SAS) Arema a demandé au tribunal administratif de Marseille de prononcer la décharge, au moins partielle, des cotisations de taxe foncière sur les propriétés bâties et de taxe d'enlèvement des ordures ménagères auxquelles elle a été assujettie au titres des années 2016 et 2017 dans les rôles de la commune de Marseille (Bouches-du-Rhône) à raison des droits dont elle disposait sur le stade Vélodrome et le stade Delors. Le directeur régional des finances publiques de Provence-Alpes-Côte-d'Azur et du département des Bouches-du-Rhône a, en application de l'article R. 199-1 du livre des procédures fiscales, transmis au même tribunal administratif, la réclamation de cette société tendant à la décharge des mêmes impositions au titre de l'année 2018. Par un jugement nos 1806852, 1910990 du 15 octobre 2021, ce tribunal, après les avoir jointes et constaté qu'il n'y avait plus lieu de statuer à hauteur des sommes ayant fait l'objet de dégrèvement en cours d'instance, a rejeté le surplus de ces demandes. Par un pourvoi sommaire, un mémoire complémentaire et un mémoire en réplique, enregistrés les 19 novembre 2021, 6 janvier 2022 et 11 avril 2022 au secrétariat du contentieux du Conseil d'État, la société Arema demande au Conseil d'État : 1°) d'annuler l'article 2 de ce jugement ; 2°) de renvoyer l'affaire au tribunal administratif de Marseille ; 3°) de mettre à la charge de l'Etat la somme de 5 000 euros au titre de l'article L. 761-1 du code de justice administrative.",plein_contentieux,renvoi,DCE_458555_20220614.xml,DCE,2022-06-14,Décision,Plein contentieux,Renvoi après cassation,13386
"M. et Mme B A ont demandé au tribunal administratif de Toulon de prononcer la décharge des cotisations supplémentaires d'impôt sur le revenu et de contributions sociales auxquelles ils ont été assujettis au titre de l'année 2011 ainsi que des pénalités correspondantes. Par un jugement nos 1700622, 1802325 du 20 mai 2019, le tribunal administratif de Toulon a rejeté leur demande. Par un arrêt n° 19MA03302 du Erreur ! Aucune variable de document fournie.16 septembre 2021, la cour administrative d'appel de Marseille a rejeté leur appel contre ce jugement. Par un pourvoi sommaire et un mémoire complémentaire enregistrés le 19 novembre 2021 et le 21 février 2022 au secrétariat du contentieux du Conseil d'Etat, M. et Mme A demandent au Conseil d'Etat : 1°) d'annuler cet arrêt ; 2°) réglant l'affaire au fond, de faire droit à leur appel ; 3°) de mettre à la charge de l'Etat la somme de 3 000 euros au titre de l'article L.761-1 du code de justice administrative.",plein_contentieux,defavorable_requerant,DCE_458577_20220602.xml,DCE,2022-06-02,Décision,Plein contentieux,Rejet PAPC,3311
"La société anonyme (SA) Bricolage Investissement France a demandé au tribunal administratif de Montreuil de prononcer, à hauteur de la somme de 633 352 euros, la décharge des cotisations d'impôt sur les sociétés et des contributions additionnelles à cet impôt qu'elle a acquittées au titre de l'exercice clos en 2012. Par un jugement n° 1806737 du 10 octobre 2019, ce tribunal a rejeté sa demande. Par un arrêt n° 19VE04061 du 19 octobre 2021, la cour administrative d'appel de Versailles a annulé ce jugement et fait droit à la demande de la société Bricolage Investissement France. Par un pourvoi et un mémoire en réplique, enregistrés les 19 novembre 2021 et 10 mai 2022 au secrétariat du contentieux du Conseil d'État, le ministre de l'économie, des finances et de la relance demande au Conseil d'État d'annuler cet arrêt.",plein_contentieux,autre_issue,DCE_458579_20220614.xml,DCE,2022-06-14,Décision,Plein contentieux,Question préjudicielle CJUE,11406
"La société L'Immobilière Leroy Merlin France a demandé au tribunal administratif de Bordeaux de prononcer la décharge de la cotisation de taxe d'enlèvement des ordures ménagères à laquelle elle a été assujettie au titre de l'année 2017 à raison de locaux situés 1, Moulin de la Cassadote à Biganos (Gironde), ainsi que des frais de gestion y afférents. Par un jugement n° 1901312 du 22 septembre 2021, ce tribunal a rejeté sa demande. Par un pourvoi sommaire et un mémoire complémentaire, enregistrés les 22 novembre 2021 et 22 février 2022 au secrétariat du contentieux du Conseil d'Etat, la société L'Immobilière Leroy Merlin demande au Conseil d'Etat : 1°) d'annuler ce jugement ; 2°) réglant l'affaire au fond, de faire droit à sa demande ; 3°) de mettre à la charge de l'Etat la somme de 6 000 euros au titre de l'article L. 761-1 du code de justice administrative.",plein_contentieux,defavorable_requerant,DCE_458596_20220602.xml,DCE,2022-06-02,Décision,Plein contentieux,Rejet PAPC,3766
"M. B A a demandé à la Cour nationale du droit d'asile d'annuler la décision du 28 juin 2019 par laquelle le directeur général de l'Office français de protection des réfugiés et apatrides (OFPRA) a rejeté sa demande d'asile et de lui reconnaître la qualité de réfugié ou, à défaut, de lui accorder le bénéfice de la protection subsidiaire. Par une décision n° 19035174 du 11 juin 2021, la Cour nationale du droit d'asile a annulé la décision du directeur général de l'OFPRA et a reconnu la qualité de réfugié à M. A. Par un pourvoi sommaire et un mémoire complémentaire, enregistrés le 22 novembre 2021 et le 17 février 2022 au secrétariat du contentieux du Conseil d'Etat, l'OFPRA demande au Conseil d'Etat : 1°) d'annuler cette décision ; 2°) de renvoyer l'affaire, en vue de son règlement, à la Cour nationale du droit d'asile ;",exces_de_pouvoir,defavorable_requerant,DCE_458620_20220622.xml,DCE,2022-06-22,Décision,Excès de pouvoir,Rejet PAPC,2406
"M. A F, Mme C I, Mme D L, M. J H et Mme G B E ont demandé au tribunal administratif de Montpellier d'annuler, d'une part, l'arrêté du préfet de l'Hérault du 11 mars 2015 fixant la liste des communes et des établissements publics de coopération intercommunale signataires d'un projet éducatif territorial, en tant qu'il vise la commune de Montpellier, et, d'autre part, le projet éducatif territorial de la commune de Montpellier du 11 mars 2015. Par un jugement n° 1503013 du 7 février 2017, le tribunal administratif a rejeté leur demande. Par un arrêt n° 17MA01506 du 23 mai 2018, la cour administrative d'appel de Marseille a, sur appel de M. F, Mme I et Mme B E, annulé ce jugement ainsi que le projet territorial de la commune de Montpellier. Par une décision n° 422483 du 9 octobre 2020, le Conseil d'Etat statuant au contentieux, saisi d'un pourvoi présenté par la commune de Montpellier, a annulé les articles 1er, 2 et 3 de l'arrêt de la cour d'appel administrative de Marseille du 23 mai 2018 et renvoyé l'affaire, dans la mesure de la cassation ainsi prononcée, à la cour administrative d'appel de Marseille. Par un arrêt n° 20MA03837 du 20 septembre 2021 la cour administrative d'appel de Marseille, sur renvoi de la décision n° 422483 du Conseil d'Etat, a, d'une part, annulé le jugement n° 1503013 du 7 février 2017 du tribunal administratif de Montpellier, d'autre part, annulé les clauses de nature réglementaire du projet éducatif territorial conclu le 11 mars 2015 entre la commune de Montpellier, l'Etat et la caisse d'allocations familiales, enfin mis à la charge de l'Etat le versement de la somme de 2 000 euros au titre de l'article L. 761-1 du code de justice administrative. Par un pourvoi enregistré les 22 novembre 2021 au secrétariat du contentieux du Conseil d'Etat, le ministre de l'éducation nationale, de la jeunesse et des sports demande au Conseil d'Etat d'annuler l'article 4 de l'arrêt n° 20MA03837 du 20 septembre 2021 de la cour administrative d'appel de Marseille en ce qu'il met à la charge de l'Etat la somme de 2 000 euros au titre de l'article L. 761-1 du code de justice administrative.",exces_de_pouvoir,favorable_requerant,DCE_458622_20220615.xml,DCE,2022-06-15,Décision,Excès de pouvoir,Satisfaction totale,6186
"La société à responsabilité limitée (SARL) Attitude Paris France a demandé au tribunal administratif de Cergy-Pontoise de prononcer la décharge de l'amende de 10 719 euros mise à sa charge au titre des exercices clos en 2013 et 2014 sur le fondement des dispositions de l'article 1840 J du code général des impôts. Par une ordonnance n° 1812907 du 10 novembre 2020, la présidente de la 2ème chambre de ce tribunal lui a donné acte du désistement d'office de sa demande. Par un arrêt n° 20VE03125 du 28 septembre 2021, la cour administrative d' appel de Versailles a rejeté l'appel formé par la société Attitude Paris France contre cette ordonnance. Par un pourvoi sommaire et un mémoire complémentaire, enregistrés les 23 novembre 2021 et 27 janvier 2022 au secrétariat du contentieux du Conseil d'Etat, la société Attitude Paris France demande au Conseil d'Etat : 1°) d'annuler cet arrêt ; 2°) de mettre à la charge de l'Etat la somme de 3 000 euros au titre de l'article L. 761-1 du code de justice administrative.",plein_contentieux,defavorable_requerant,DCE_458656_20220603.xml,DCE,2022-06-03,Décision,Plein contentieux,Rejet PAPC,4117
"M. A B a demandé au tribunal administratif de Strasbourg de prononcer la décharge, en droits et pénalités, des suppléments d'impôt sur le revenu et de contributions sociales auxquels il a été assujetti au titre des années 2008 et 2012. Par deux jugements rendus sous les nos 1801414 et 1801417 du 5 février 2020, ce tribunal a partiellement fait droit à sa demande au titre de l'année 2008 et rejeté le surplus de ses conclusions. Par un arrêt n°s 20NC00803, 20NC00804 du 23 septembre 2021, la cour administrative d'appel de Nancy a rejeté les appels formés par M. B contre ces jugements. Par un pourvoi sommaire et un mémoire complémentaire, enregistrés les 23 novembre 2021 et 22 février 2022 au secrétariat du contentieux du Conseil d'Etat, M. B demande au Conseil d'Etat : 1°) d'annuler cet arrêt ; 2°) réglant l'affaire au fond, de faire droit à ses appels ; 3°) de mettre à la charge de l'Etat la somme de 6 000 euros au titre de l'article L. 761-1 du code de justice administrative.",plein_contentieux,defavorable_requerant,DCE_458705_20220602.xml,DCE,2022-06-02,Décision,Plein contentieux,Rejet PAPC,3071
"Le conseil départemental de la Ville de Paris de l'ordre des médecins a porté plainte contre M. C A devant la chambre disciplinaire de première instance d'Ile-de-France de l'ordre des médecins. Par une décision du 9 janvier 2020, la chambre disciplinaire de première instance a infligé à M. A la sanction de l'interdiction d'exercer la médecine pendant une durée de six mois dont trois mois assortis du sursis. Par une décision du 23 septembre 2021, la chambre disciplinaire nationale de l'ordre des médecins a rejeté l'appel de M. A contre cette décision. Par un pourvoi sommaire et deux nouveaux mémoires, enregistrés les 23 novembre et 8 décembre 2021 et le 14 février 2022 au secrétariat du contentieux, M. A demande au Conseil d'Etat : 1°) d'annuler cette décision ; 2°) réglant l'affaire au fond, de faire droit à son appel ; 3°) de mettre à la charge du conseil départemental de la Ville de Paris de l'ordre des médecins la somme de 5 000 euros au titre de l'article L. 761-1 du code justice administrative.",plein_contentieux,renvoi,DCE_458711_20220629.xml,DCE,2022-06-29,Décision,Plein contentieux,Renvoi après cassation,5562
"La société anonyme (SA) La Gentilhommière a demandé au tribunal administratif de Paris de prononcer la décharge des rappels de taxe sur la valeur ajoutée mis à sa charge au titre de la période comprise entre le 1er janvier 2011 et le 31 décembre 2013 et des cotisations supplémentaires d'impôt sur les sociétés auxquelles elle a été assujettie au titre des exercices clos en 2011, 2012 et 2013, ainsi que des majorations correspondantes et de l'amende prévue par l'article 1759 du code général des impôts qui lui a été appliquée. Par un jugement n° 1713144 du 9 octobre 2019, ce tribunal a rejeté sa demande. Par un arrêt n° 19PA03968 du 5 octobre 2021, la cour administrative d'appel de Paris a rejeté l'appel formé par la société La Gentilhommière contre ce jugement. Par un pourvoi sommaire et un mémoire complémentaire, enregistrés les 24 novembre 2021 et 3 février 2022 au secrétariat du contentieux du Conseil d'Etat, la société La Gentilhommière demande au Conseil d'Etat : 1°) d'annuler cet arrêt ; 2°) réglant l'affaire au fond, de faire droit à son appel ; 3°) de mettre à la charge de l'Etat la somme de 4 000 euros au titre de l'article L. 761-1 du code de justice administrative.",plein_contentieux,defavorable_requerant,DCE_458722_20220603.xml,DCE,2022-06-03,Décision,Plein contentieux,Rejet PAPC,4776
"La société Bouygues Energies et Services a demandé au tribunal administratif de la Polynésie française d'annuler le titre de recettes émis à son encontre le 22 juin 2018 par la Polynésie française aux fins de recouvrement du solde du lot n° 1 "" climatisation - ventilation - désenfumage - gestion technique centralisée "" du marché de travaux relatif à la construction du nouveau centre hospitalier de la Polynésie française, dans le quartier du Taaone à Pirae, conclu le 12 août 2004. Par un jugement n° 1800223 du 19 février 2019, le tribunal administratif de la Polynésie française a rejeté sa demande. Par un arrêt n° 19PA01363 du 24 septembre 2021, la cour administrative d'appel de Paris a rejeté l'appel formé par la société Bouygues Energies et Services contre ce jugement. Par un pourvoi sommaire, un mémoire complémentaire et un mémoire en réplique, enregistrés les 24 novembre 2021, 17 février 2022 et 9 mai 2022 au secrétariat du contentieux du Conseil d'Etat, la société Bouygues Energies et Services demande au Conseil d'Etat : 1°) d'annuler cet arrêt ; 2°) réglant l'affaire au fond, de faire droit à son appel ; 3°) de mettre à la charge de la Polynésie française la somme de 6 000 euros au titre de l'article L. 761-1 du code de justice administrative.",plein_contentieux,defavorable_requerant,DCE_458749_20220617.xml,DCE,2022-06-17,Décision,Plein contentieux,Rejet PAPC,3942
"L'Institut du cerveau et de la moelle épinière, venant aux droits de l'Association pour le développement de la recherche sur le cerveau et la moelle épinière (ADREC), a demandé au tribunal administratif de Paris de prononcer la restitution partielle des cotisations de taxe annuelle sur les locaux à usage de bureaux, les locaux commerciaux, les locaux de stockage et les surfaces de stationnement auxquelles cette association a été assujettie au titre des années 2013 à 2015. Par un jugement n° 1808675 du 28 janvier 2020, le tribunal administratif de Paris a rejeté sa demande. Par un arrêt n° 20PA01104 du 23 septembre 2021, la cour administrative d'appel de Paris a rejeté l'appel formé contre ce jugement par l'Institut du cerveau et de la moelle épinière. Par un pourvoi sommaire et un mémoire complémentaire, enregistrés les 24 novembre 2021 et 24 février 2022 au secrétariat du contentieux du Conseil d'Etat, l'Institut du cerveau et de la moelle épinière demande au Conseil d'Etat : 1°) d'annuler cet arrêt ; 2°) de mettre à la charge l'Etat la somme de 5 000 euros au titre de l'article L. 761-1 du code de justice administrative.",plein_contentieux,defavorable_requerant,DCE_458750_20220602.xml,DCE,2022-06-02,Décision,Plein contentieux,Rejet PAPC,3981
"M. A B a demandé au tribunal administratif de Marseille de prononcer la décharge des cotisations supplémentaires d'impôt sur le revenu et de contributions sociales auxquelles son foyer fiscal a été assujetti au titre des années 2009 à 2011, ainsi que des pénalités correspondantes. Par un jugement n° 1702486 du 10 mai 2019, ce tribunal, après avoir prononcé un non-lieu à statuer à concurrence d'un dégrèvement intervenu en cours d'instance, a rejeté le surplus des conclusions de sa demande. Par un arrêt n° 19MA03089 du 14 octobre 2021, la cour administrative d'appel de Marseille a rejeté l'appel formé par M. B contre l'article 2 de ce jugement. Par un pourvoi sommaire et un mémoire complémentaire, enregistrés le 26 novembre 2021 et le 10 février 2022 au secrétariat du contentieux du Conseil d'État, M. B demande au Conseil d'État : 1°) d'annuler cet arrêt ; 2°) réglant l'affaire au fond, de faire droit à son appel.",plein_contentieux,defavorable_requerant,DCE_458843_20220603.xml,DCE,2022-06-03,Décision,Plein contentieux,Rejet PAPC,3770
"La société Financière Lilas IV a demandé au tribunal administratif de Montreuil de prononcer la décharge, en droits et pénalités, des cotisations supplémentaires d'impôt sur les sociétés et de contributions sociales mises à sa charge au titre des années 2012 à 2014. Par un jugement n° 1711658 du 7 janvier 2019, ce tribunal a rejeté sa demande. Par un arrêt n° 19VE00546 du 28 septembre 2021, la cour administrative d'appel de Versailles a rejeté l'appel formé contre ce jugement par la société Financière Lilas IV. Par un pourvoi sommaire et un mémoire complémentaire enregistrés les 26 novembre 2021 et 25 février 2022 au secrétariat du contentieux du Conseil d'Etat, la société Obol France 3, venant aux droits de la société Financière Lilas IV, demande au Conseil d'Etat : 1°) d'annuler ce jugement ; 2°) réglant l'affaire au fond, de faire droit à son appel ; 3°) de mettre à la charge de l'Etat la somme de 6 000 euros au titre de l'article L. 761-1 du code de justice administrative.",plein_contentieux,defavorable_requerant,DCE_458874_20220602.xml,DCE,2022-06-02,Décision,Plein contentieux,Rejet PAPC,3828
"La société à responsabilité limitée (SARL) Goudard Plastiques a demandé au tribunal administratif de Clermont-Ferrand de prononcer la décharge des rappels de taxe sur la valeur ajoutée mis à sa charge au titre de la période du 1er avril 2006 au 31 mars 2007 ainsi que des majorations dont ont été assortis les rappels de taxe sur la valeur ajoutée qui lui ont été réclamés au titre de la période du 1er avril 2006 au 31 mars 2009. Par un jugement n° 1600503 du 3 juillet 2018, ce tribunal a rejeté sa demande. Par un arrêt n° 18LY03096 du 17 décembre 2019, la cour administrative d'appel de Lyon a rejeté l'appel formé par la société Goudard Plastiques contre ce jugement. Par une décision n° 438683 du 30 novembre 2020, le Conseil d'État, statuant au contentieux a annulé cet arrêt et renvoyé l'affaire à la cour administrative d'appel de Lyon. Par un arrêt n° 20LY03498 du 30 septembre 2021, cette cour a de nouveau rejeté l'appel formé par la société Goudard Plastiques. Par un pourvoi sommaire et un mémoire complémentaire, enregistrés les 30 novembre 2021 et 28 février 2022 au secrétariat du contentieux du Conseil d'Etat, la société Goudard Plastiques demande au Conseil d'Etat : 1°) d'annuler cet arrêt ; 2°) réglant l'affaire au fond, de faire droit à son appel ; 3°) de mettre à la charge de l'Etat la somme de 4 000 euros au titre de l'article L. 761-1 du code de justice administrative.",plein_contentieux,defavorable_requerant,DCE_458999_20220624.xml,DCE,2022-06-24,Décision,Plein contentieux,Rejet PAPC,3924
"La société Hair Daumesnil a demandé au tribunal administratif de Paris de prononcer la décharge des cotisations supplémentaires d'impôt sur les sociétés auxquelles elle a été assujettie au titre des exercices clos au cours des années 2012 à 2015, des cotisations supplémentaires de contribution sur la valeur ajoutée des entreprises auxquelles elle a été assujettie au titre de ces années, des rappels de taxe sur la valeur ajoutée mis à sa charge au titre des périodes correspondant à ces années ainsi que des pénalités correspondantes. Par un jugement n° 1816062 du 7 juillet 2020, ce tribunal a prononcé la décharge des impositions en litige procédant des rectifications de son chiffre d'affaires du mois de mars 2013 et des pénalités correspondantes, et rejeté le surplus des conclusions de sa demande. Par un arrêt n° 20PA01943 du 5 octobre 2021, la cour administrative d'appel de Paris a rejeté l'appel formé par la société Hair Daumesnil contre l'article 2 de ce jugement. Par un pourvoi sommaire et un mémoire complémentaire, enregistrés les 2 décembre 2021 et 1er mars 2022 au secrétariat du contentieux du Conseil d'Etat, la société Hair Daumesnil demande au Conseil d'Etat : 1°) d'annuler cet arrêt ; 2°) réglant l'affaire au fond, de faire droit à son appel ; 3°) de condamner l'Etat à lui verser la somme de 5 000 euros au titre de l'article L. 761-1 du code de justice administrative.",plein_contentieux,defavorable_requerant,DCE_459065_20220624.xml,DCE,2022-06-24,Décision,Plein contentieux,Rejet PAPC,5244
"La société Hair République a demandé au tribunal administratif de Paris de prononcer la décharge des cotisations supplémentaires d'impôt sur les sociétés auxquelles elle a été assujettie au titre des exercices clos au cours des années 2012 à 2015, des cotisations supplémentaires de contribution sur la valeur ajoutée des entreprises auxquelles elle a été assujettie au titre de ces années, des rappels de taxe sur la valeur ajoutée mis à sa charge au titre des périodes correspondant à ces années ainsi que des pénalités correspondantes. Par un jugement n° 1816063 du 7 juillet 2020, ce tribunal a rejeté sa demande. Par un arrêt n° 20PA01948 du 5 octobre 2021, la cour administrative d'appel de Paris a rejeté l'appel formé par la société Hair République contre ce jugement. Par un pourvoi sommaire et un mémoire complémentaire, enregistrés les 2 décembre 2021 et 1er mars 2022 au secrétariat du contentieux du Conseil d'Etat, la société Hair République demande au Conseil d'Etat : 1°) d'annuler cet arrêt ; 2°) réglant l'affaire au fond, de faire droit à son appel ; 3°) de condamner l'Etat à lui verser la somme de 5 000 euros au titre de l'article L. 761-1 du code de justice administrative.",plein_contentieux,defavorable_requerant,DCE_459066_20220624.xml,DCE,2022-06-24,Décision,Plein contentieux,Rejet PAPC,5046
"La société Hair Laumière a demandé au tribunal administratif de Paris de prononcer la décharge des cotisations supplémentaires d'impôt sur les sociétés auxquelles elle a été assujettie au titre des exercices clos au cours des années 2012 à 2015, des cotisations supplémentaires de contribution sur la valeur ajoutée des entreprises auxquelles elle a été assujettie au titre de ces années, des rappels de taxe sur la valeur ajoutée mis à sa charge au titre des périodes correspondant à ces années ainsi que des pénalités correspondantes. Par un jugement n° 1816064 du 7 juillet 2020, ce tribunal a rejeté sa demande. Par un arrêt n° 20PA01947 du 5 octobre 2021, la cour administrative d'appel de Paris a rejeté l'appel formé par la société Hair Laumière contre ce jugement. Par un pourvoi sommaire et un mémoire complémentaire, enregistrés les 2 décembre 2021 et 1er mars 2022 au secrétariat du contentieux du Conseil d'Etat, la société Hair Laumière demande au Conseil d'Etat : 1°) d'annuler cet arrêt ; 2°) réglant l'affaire au fond, de faire droit à son appel ; 3°) de condamner l'Etat à lui verser la somme de 5 000 euros au titre de l'article L. 761-1 du code de justice administrative.",plein_contentieux,defavorable_requerant,DCE_459067_20220624.xml,DCE,2022-06-24,Décision,Plein contentieux,Rejet PAPC,5031
"La société Perferencement a demandé au tribunal administratif de Paris de prononcer la décharge de la cotisation sur la valeur ajoutée des entreprises et de la taxe d'apprentissage au titre des années 2015 et 2016, des rappels de taxe sur la valeur ajoutée et de taxe relative au financement de la formation continue au titre de l'année 2016 et de l'amende prévue par le 1 de l'article 1788 A du code général des impôts au titre de ces deux années. Par un jugement n° 1917012 du 10 février 2021, le tribunal administratif de Paris a rejeté sa demande. Par une ordonnance n° 21PA01618 du 14 octobre 2021, le président de la 7ème chambre de la cour administrative d'appel de Paris a rejeté l'appel formé par la société Perferencement contre ce jugement. Par un pourvoi sommaire et un mémoire complémentaire, enregistrés les 3 décembre 2021 et 2 mars 2022 au secrétariat du contentieux du Conseil d'Etat, la société Perferencement demande au Conseil d'Etat : 1°) d'annuler cette ordonnance ; 2°) réglant l'affaire au fond, de faire droit à son appel ; 3°) de mettre à la charge de l'Etat la somme de 3 500 euros au titre de l'article L. 761-1 du code de justice administrative. Par un mémoire, enregistré le 2 mars 2022, au secrétariat du contentieux du Conseil d'Etat, présenté en application de l'article 23-5 de l'ordonnance n° 58-1067 du 7 novembre 1958, la société Perferencement demande au Conseil d'Etat, à l'appui de son pourvoi, de renvoyer au Conseil constitutionnel la question de la conformité aux droits et libertés garantis par la Constitution des dispositions du a du 1 de l'article 1788 A du code général des impôts.",plein_contentieux,defavorable_requerant,DCE_459099_20220601.xml,DCE,2022-06-01,Décision,Plein contentieux,Rejet PAPC,10076
"M. A B a demandé au tribunal administratif de Paris de prononcer la décharge de l'obligation de payer, d'une part, la somme de 308 588,23 euros résultant du commandement de payer valant saisie immobilière du 20 mars 2018 notifié par le responsable du service des impôts des particuliers (SIP) de Paris 16ème et, d'autre part, la somme de 84 182,30 euros résultant de la déclaration de créances du 29 juin 2018 notifiée par le responsable du SIP Paris 7ème, correspondant au recouvrement de divers impôts mis à sa charge entre 2000 et 2017. Par un jugement n° 1819162 du 15 décembre 2020, le tribunal administratif de Paris a rejeté sa demande. Par un arrêt n° 21PA00651 du 5 octobre 2021, la cour administrative d'appel de Paris a transmis au Conseil d'Etat, en application de l'article R. 351-2 du code de justice administrative, les conclusions de l'appel formé le 9 février 2021 par M. B contre ce jugement en tant qu'il rejette sa demande de décharge de l'obligation de payer les sommes réclamées à raison des cotisations de taxe d'habitation et de taxe foncière et a rejeté le surplus des conclusions de sa demande. Par un pourvoi sommaire et un mémoire complémentaire, enregistrés les 3 décembre 2021 et 3 mars 2022 au secrétariat du contentieux du Conseil d'Etat, M. B demande au Conseil d'Etat : 1°) d'annuler l'arrêt du 5 octobre 2021 de la cour administrative d'appel de Paris en tant qu'il a rejeté le surplus de sa demande; 2°) de renvoyer l'affaire devant la cour administrative d'appel de Paris ; 3°) de mettre à la charge de l'Etat la somme de 4 000 euros au titre de l'article L. 761-1 du code de justice administrative.",plein_contentieux,defavorable_requerant,DCE_459107_20220623.xml,DCE,2022-06-23,Décision,Plein contentieux,Rejet PAPC,5927
"La société par actions simplifiée (SAS) Meltex a demandé au tribunal administratif de Bordeaux, à titre principal, de prononcer la décharge des retenues à la source auxquelles elle a été assujettie au titre de la période du 1er janvier 2008 au 31 décembre 2010 et des pénalités correspondantes, à titre subsidiaire, de prononcer la réduction de ces impositions et pénalités à concurrence de l'application d'un taux de 33,33 % au titre des années 2008 et 2009 et de 50 % au titre de l'année 2010. Par un jugement n° 1603793 du 13 décembre 2018, le tribunal administratif de Bordeaux a rejeté cette demande. Par un arrêt n° 19BX00473 du 5 octobre 2021, la cour administrative d'appel de Bordeaux a rejeté l'appel formé par la société Meltex contre ce jugement. Par un pourvoi sommaire et un mémoire complémentaire, enregistrés les 6 décembre 2021 et 7 mars 2022 au secrétariat du contentieux du Conseil d'Etat, la société Meltex demande au Conseil d'Etat : 1°) d'annuler cet arrêt ; 2°) de mettre à la charge de l'Etat la somme de 4 000 euros au titre de l'article L. 761-1 du code de justice administrative.",plein_contentieux,defavorable_requerant,DCE_459154_20220624.xml,DCE,2022-06-24,Décision,Plein contentieux,Rejet PAPC,4950
"La société par actions simplifiée (SAS) Meltex a demandé au tribunal administratif de Bordeaux, à titre principal, de prononcer la réduction des retenues à la source auxquelles elle a été assujettie au titre de la période du 1er janvier 2011 au 31 décembre 2012 et des pénalités correspondantes et, à titre subsidiaire, de prononcer la réduction de ces impositions et pénalités à concurrence de l'application d'un taux de 50% au titre de l'année 2011 et de 33,33 % au titre des années 2012. Par un jugement n° 1803194 du 11 août 2020, ce tribunal a rejeté sa demande. Par un arrêt n° 20BX03606 du 5 octobre 2021, la cour administrative d'appel de Bordeaux a rejeté l'appel formé par la société Meltex contre ce jugement. Par un pourvoi sommaire et un mémoire complémentaire, enregistrés les 6 décembre 2021 et 7 mars 2022 au secrétariat du contentieux du Conseil d'Etat, la société Meltex demande au Conseil d'Etat : 1°) d'annuler cet arrêt ; 2°) de mettre à la charge de l'Etat la somme de 4 000 euros au titre de l'article L. 761-1 du code de justice administrative.",plein_contentieux,defavorable_requerant,DCE_459155_20220624.xml,DCE,2022-06-24,Décision,Plein contentieux,Rejet PAPC,4910
"M. A C E a porté plainte contre M. B D devant la chambre disciplinaire de première instance d'Ile-de-France de l'ordre des médecins. Par une décision du 26 avril 2019, cette chambre a rejeté sa plainte. Par une décision du 5 octobre 2021, la chambre disciplinaire nationale de l'ordre des médecins a rejeté l'appel de M. E contre cette décision. Par un pourvoi sommaire et un mémoire complémentaire, enregistrés les 6 décembre 2021 et 7 mars 2022 au secrétariat du contentieux du Conseil d'Etat, M. E demande au Conseil d'Etat : 1°) d'annuler cette décision ; 2°) de mettre à la charge de M. D la somme de 4 000 euros au titre de l'article L. 761-1 du code de justice administrative.",plein_contentieux,defavorable_requerant,DCE_459158_20220629.xml,DCE,2022-06-29,Décision,Plein contentieux,Rejet PAPC,2861
"Mme C F, Mme K E, M. B H et M. D G ont porté plainte contre M. I A devant la chambre disciplinaire de première instance de Bourgogne de l'ordre des médecins. Le conseil départemental de Côte-d'Or de l'ordre des médecins s'est associé à ces plaintes. Par quatre décisions du 2 juin 2017, la chambre disciplinaire de première instance a infligé à M. A, la sanction de l'interdiction d'exercer la médecine pendant une durée de trois mois. Par une décision du 5 octobre 2021, la chambre disciplinaire nationale de l'ordre des médecins a, sur les appels de M. A et du Conseil national de l'ordre des médecins, annulé ces décisions de la chambre disciplinaire de première instance en tant qu'elles fixent la date d'exécution des sanctions, dit que les sanctions s'exécuteront respectivement du 1er février 2022 au 30 avril 2022, du 1er mai 2022 au 31 juillet 2022, du 1er août 2022 au 31 octobre 2022, et du 1er novembre 2022 au 31 janvier 2023, et rejeté le surplus des conclusions des parties. Par un pourvoi sommaire et un mémoire complémentaire, enregistrés les 6 décembre 2021 et 7 mars 2022 au secrétariat du contentieux du Conseil d'Etat, M. A demande au Conseil d'Etat : 1°) d'annuler cette décision ; 2°) réglant l'affaire au fond, de faire droit à son appel ; 3°) de mettre solidairement à la charge de Mme F, de Mme E, de M. H, de M. G, du conseil départemental de Côte-d'Or de l'ordre des médecins et du Conseil national de l'ordre des médecins la somme de 4 000 euros au titre de l'article L. 761-1 du code de justice administrative.",plein_contentieux,defavorable_requerant,DCE_459174_20220614.xml,DCE,2022-06-14,Décision,Plein contentieux,Rejet PAPC,3948
"Mme B A a demandé au tribunal administratif de Rouen d'annuler la décision implicite par laquelle le ministre de l'intérieur a rejeté son recours contre la décision du 9 juin 2017 portant mutation d'office dans l'intérêt du service et d'ordonner sa réintégration dans une autre brigade de gendarmerie de Guadeloupe. Elle a demandé au même tribunal de condamner l'Etat à lui verser la somme de 76 532,68 euros, assortie des intérêts, en réparation des préjudices résultant de cette mutation d'office. Par un jugement n°s 1800237, 1802953 du 24 août 2020, le tribunal administratif de Rouen a rejeté ses demandes. Par un arrêt n° 20DA01516 du 7 octobre 2021, la cour administrative d'appel de Douai a rejeté l'appel formé par Mme A contre ce jugement. Par un pourvoi sommaire et un mémoire complémentaire, enregistrés les 7 décembre 2021 et 7 mars 2022 au secrétariat du contentieux du Conseil d'Etat, Mme A demande au Conseil d'Etat : 1°) d'annuler cet arrêt : 2°) réglant l'affaire au fond, de faire droit à son appel ; 3°) de mettre à la charge de l'Etat la somme de 3 000 euros au titre de l'article L. 761-1 du code de justice administrative.",exces_de_pouvoir,defavorable_requerant,DCE_459209_20220628.xml,DCE,2022-06-28,Décision,Excès de pouvoir,Rejet PAPC,3232
"Me Vincent de Carrière, agissant en qualité de liquidateur judiciaire de la société à responsabilité limitée (SARL) RPPC, a demandé au tribunal administratif de Marseille de prononcer la décharge des cotisations supplémentaires d'impôt sur les sociétés auxquelles cette société a été assujettie au titre des exercices clos en 2013 et 2014, des rappels de taxe sur la valeur ajoutée qui lui ont été réclamés au titre de la période du 1er janvier 2013 au 31 décembre 2015, ainsi que des pénalités correspondantes. Par un jugement n° 1708814 du 2 octobre 2019, ce tribunal a rejeté sa demande. Par un arrêt n° 19MA05023 du 14 octobre 2021, la cour administrative d'appel de Marseille a prononcé la réduction, à hauteur de 155 555 euros, du bénéfice imposable de la société RPPC au titre de l'exercice clos en 2013, la réduction, dans cette mesure, de la cotisation supplémentaire d'impôt sur les sociétés à laquelle elle a été assujettie au titre de cet exercice et des rappels de taxe sur la valeur ajoutée qui lui ont été réclamés pour la période du 1er janvier au 31 décembre 2013 au titre d'un montant de recettes identique, ainsi que des pénalités correspondantes, a réformé le jugement du tribunal administratif en ce qu'il avait de contraire et a rejeté le surplus de l'appel formé par Me de Carrière contre ce jugement. Par un pourvoi sommaire et un mémoire complémentaire, enregistrés les 9 décembre 2021 et 9 mars 2022 au secrétariat du contentieux du Conseil d'État, Me de Carrière demande au Conseil d'État : 1°) d'annuler l'article 6 de cet arrêt ; 2°) réglant l'affaire au fond dans cette mesure, de faire droit à son appel.",plein_contentieux,defavorable_requerant,DCE_459287_20220624.xml,DCE,2022-06-24,Décision,Plein contentieux,Rejet PAPC,4779
"Par une décision n° 18030728, 18030729 du 23 mars 2021, la Cour nationale du droit d'asile a rejeté la demande présentée par M. D B et Mme A C tendant à l'annulation des décisions du 22 mars 2018 par lesquelles le directeur général de l'Office français de protection des réfugiés et apatrides (OFPRA) a rejeté leur demande d'asile et refusé de leur reconnaître la qualité de réfugié ou, à défaut, de leur accorder la protection subsidiaire. Par un pourvoi sommaire et un mémoire complémentaire, enregistrés les 10 décembre 2021 et 7 mars 2022 au secrétariat du contentieux du Conseil d'Etat, M. B et Mme C demandent au Conseil d'Etat : 1°) d'annuler cette décision ; 2°) de mettre à la charge de l'OFPRA la somme de 3 000 euros au titre de l'article L. 761-1 du code de justice administrative.",plein_contentieux,defavorable_requerant,DCE_459313_20220622.xml,DCE,2022-06-22,Décision,Plein contentieux,Rejet PAPC,3354
"Mme B A a demandé au tribunal administratif de la Martinique que le président de la chambre de métiers et de l'artisanat de la Martinique lui communique les informations concernant les cotisations versées pour sa retraite complémentaire. Par une ordonnance n° 2100432 du 28 septembre 2021, rendue sur le fondement de l'article R. 222-1 du code de justice administrative, le président du tribunal administratif de la Martinique a rejeté sa demande. Par une ordonnance n° 21BX04255 du 10 décembre 2021, enregistrée le même jour au secrétariat du contentieux du Conseil d'Etat, la présidente de la cour administrative d'appel de Bordeaux a transmis au Conseil d'Etat, en application de l'article R. 351-2 du code de justice administrative, le pourvoi, enregistré le 19 novembre 2021 au greffe de cette cour, présenté par Mme A. Par ce pourvoi et par un nouveau mémoire, enregistré le 10 mars 2022 au secrétariat du contentieux du Conseil d'Etat, Mme A demande au Conseil d'Etat : 1°) d'annuler l'ordonnance du président du tribunal administratif de la Martinique ; 2°) de mettre à la charge de la chambre de métiers et de l'artisanat de la Martinique la somme de 3 000 euros au titre de l'article L. 761-1 du code de justice administrative.",exces_de_pouvoir,defavorable_requerant,DCE_459321_20220617.xml,DCE,2022-06-17,Décision,Excès de pouvoir,Rejet PAPC,3967
"Mme B A a demandé à la juge des référés du tribunal administratif de Marseille, sur le fondement de l'article L. 521-1 du code de justice administrative, d'une part, de suspendre l'exécution de l'arrêté du 29 juillet 2021 par lequel le maire de Marseille l'a réformée et admise à faire valoir ses droits à une pension de retraite pour invalidité et par anticipation à compter du 1er septembre 2021 et, d'autre part, d'enjoindre à la commune de Marseille de procéder à un nouvel examen de sa situation, sous astreinte de 100 euros par jour de retard à compter de la notification de l'ordonnance à intervenir. Par une ordonnance n° 2108605 du 29 octobre 2021, la juge des référés du tribunal administratif a rejeté sa demande. Par un pourvoi sommaire et un mémoire complémentaire, enregistrés les 13 et 28 décembre 2021 au secrétariat du contentieux du Conseil d'Etat, Mme A demande au Conseil d'Etat : 1°) d'annuler cette ordonnance ; 2°) de mettre à la charge de la commune de Marseille la somme de 3 500 euros à verser à son avocat, la SCP Matuchansky, Poupot, Valdelièvre, avocat au Conseil d'Etat et à la Cour de cassation, au titre des articles L. 761-1 du code de justice administrative et 37 de la loi du 10 juillet 1991.",exces_de_pouvoir,defavorable_requerant,DCE_459377_20220615.xml,DCE,2022-06-15,Décision,Excès de pouvoir,Rejet PAPC,3969
"Mme C B a demandé au tribunal administratif de Montreuil d'annuler l'arrêté du 18 juin 2019 par lequel le préfet de la Seine-Saint-Denis a rejeté sa demande de titre de séjour, l'a obligée à quitter le territoire français et a fixé son pays de destination. Par un jugement n° 1908123 du 15 janvier 2021, le tribunal administratif de Montreuil a rejeté cette demande. Par une ordonnance n° 21PA02902 du 29 juin 2021, la présidente de la 8ème chambre de la cour administrative d'appel de Paris a, sur le fondement de l'article R. 222-1 du code de justice administrative, rejeté comme tardif l'appel formé par Mme B contre ce jugement. Par un pourvoi sommaire et un mémoire complémentaire, enregistrés les 13 décembre 2021 et 7 mars 2022 au secrétariat du contentieux du Conseil d'Etat, Mme B demande au Conseil d'Etat : 1°) d'annuler cette ordonnance ; 2°) réglant l'affaire au fond, d'annuler le jugement du 15 janvier 2021 du tribunal administratif de Montreuil et la décision du 18 juin 2019 du préfet de la Seine-Saint-Denis refusant de lui délivrer un titre de séjour ; 3°) de mettre à la charge de l'Etat la somme de 3 500 euros à verser à la SCP Delvolvé-Trichet, son avocat, au titre des articles L. 761-1 du code de justice administrative et 37 de la loi du 10 juillet 1991.",exces_de_pouvoir,renvoi,DCE_459384_20220610.xml,DCE,2022-06-10,Décision,Excès de pouvoir,Renvoi après cassation,6441
"M. B A et Mme C A ont demandé au tribunal administratif de Marseille de prononcer la décharge des cotisations supplémentaires d'impôt sur le revenu, de contribution exceptionnelle sur les hauts revenus et de prélèvements sociaux auxquelles ils ont été assujettis au titre des années 2011 et 2012. Par un jugement no 1804725 du 5 février 2020, ce tribunal a rejeté leur demande. Par un arrêt n° 20MA01362 du 14 octobre 2021, la cour administrative d'appel de Marseille a rejeté l'appel formé par M. et Mme A contre ce jugement. Par un pourvoi sommaire et un mémoire complémentaire, enregistrés les 13 décembre 2021 et 14 mars 2022 au secrétariat du contentieux du Conseil d'Etat, M. et Mme A demandent au Conseil d'Etat : 1°) d'annuler cet arrêt ; 2°) réglant l'affaire au fond, de faire droit à leur appel.",plein_contentieux,defavorable_requerant,DCE_459392_20220603.xml,DCE,2022-06-03,Décision,Plein contentieux,Rejet PAPC,3217
"M. et Mme B A ont demandé au tribunal administratif de Dijon de prononcer la décharge des cotisations supplémentaires d'impôt sur le revenu auxquelles ils ont été assujettis au titre des années 2013, 2014 et 2015. Par un jugement n° 1801129 du 12 février 2019, ce tribunal a prononcé la décharge de ces impositions. Par un arrêt n° 19LY02020 du 23 septembre 2021, la cour administrative d'appel de Lyon, sur appel du ministre de l'action et des comptes publics, a annulé ce jugement et remis les impositions en litige à la charge de M. et Mme A. Par un pourvoi sommaire et un mémoire complémentaire, enregistrés les 13 décembre 2021 et 14 mars 2022 au secrétariat du contentieux du Conseil d'Etat, M. et Mme A demandent au Conseil d'Etat : 1°) d'annuler cet arrêt ; 2°) réglant l'affaire au fond, de rejeter l'appel du ministre de l'action et des comptes publics ; 3°) de condamner l'Etat à leur verser la somme de 2 500 euros au titre de l'article L. 761-1 du code de justice administrative.",plein_contentieux,defavorable_requerant,DCE_459396_20220624.xml,DCE,2022-06-24,Décision,Plein contentieux,Rejet PAPC,4025
"Mme B A a demandé au tribunal administratif de Toulouse d'annuler la décision du 16 juin 2017 par laquelle le directeur du centre hospitalier universitaire (CHU) de Toulouse a changé son affectation. Par un jugement n° 1703833 du 4 avril 2019, le tribunal administratif de Toulouse a rejeté cette demande. Par un arrêt n° 19BX02208 du 14 octobre 2021, la cour administrative d'appel de Bordeaux a rejeté l'appel formé par Mme A contre ce jugement. Par un pourvoi sommaire et un mémoire complémentaire, enregistrés les 14 décembre 2021 et 14 mars 2022 au secrétariat du contentieux du Conseil d'Etat, Mme A demande au Conseil d'Etat : 1°) d'annuler cet arrêt ; 2°) réglant l'affaire au fond, de faire droit à son appel ; 3°) de mettre à la charge du centre hospitalier universitaire de Toulouse la somme de 3 500 euros au titre de l'article L. 761-1 du code de justice administrative. Par une intervention, enregistrée le 17 mars 2022, le syndicat général CGT des personnels actifs et retraités du CHU de Toulouse demande que le Conseil d'Etat fasse droit aux conclusions du pourvoi de Mme A et mettre à la charge du centre hospitalier de Toulouse la somme de 2 500 euros au titre de l'article L. 761-1 du code de justice administrative.",exces_de_pouvoir,defavorable_requerant,DCE_459399_20220628.xml,DCE,2022-06-28,Décision,Excès de pouvoir,Rejet PAPC,3967
"Mme B A a demandé au tribunal administratif de Toulouse d'annuler la décision du 24 novembre 2017 par laquelle le directeur du centre hospitalier universitaire (CHU) de Toulouse a refusé de regarder comme imputable au service l'épisode déclaré le 14 juin 2017 comme un accident de service. Par un jugement n° 1800854 du 4 avril 2019, le tribunal administratif de Toulouse a rejeté cette demande. Par un arrêt n° 19BX02247 du 14 octobre 2021, la cour administrative d'appel de Bordeaux a rejeté l'appel formé par Mme A contre ce jugement. Par un pourvoi sommaire et un mémoire complémentaire, enregistrés les 14 décembre 2021 et 14 mars 2022 au secrétariat du contentieux du Conseil d'Etat, Mme A demande au Conseil d'Etat : 1°) d'annuler cet arrêt ; 2°) réglant l'affaire au fond, de faire droit à son appel ; 3°) de mettre à la charge du centre hospitalier universitaire de Toulouse la somme de 3 500 euros au titre de l'article L. 761-1 du code de justice administrative. Par une intervention, enregistrée le 17 mars 2022, le syndicat général CGT des personnels actifs et retraités du CHU de Toulouse demande que le Conseil d'Etat fasse droit aux conclusions du pourvoi de Mme A et mette à la charge du centre hospitalier de Toulouse la somme de 2 500 euros au titre de l'article L. 761-1 du code de justice.",exces_de_pouvoir,defavorable_requerant,DCE_459401_20220628.xml,DCE,2022-06-28,Décision,Excès de pouvoir,Rejet PAPC,3809
"Mme B A a demandé au tribunal administratif de Toulouse d'annuler son évaluation professionnelle de l'année 2017 établie par le centre hospitalier universitaire (CHU) de Toulouse le 30 novembre 2017. Par un jugement n° 1800695 du 4 avril 2019, le tribunal administratif de Toulouse a rejeté cette demande. Par un arrêt n° 19BX02249 du 14 octobre 2021, la cour administrative d'appel de Bordeaux a rejeté l'appel formé par Mme A contre ce jugement. Par un pourvoi sommaire et un mémoire complémentaire, enregistrés les 14 décembre 2021 et 14 mars 2022 au secrétariat du contentieux du Conseil d'Etat, Mme A demande au Conseil d'Etat : 1°) d'annuler cet arrêt ; 2°) réglant l'affaire au fond, de faire droit à sa demande ; 3°) de mettre à la charge du centre hospitalier universitaire de Toulouse la somme de 3 500 euros au titre de l'article L. 761-1 du code de justice administrative. Par une intervention, enregistrée le 17 mars 2022, le syndicat général CGT des personnels actifs et retraités du CHU de Toulouse demande que le Conseil d'Etat fasse droit aux conclusions du pourvoi de Mme A et mette à la charge du centre hospitalier de Toulouse la somme de 2 500 euros au titre de l'article L. 761-1 du code de justice administrative.",exces_de_pouvoir,defavorable_requerant,DCE_459404_20220628.xml,DCE,2022-06-28,Décision,Excès de pouvoir,Rejet PAPC,3472
"M. B A a demandé au tribunal administratif de Paris d'annuler l'arrêté du maire de Paris du 29 juin 2017 prononçant à son encontre la sanction du blâme. Par un jugement n° 1713897/2-1 du 25 juin 2019, le tribunal administratif de Paris a rejeté sa demande. Par un arrêt n° 19PA02762 du 17 mars 2021, la cour administrative d'appel de Paris a rejeté l'appel formé par M. A contre ce jugement. Par un pourvoi sommaire et un mémoire complémentaire, enregistrés les 14 décembre 2021 et 14 mars 2022 au secrétariat du contentieux du Conseil d'Etat, M. A demande au Conseil d'Etat : 1°) d'annuler cet arrêt ; 2°) de mettre à la charge de la Ville de Paris la somme de 3 500 euros au titre de l'article L. 761-1 du code de justice administrative.",exces_de_pouvoir,defavorable_requerant,DCE_459410_20220621.xml,DCE,2022-06-21,Décision,Excès de pouvoir,Rejet PAPC,3161
"M. A B a demandé au tribunal administratif de Rouen de prononcer la décharge de la cotisation de taxe foncière sur les propriétés bâties à laquelle il a été assujetti au titre de l'année 2020 dans la commune du Mesnil-Esnard. Par un jugement n° 2004633 du 15 octobre 2021, le tribunal administratif de Rouen a rejeté sa demande. Par un pourvoi sommaire et un mémoire complémentaire, enregistrés le 14 décembre 2021 et le 14 mars 2022 au secrétariat du contentieux du Conseil d'Etat, M. B demande au Conseil d'Etat : 1°) d'annuler ce jugement ; 2°) réglant l'affaire au fond, de faire droit à sa demande ; 3°) de mettre à la charge de l'Etat la somme de 3 500 euros au titre de l'article L. 761-1 du code de justice administrative.",plein_contentieux,defavorable_requerant,DCE_459414_20220623.xml,DCE,2022-06-23,Décision,Plein contentieux,Rejet PAPC,2847
"M. B A a demandé au tribunal administratif de Lyon d'annuler pour excès de pouvoir, d'une part, la décision du 8 février 2019 par laquelle l'inspectrice du travail de la 10ème section de l'unité territoriale du Rhône a autorisé le réseau de santé mutualiste - clinique mutualiste de Lyon à le licencier pour motif économique et d'autre part, la décision du 7 juin 2019 par laquelle la directrice adjointe du travail, responsable de l'unité de contrôle de Lyon-Villeurbanne a retiré cette décision et autorisé son licenciement. Par un jugement nos 1902687, 1905691 du 29 septembre 2020, le tribunal administratif a rejeté ses demandes. Par un arrêt nos 20LY03528, 20LY03529 du 14 octobre 2021, la cour administrative d'appel de Lyon a rejeté les appels formés par M. A contre ce jugement. Par un pourvoi sommaire et un mémoire complémentaire, enregistrés le 14 décembre 2021 et le 14 mars 2022 au secrétariat du contentieux du Conseil d'Etat, M. A demande au Conseil d'Etat : 1°) d'annuler cet arrêt ; 2°) réglant l'affaire au fond, de faire droit à ses appels ; 3°) de mettre solidairement à la charge de l'Etat et du Réseau de santé mutualiste, la somme de 3 500 euros au titre de l'article L. 761-1 du code de justice administrative.",exces_de_pouvoir,defavorable_requerant,DCE_459430_20220614.xml,DCE,2022-06-14,Décision,Excès de pouvoir,Rejet PAPC,4085
"M. et Mme A B ont demandé au tribunal administratif de Toulon de prononcer la décharge des cotisations supplémentaires d'impôt sur le revenu et de prélèvements sociaux auxquelles ils ont été assujettis au titre de l'année 2013. Par un jugement n° 1801115 du 24 février 2020, ce tribunal a prononcé un non-lieu à statuer à concurrence d'un dégrèvement intervenu en cours d'instance et rejeté le surplus de leur demande. Par un arrêt n° 20MA01539 du 14 octobre 2021, la cour administrative d'appel de Marseille a rejeté l'appel formé par M. et Mme B contre l'article 2 de ce jugement. Par un pourvoi sommaire et un mémoire complémentaire, enregistrés les 14 décembre 2021 et 14 mars 2022 au secrétariat du contentieux du Conseil d'Etat, M. et Mme B demandent au Conseil d'Etat : 1°) d'annuler cet arrêt ; 2°) réglant l'affaire au fond, de faire droit à leur appel.",plein_contentieux,defavorable_requerant,DCE_459450_20220603.xml,DCE,2022-06-03,Décision,Plein contentieux,Rejet PAPC,3349
"La société à responsabilité limitée (SARL) Lorenzo a demandé au tribunal administratif de Marseille de prononcer la décharge des cotisations supplémentaires d'impôt sur les sociétés auxquelles elle a été assujettie au titre des exercices clos en 2011 et 2012, des rappels de taxe sur la valeur ajoutée qui lui ont été réclamées pour la période du 1er janvier 2011 au 31 décembre 2012 ainsi que des pénalités correspondantes, et de l'amende qui lui a été infligée sur le fondement de l'article 1759 du code général des impôts au titre des années 2011 et 2012. Par un jugement n° 1606800 du 15 mai 2019, ce tribunal a rejeté sa demande. Par un arrêt n° 19MA03340 du 14 octobre 2021, la cour administrative d'appel de Marseille a rejeté l'appel formé par la société Lorenzo contre ce jugement. Par un pourvoi sommaire et un mémoire complémentaire, enregistrés les 14 décembre 2021 et 14 mars 2022 au secrétariat du contentieux du Conseil d'Etat, la société Lorenzo demande au Conseil d'Etat : 1°) d'annuler cet arrêt ; 2°) réglant l'affaire au fond, de faire droit à son appel.",plein_contentieux,defavorable_requerant,DCE_459457_20220603.xml,DCE,2022-06-03,Décision,Plein contentieux,Rejet PAPC,5533
"Par une protestation et un mémoire en réplique, enregistrés les 14 décembre 2021 et 3 mars 2022 au secrétariat du contentieux du Conseil d'Etat, M. O Q, Mme N C, M. G P, M. B E, M. I H demandent au Conseil d'Etat, à titre principal, de rectifier les résultats des opérations électorales qui se sont tenues le 5 décembre 2021 en vue de l'élection des conseillers à l'Assemblée des Français de l'étranger dans la circonscription électorale Asie-Océanie et, à titre subsidiaire, de les annuler. Par deux mémoires complémentaires, enregistrés les 7 et 11 janvier 2022, Mme C réitère ses moyens et conclusions.",plein_contentieux,defavorable_requerant,DCE_459463_20220616.xml,DCE,2022-06-16,Décision,Plein contentieux,Rejet,12110
"M. B A a demandé au tribunal administratif de Versailles d'annuler pour excès de pouvoir la décision du 15 septembre 2017 par laquelle la ministre du travail a, d'une part, annulé la décision de l'inspectrice du travail de la section d'inspection du travail n°1 de l'unité de contrôle n° 3 du pôle travail de la direction régionale des entreprises, de la concurrence, de la consommation, du travail et de l'emploi de la région Ile-de-France du 14 novembre 2016 refusant d'autoriser son licenciement, et d'autre part, autorisé la société d'économie mixte de Vélizy à le licencier pour faute. Par un jugement n° 1707914 du 7 novembre 2019, le tribunal administratif a annulé cette décision. Par un arrêt n° 20VE00050 du 19 octobre 2021, la cour administrative d'appel de Versailles a rejeté l'appel formé par la société d'économie mixte de Vélizy contre ce jugement. Par un pourvoi enregistré le 15 décembre 2021 au secrétariat du contentieux du Conseil d'Etat, la société d'économie mixte de Vélizy demande au Conseil d'Etat : 1°) d'annuler cet arrêt ; 2°) réglant l'affaire au fond, de faire droit à son appel ; 3°) de mettre à la charge de M. A la somme de 4 500 euros au titre de l'article L. 761-1 du code de justice administrative.",plein_contentieux,defavorable_requerant,DCE_459489_20220614.xml,DCE,2022-06-14,Décision,Plein contentieux,Rejet PAPC,4280
"M. B A a demandé au tribunal administratif de Grenoble de prononcer la décharge des cotisations supplémentaires d'impôt sur le revenu et de contributions sociales auxquels il a été assujetti au titre de l'année 2011 ainsi que des pénalités correspondantes. Par un jugement n° 1700958 du 28 juin 2019, ce tribunal a rejeté sa demande. Par un arrêt n° 19LY03227 du 14 octobre 2021, la cour administrative d'appel de Lyon a rejeté l'appel formé par M. A contre ce jugement. Par un pourvoi sommaire et un mémoire complémentaire, enregistrés le 15 décembre 2021 et le 15 mars 2022 au secrétariat du contentieux du Conseil d'Etat, M. A demande au Conseil d'Etat : 1°) d'annuler cet arrêt ; 2°) de mettre à la charge de l'Etat la somme de 5 000 euros au titre de l'article L. 761-1 du code de justice administrative.",plein_contentieux,defavorable_requerant,DCE_459516_20220602.xml,DCE,2022-06-02,Décision,Plein contentieux,Rejet PAPC,3721
"Mme B C épouse A a demandé au tribunal administratif de Grenoble de prononcer la décharge des cotisations supplémentaires d'impôt sur le revenu et de contributions sociales auxquels elle a été assujettie au titre de l'année 2011 ainsi que des pénalités correspondantes. Par un jugement n° 1700335 du 28 juin 2019, ce tribunal a rejeté sa demande. Par un arrêt n° 19LY03229 du 14 octobre 2021, la cour administrative d'appel de Lyon a rejeté l'appel formé par Mme A contre ce jugement. Par un pourvoi sommaire et un mémoire complémentaire, enregistrés le 15 décembre 2021 et le 15 mars 2022 au secrétariat du contentieux du Conseil d'Etat, Mme A demande au Conseil d'Etat : 1°) d'annuler cet arrêt ; 2°) de mettre à la charge de l'Etat la somme de 5 000 euros au titre de l'article L. 761-1 du code de justice administrative.",plein_contentieux,defavorable_requerant,DCE_459525_20220602.xml,DCE,2022-06-02,Décision,Plein contentieux,Rejet PAPC,3753
"Par une requête et un nouveau mémoire, enregistrés les 9 novembre et 16 décembre 2021 au secrétariat du contentieux du Conseil d'Etat, M. A B demande au Conseil d'Etat d'annuler pour excès de pouvoir le décret du 27 juillet 2021 portant refus d'acquisition de la nationalité française.",exces_de_pouvoir,defavorable_requerant,DCE_459548_20220622.xml,DCE,2022-06-22,Décision,Excès de pouvoir,Rejet,2863
"Par un arrêt n° 21LY00713 du 16 décembre 2021, enregistré le 17 décembre 2021 au secrétariat du contentieux du Conseil d'Etat, la cour administrative d'appel de Lyon, avant de statuer sur la demande de M. A B tendant à l'annulation du jugement du 10 février 2021 du tribunal administratif de Lyon rejetant sa demande d'annulation de l'arrêté du 17 novembre 2020 par lequel la préfète de l'Ain lui a fait obligation de quitter le territoire français dans un délai de trente jours, a prononcé une interdiction de retour sur le territoire français pour une durée d'un an et a désigné le pays à destination duquel il est susceptible d'être reconduit d'office, et à ce qu'il soit enjoint à l'autorité administrative de lui délivrer une autorisation provisoire de séjour durant le réexamen de sa situation, a décidé, en application des dispositions de l'article L. 113-1 du code de justice administrative, de transmettre le dossier de cette demande au Conseil d'Etat, en soumettant à son examen les questions suivantes : 1°) Pour l'application des dispositions du I de l'article L. 511-1 du code de l'entrée et du séjour des étrangers et du droit d'asile, désormais reprises à l'article L. 611-1 du même code, le préfet de département compétent pour prendre la mesure d'éloignement, au sens de l'article R. 512-1, est-il, exclusivement, et quel que soit le fondement, soit le préfet du lieu de domicile ou de domiciliation auprès d'une personne morale conventionnée de l'étranger, soit le préfet du lieu de l'interpellation, ou y a-t-il lieu de faire varier la compétence selon le fondement retenu pour prononcer l'obligation de quitter le territoire français ' 2°) Dans la seconde hypothèse, pour le cas prévu au 6° du I de l'article L. 511-1, désormais repris au 4° de l'article L. 611-1, d'une mesure d'éloignement exclusivement fondée sur le rejet définitif d'une demande de protection internationale, le préfet de département compétent est-il le préfet du lieu de domiciliation, une fois que le droit de l'intéressé au maintien sur le territoire a pris fin à l'expiration du délai prévu à l'article L. 743-1, ou, le cas échéant, le préfet du lieu d'interpellation ' 3°) Dans le cas où l'étranger est",autres_recours,autre_issue,DCE_459555_20220613.xml,DCE,2022-06-13,Décision,Autres,Avis article L. 113-1,6129
"La société à responsabilité limitée Youfa a demandé au tribunal administratif de La Réunion d'annuler la décision du 21 juin 2016 par laquelle la direction des entreprises, de la concurrence, de la consommation, du travail et de l'emploi (DIRECCTE) lui a infligé une amende administrative de 184 000 euros ainsi que la publication sur son site et celui de la DGCCRF d'un communiqué relatif à cette décision. Par un jugement n° 1600946 du 8 février 2019, le tribunal administratif de La Réunion a réduit le montant de l'amende à 71 000 euros et a rejeté le surplus de sa demande. Par un arrêt n° 19BX01286 du 17 septembre 2021, la cour administrative d'appel de Bordeaux a, sur appel du ministre de l'économie, des finances et de la relance, annulé ce jugement et rejeté la demande de la société Youfa. Par un pourvoi sommaire et un mémoire complémentaire, enregistrés les 17 décembre 2021 et 17 mars 2022 au secrétariat du contentieux du Conseil d'Etat, la société Youfa demande au Conseil d'Etat : 1°) d'annuler cet arrêt ; 2°) réglant l'affaire au fond, de rejeter l'appel du ministre de l'économie et des finances ; 3°) de mettre à la charge de l'Etat la somme de 6 000 euros au titre de l'article L. 761-1 du code de justice administrative.",plein_contentieux,defavorable_requerant,DCE_459582_20220623.xml,DCE,2022-06-23,Décision,Plein contentieux,Rejet PAPC,3513
"La société par actions simplifiée unipersonnelle (SASU) Bisca Bazar a demandé au tribunal administratif de Pau d'annuler la décision par laquelle l'administration a estimé qu'elle n'était pas éligible au régime d'exonération des bénéfices prévu à l'article 44 quindecies du code général des impôts. Par une ordonnance n° 1902604 du 22 janvier 2021, le magistrat désigné par la présidente de ce tribunal administratif a rejeté sa demande. Par un arrêt n° 21BX01161 du 21 octobre 2021, la cour administrative d'appel de Bordeaux a rejeté l'appel formé par la société Bisca Bazar contre cette ordonnance. Par un pourvoi sommaire et un mémoire complémentaire, enregistrés les 20 décembre 2021 et 1er mars 2022 au secrétariat du contentieux du Conseil d'État, la société Bisca Bazar demande au Conseil d'État : 1°) d'annuler cet arrêt ; 2°) de mettre à la charge de l'Etat la somme de 3 500 euros au titre des dispositions de l'article L. 761-1 du code de justice administrative.",plein_contentieux,defavorable_requerant,DCE_459600_20220624.xml,DCE,2022-06-24,Décision,Plein contentieux,Rejet PAPC,3421
"Le Fonds de garantie des victimes d'actes de terrorisme et d'autres infractions (FGTI) a demandé au tribunal administratif de Toulouse de condamner la société Electricité de France (EDF) à lui verser une somme de 50 000 euros, avec intérêts de droit à compter du 30 décembre 2016, correspondant à l'indemnité versée à M. D C en réparation des préjudices subis par ce dernier à la suite d'un accident survenu à la centrale nucléaire de Golfech le 15 octobre 2008. Par un jugement n° 1701083 du 27 mai 2019, le tribunal administratif de Toulouse a fait droit à cette demande. Par un arrêt n° 19BX03031 du 20 octobre 2021, la cour administrative d'appel de Bordeaux a rejeté l'appel formé par la société EDF contre ce jugement. Par un pourvoi sommaire et un mémoire complémentaire, enregistrés les 20 décembre 2021 et 21 mars 2022 au secrétariat du contentieux du Conseil d'Etat, la société EDF demande au Conseil d'Etat : 1°) d'annuler cet arrêt ; 2°) réglant l'affaire au fond, de faire droit à son appel ; 3°) de mettre à la charge du FGTI la somme de 4 500 euros au titre de l'article L. 761-1 du code de justice administrative.",plein_contentieux,defavorable_requerant,DCE_459638_20220610.xml,DCE,2022-06-10,Décision,Plein contentieux,Rejet PAPC,4513
"La société Jean-Baptiste Audy a demandé au tribunal administratif de Bordeaux d'annuler la décision du 7 avril 2017 par lequel le directeur général de l'établissement national des produits de l'agriculture et de la mer (FranceAgriMer) lui a demandé de reverser la somme de 263 056,53 euros correspondant à une aide indûment perçue. Par un jugement n° 1704466 du 3 juillet 2019, le tribunal administratif de Bordeaux a annulé le titre de recettes du 7 avril 2017 et rejeté le surplus des conclusions de la société. Par un arrêt n°19BX03464 du 19 octobre 2021, la cour administrative d'appel de Bordeaux a, sur appel de FranceAgriMer, annulé les articles 1er à 3 du jugement attaqué, a remis à la charge de la société Jean-Baptiste Audy la somme de 263 056,53 euros et rejeté le surplus des conclusions de cette société. Par un pourvoi sommaire et un mémoire complémentaire, enregistrés les 20 décembre 2021 et 21 mars 2022 au secrétariat du contentieux du Conseil d'Etat, la société Jean-Baptiste Audy demande au Conseil d'Etat : 1°) d'annuler cet arrêt ; 2°) réglant l'affaire au fond, de faire droit à ses conclusions d'appel ; 3°) de mettre à la charge de FranceAgriMer la somme de 6 000 euros au titre de l'article L. 761-1 du code de justice administrative.",plein_contentieux,defavorable_requerant,DCE_459639_20220621.xml,DCE,2022-06-21,Décision,Plein contentieux,Rejet PAPC,4354
"La société en nom collectif (SNC) JM Bruneau a demandé au tribunal administratif de Versailles de prononcer la réduction de la cotisation foncière des entreprises à laquelle elle a été assujettie dans les rôles de la commune de Villebon-sur-Yvette (Essonne), au titre des années 2014 et 2015. Par un jugement nos 1607153, 1703857 du 20 janvier 2020, ce tribunal a rejeté ses demandes. Par un arrêt n° 20VE00704 du 19 octobre 2021, la cour administrative d'appel de Versailles a jugé partiellement fondée la demande de réduction de ces cotisations, réformé en ce sens le jugement du tribunal administratif de Versailles du 20 janvier 2020 et rejeté le surplus des conclusions de l'appel de la société JM Bruneau. Par un pourvoi sommaire et un mémoire complémentaire, enregistrés les 20 décembre 2021 et 21 mars 2022 au secrétariat du contentieux du Conseil d'Etat, la société JM Bruneau demande au Conseil d'Etat : 1°) d'annuler l'article 4 de cet arrêt ; 2°) réglant l'affaire au fond dans cette mesure, de faire droit à son appel ; 3°) de mettre à la charge de l'Etat la somme de 4 000 euros au titre de l'article L. 761-1 du code de justice administrative.",plein_contentieux,defavorable_requerant,DCE_459640_20220624.xml,DCE,2022-06-24,Décision,Plein contentieux,Rejet PAPC,4663
"La société en nom collectif (SNC) JM Bruneau a demandé au tribunal administratif de Versailles de prononcer la réduction de la cotisation foncière des entreprises à laquelle elle a été assujettie dans les rôles de la commune de Villebon-sur-Yvette (Essonne) au titre de l'année 2011. Par un jugement n° 1607171 du 20 janvier 2020, ce tribunal a rejeté sa demande. Par un arrêt n° 20VE00721 du 19 octobre 2021, la cour administrative d'appel de Versailles a jugé partiellement fondée la demande de réduction de cette cotisation, réformé en ce sens le jugement du tribunal administratif de Versailles du 20 janvier 2020 et rejeté le surplus des conclusions de l'appel de la société JM Bruneau. Par un pourvoi sommaire et un mémoire complémentaire, enregistrés les 20 décembre 2021 et 21 mars 2022 au secrétariat du contentieux du Conseil d'Etat, la société JM Bruneau demande au Conseil d'Etat : 1°) d'annuler l'article 4 de cet arrêt ; 2°) réglant l'affaire au fond dans cette mesure, de faire droit à son appel ; 3°) de mettre à la charge de l'Etat la somme de 4 000 euros au titre de l'article L. 761-1 du code de justice administrative.",plein_contentieux,defavorable_requerant,DCE_459641_20220624.xml,DCE,2022-06-24,Décision,Plein contentieux,Rejet PAPC,4609
"La société en nom collectif (SNC) JM Bruneau a demandé au tribunal administratif de Versailles de prononcer la réduction de la cotisation de taxe foncière sur les propriétés bâties à laquelle elle a été assujettie au titre de l'année 2014 et de la cotisation foncière des entreprises à laquelle elle a été assujettie au titre de l'année 2016 dans les rôles de la commune de Villebon-sur-Yvette (Essonne). Par un jugement nos 1607113, 1801059 du 20 janvier 2020, ce tribunal a rejeté ses demandes. Par un arrêt n° 20VE00722 du 19 octobre 2021, la cour administrative d'appel de Versailles a jugé partiellement fondées les demandes de réduction de la société JM Bruneau, réformé en ce sens le jugement du tribunal administratif de Versailles du 20 janvier 2020 et rejeté le surplus des conclusions de l'appel de la société. Par un pourvoi sommaire et un mémoire complémentaire, enregistrés les 20 décembre 2021 et 21 mars 2022 au secrétariat du contentieux du Conseil d'Etat, la société JM Bruneau demande au Conseil d'Etat : 1°) d'annuler l'article 4 de cet arrêt ; 2°) réglant l'affaire au fond dans cette mesure, de faire droit à son appel ; 3°) de mettre à la charge de l'Etat la somme de 4 000 euros au titre de l'article L. 761-1 du code de justice administrative.",plein_contentieux,defavorable_requerant,DCE_459642_20220624.xml,DCE,2022-06-24,Décision,Plein contentieux,Rejet PAPC,4747
"La société civile immobilière (SCI) Saint-Etienne et M. C et Mme D B ont demandé au tribunal administratif de Châlons-en-Champagne d'annuler pour excès de pouvoir l'arrêté du 17 décembre 2018 par lequel le maire de Sainte-Savine a accordé à l'Office public d'habitat (OPH) Aube Immobilier un permis de construire 39 logements locatifs sociaux. Par un jugement n° 1900346 du 19 décembre 2019, le tribunal administratif a fait droit à cette demande. Par un arrêt n°s 20NC00469, 20NC00475 du 19 octobre 2021, la cour administrative d'appel de Nancy, saisie en appel par la commune de Sainte-Savine et l'Office public d'habitat Aube Immobilier, a annulé l'arrêté litigieux en tant qu'il méconnaît l'article UCB 10 du plan local d'urbanisme et réformé le jugement du 19 décembre 2019 du tribunal administratif de Châlons-en-Champagne en ce qu'il avait de contraire. Par un pourvoi sommaire et un mémoire complémentaire, enregistrés les 20 décembre 2021 et 21 mars 2022 au secrétariat du contentieux du Conseil d'Etat, la société Saint-Etienne et M. et Mme B demandent au Conseil d'Etat : 1°) d'annuler cet arrêt en tant qu'il a rejeté le surplus de leurs conclusions ; 2°) de mettre à la charge de la commune de Sainte-Savine et de l'OPH Aube Immobilier la somme de 3 500 euros, au titre des articles L. 761-1 du code de justice administrative.",exces_de_pouvoir,defavorable_requerant,DCE_459645_20220610.xml,DCE,2022-06-10,Décision,Excès de pouvoir,Rejet PAPC,4276
"M. A B a demandé au tribunal administratif de Marseille de condamner, d'une part, l'Institut d'Etudes Politiques (IEP) d'Aix-en-Provence, d'autre part, l'Etat, à lui verser chacun la somme de 1 000 euros en réparation des préjudices qu'il estime avoir subis du fait de la durée excessive de jugement par le Conseil national de l'enseignement supérieur et de la recherche, statuant en matière disciplinaire, de sa demande tendant à ce qu'il soit sursis à l'exécution de la décision du 30 juin 2016 par laquelle la section disciplinaire de l'IEP a prononcé à son encontre la sanction de l'exclusion définitive de cet établissement. Par un jugement nos 1801069 et 2002032 du 5 janvier 2021, le tribunal administratif a rejeté ses demandes. Par un pourvoi sommaire et un mémoire complémentaire, enregistrés le 20 décembre 2021 et le 21 mars 2022 au secrétariat du contentieux du Conseil d'Etat, M. B demande au Conseil d'Etat : 1°) d'annuler cette décision ; 2°) réglant l'affaire au fond, de faire droit à ses demandes ; 3°) de mettre à la charge de l'Institut d'Etudes Politiques d'Aix-en-Provence et de l'Etat la somme de 3 000 euros au titre des dispositions de l'article L. 761-1 du code de justice administrative.",plein_contentieux,defavorable_requerant,DCE_459647_20220615.xml,DCE,2022-06-15,Décision,Plein contentieux,Rejet PAPC,3847
"M. A B a demandé au tribunal administratif de Versailles d'annuler pour excès de pouvoir la décision du 27 mars 2017 par laquelle l'inspectrice du travail de l'unité de contrôle n°4 des Yvelines a autorisé la société Alapont France à le licencier pour motif économique ainsi que la décision implicite du 30 septembre 2017 par laquelle la ministre du travail a rejeté le recours hiérarchique qu'il avait formé contre cette décision. Par un jugement n° 1708605 du 12 décembre 2019, le tribunal administratif a annulé ces deux décisions. Par un arrêt n° 20VE00474 du 19 octobre 2021, la cour administrative d'appel de Versailles a rejeté l'appel formé par la société Alapont France contre ce jugement. Par un pourvoi sommaire et un mémoire complémentaire, enregistrés les 20 décembre 2021 et 19 mars 2022 au secrétariat du contentieux du Conseil d'Etat, la société Alapont France demande au Conseil d'Etat : 1°) d'annuler cet arrêt ; 2°) réglant l'affaire au fond, de faire droit à son appel ; 3°) de mettre à la charge de M. B la somme de 3 500 euros au titre des dispositions de l'article L. 761-1 du code de justice administrative.",exces_de_pouvoir,defavorable_requerant,DCE_459662_20220615.xml,DCE,2022-06-15,Décision,Excès de pouvoir,Rejet PAPC,3735
"M. B A a demandé au tribunal administratif de Melun d'annuler la décision du 9 juillet 2020 par laquelle le président du conseil départemental de Seine-et-Marne a rejeté son recours formé contre la décision par laquelle la caisse d'allocations familiales de Seine-et-Marne lui a notifié un trop-perçu de 7 442,95 euros au titre du revenu de solidarité active pour la période du 1er avril 2016 au 30 novembre 2017 et de le décharger de l'obligation de payer cette somme. Par un jugement n° 1908263 du 13 juillet 2021, le tribunal administratif de Melun a rejeté cette demande. Par une ordonnance n° 21PA06177 du 16 décembre 2021, enregistrée le 21 décembre 2021 au secrétariat du contentieux du Conseil d'Etat, la présidente de la cour administrative d'appel de Paris a transmis au Conseil d'Etat, en application de l'article R. 351-2 du code de justice administrative, le pourvoi, enregistré le 4 décembre 2021 au greffe de cette cour, présenté par M. A contre ce jugement. Par ce pourvoi et un nouveau mémoire, enregistré le 18 mars 2022 au secrétariat du contentieux du Conseil d'Etat, M. A demande au Conseil d'Etat : 1°) d'annuler le jugement du 13 juillet 2021 ; 2°) de mettre à la charge de l'Etat la somme de 1 500 euros à payer à la SCP Gadiou Chevallier, son avocat, au titre des articles 37 de la loi du 10 juillet 1991 et L. 761-1 du code de justice administrative.",exces_de_pouvoir,defavorable_requerant,DCE_459700_20220610.xml,DCE,2022-06-10,Décision,Excès de pouvoir,Rejet PAPC,3429
"1° Sous le n° 459711, par une requête et un mémoire en réplique enregistrés le 21 décembre 2021 et le 13 mai 2022 au secrétariat du contentieux du Conseil d'Etat, le sénat coutumier de Nouvelle-Calédonie, le conseil coutumier de l'aire Drubea Kapumë, M. P L, M. EC BW, M. EX, M. FG, M. EU E, M. BX W, M. EP, M. FD, M. BP DB, M. FI, M. CE EH, M. CQ BY, M. DR DE, M. FS CW, M. AA DG, M. BX Q, M. EQ BZ, M. AS CC, M. X A, M. CF DX, M. DK DX, M. FN BH FO, M. EZ D, Mme DY FJ D, Mme EY D, M. CQ D, M. DJ CG, Mme DF AY, M. AX AY, M. Y AY, Mme CA EV, M. CD BJ, M. FP BJ, M. CM BJ, M. EF BJ, Mme ES BJ, Mme BL BJ, M. AF BJ, M. DN BJ, M. FB K, M. U ED, Mme ER DL, Mme EW CN, M. CX AC, Mme R AC, Mme EA AC, M. CK AC, M. AD AC, M. FL AC, M. FK AC, Mme CJ AE, Mme AG CS, M. BR CS, M. AN BM, M. BC BO, Mme Z BO, Mme AB BO, Mme DP BO, M. BK BO, Mme DV BO, Mme FH, Mme CI EO, Mme BE EO, Mme EE EO, M. AW DO, M. AM CU, Mme AO AI, Mme AV CV, M. CH CV, Mme FR CV, M. BS CV, Mme DQ CV, M. FQ CV, Mme CB AJ, Mme EK AJ, Mme BF AJ, M. BH AJ, Mme EG AJ, Mme CP AJ, M. CE CW, M. V CW, Mme G CW, M. EL CW, M. I CW, Mme EM CW, M. CR CW, Mme CT CW, Mme BT CW, M. AT AK, M. BA AK, M. FE, M. EB AL, Mme ET BQ épouse D, M. Y BU, M. CO M, M. J CZ, M. BG BV, M. T N, M. DH AP, M. C AP, M. DK DA, Mme CY AQ, Mme BI AR, M. BD DU, M. AU DT, M. FM BH DC, M. DS DC, Mme DM DD et M. CL O demandent au Conseil d'Etat : 1°) d'annuler les résultats du vote qui s'est déroulé le 12 décembre 2021 lors de la consultation sur l'accession à la pleine souveraineté de la Nouvelle-Calédonie ; 2°) de mettre à la charge de l'Etat la somme de 5 000 euros à verser conjointement aux protestataires au titre de l'article L. 761-1 du code de justice administrative. 2° Sous le n°459753, par une requête sommaire et un mémoire complémentaire enregistrés le 22 décembre 2021 et le 6 janvier 2022 au secrétariat du contentieux du Conseil d'Etat, M. EN AZ, M. FA, Mme F CN, Mme FF, Mme BN BB, Mme AH B, Mme EI DZ, M. CF EJ, M. FC, M. H DI et M. S DW demandent au Conseil d'Etat d'annuler les opérations électorales qui se sont déroulées le 12 décembre 2021 lors de la consultation sur l'accession à la pleine souveraineté de la Nouvelle-Calédonie. Vu les",exces_de_pouvoir,defavorable_requerant,DCE_459711_20220603.xml,DCE,2022-06-03,Décision,Excès de pouvoir,Rejet,15808
"Mme B A a demandé au tribunal administratif de Clermont-Ferrand de prononcer la décharge des cotisations supplémentaires d'impôt sur le revenu et des contributions sociales auxquelles elle a été assujettie au titre des années 2012 et 2013 ainsi que des pénalités correspondantes. Par un jugement n° 1700934 du 9 juillet 2019, le tribunal administratif de Clermont-Ferrand a constaté un non-lieu à statuer partiel sur les conclusions relatives aux contributions sociales établies au titre des années 2012 et 2013 et a rejeté le surplus des conclusions de sa demande. Par un arrêt n° 19LY03406 du 21 octobre 2021, la cour administrative d'appel de Lyon a rejeté l'appel formé par Mme A contre ce jugement. Par un pourvoi sommaire et un mémoire complémentaire, enregistrés le 21 décembre 2021 et le 21 mars 2022 au secrétariat du contentieux du Conseil d'Etat, Mme A demande au Conseil d'Etat : 1°) d'annuler cet arrêt ; 2°) réglant l'affaire au fond, de faire droit à son appel ; 3°) de mettre à la charge de l'Etat la somme de 4 000 euros au titre de l'article L. 761-1 du code de justice administrative.",plein_contentieux,defavorable_requerant,DCE_459712_20220602.xml,DCE,2022-06-02,Décision,Plein contentieux,Rejet PAPC,4999
"M. A B a demandé au tribunal administratif de Lyon la décharge de l'obligation de payer la somme de 170 899 euros, notifiée par mise en demeure du 29 mai 2017, tenant lieu de commandement de payer, correspondant à des droits en matière de taxe sur la valeur ajoutée à hauteur de 121 723 euros, des majorations à hauteur de 48 689 euros et des intérêts de retard à hauteur de 487 euros. Par un jugement n° 1708452 du 10 janvier 2019, le tribunal administratif de Lyon a rejeté sa demande. Par un arrêt n° 19LY00980 du 28 octobre 2021, la cour administrative d'appel de Lyon a rejeté l'appel formé par M. B contre ce jugement. Par un pourvoi sommaire et un mémoire complémentaire, enregistrés le 22 décembre 2021 et le 22 mars 2022 au secrétariat du contentieux du Conseil d'Etat, M. B demande au Conseil d'Etat : 1°) d'annuler cet arrêt ; 2°) réglant l'affaire au fond, de faire droit à son appel ; 3°) de mettre à la charge de l'Etat la somme de 4 000 euros au titre de l'article L. 761-1 du code de justice administrative.",plein_contentieux,defavorable_requerant,DCE_459717_20220602.xml,DCE,2022-06-02,Décision,Plein contentieux,Rejet PAPC,5359
"M. C B A a demandé à la Cour nationale du droit d'asile d'annuler la décision du 3 avril 2020 par laquelle le directeur général de l'Office français de protection des réfugiés et apatrides a rejeté sa demande d'asile et de lui reconnaître la qualité de réfugié ou, à défaut, de lui accorder le bénéfice de la protection subsidiaire. Par une décision n° 20025476 du 10 mars 2021, la Cour nationale du droit d'asile a rejeté sa demande. Par un pourvoi sommaire et un mémoire complémentaire, enregistrés les 22 décembre 2021 et 23 mars 2022 au secrétariat du contentieux du Conseil d'Etat, M. B A demande au Conseil d'Etat : 1°) d'annuler cette décision ; 2°) en tant que de besoin, de surseoir à statuer et renvoyer à la Cour de justice de l'Union européenne la question préjudicielle suivante : "" L'article 10, paragraphe 3, sous b) et d), l'article 12, paragraphe 1, sous d), et paragraphe 2, et l'article 23 de la directive 2013/32/UE du Parlement européen et du Conseil du 26 juin 2013 doivent-ils s'interpréter en ce sens qu'ils imposent aux autorités nationales de donner accès aux demandeurs ou à leurs conseils à la documentation produite par un centre de documentation de la juridiction de l'asile ' "" 3°) de mettre à la charge de l'Office français de protection des réfugiés et apatrides la somme de 3 000 euros au titre de l'article L. 761-1 du code de justice administrative.",plein_contentieux,defavorable_requerant,DCE_459748_20220622.xml,DCE,2022-06-22,Décision,Plein contentieux,Rejet PAPC,4789
"M. B A a demandé au tribunal administratif de Paris de prononcer la décharge de l'obligation de payer résultant, d'une part, de la déclaration de créances du 20 février 2014 souscrite par le comptable du service des impôts des entreprises du 17ème arrondissement de Paris-Batignolles à concurrence de 102 299,39 euros, correspondant à des dettes de taxe sur la valeur ajoutée au titre des années 1997, 2001 à 2006 et 2009 et de cotisation foncière des entreprises au titre des années 2012 à 2014, et, d'autre part, de la déclaration de créances du 10 mars 2014 souscrite par le comptable du service des impôts des particuliers du 8ème arrondissement, correspondant à des dettes d'impôt sur le revenu au titre de l'année 2004, de contributions sociales au titre des années 2007 et 2009 et de taxes foncières au titre des années 2012 et 2013, à concurrence d'un montant de 15 456,49 euros résultant d'un bordereau de déclaration du 18 juin 2014. Par un jugement n° 1716562 du 10 juillet 2019, le tribunal administratif de Paris a rejeté sa demande. Par un arrêt n° 19PA02940 du 27 octobre 2021, la cour administrative d'appel de Paris a rejeté l'appel formé par M. A contre ce jugement. Par un pourvoi sommaire et un mémoire complémentaire, enregistrés le 23 décembre 2021 et le 23 mars 2022 au secrétariat du contentieux du Conseil d'Etat, M. A demande au Conseil d'Etat : 1°) d'annuler cet arrêt ; 2°) réglant l'affaire au fond, de faire droit à son appel ; 3°) de mettre à la charge de l'Etat la somme de 3 000 euros au titre de l'article L. 761-1 du code de justice administrative.",plein_contentieux,defavorable_requerant,DCE_459775_20220623.xml,DCE,2022-06-23,Décision,Plein contentieux,Rejet PAPC,4197
"La société Diez Daniel Automatisierungs Service GmbH a demandé au tribunal administratif de la Martinique d'annuler la décision du 6 septembre 2017 par laquelle la directrice de la direction des entreprises, de la concurrence, de la consommation, du travail et de l'emploi de la Martinique a prononcé à son encontre une amende administrative d'un montant total de 13 000 euros. Par un jugement n° 1700698 du 14 mars 2019, le tribunal a rejeté sa requête. Par un arrêt n° 19BX02810 du 21 octobre 2021, la cour administrative d'appel de Bordeaux a rejeté l'appel formé par cette société contre ce jugement. Par un pourvoi sommaire et un mémoire complémentaire, enregistrés les 23 décembre 2021 et 23 mars 2022 au secrétariat du contentieux du Conseil d'Etat, cette société demande au Conseil d'Etat : 1°) d'annuler cet arrêt ; 2°) de mettre à la charge de l'Etat la somme de 3 000 euros au titre de l'article L. 761-1 du code de justice administrative.",exces_de_pouvoir,defavorable_requerant,DCE_459792_20220610.xml,DCE,2022-06-10,Décision,Excès de pouvoir,Rejet PAPC,3518
"M. A B a demandé au tribunal administratif de Cergy-Pontoise de prononcer la décharge des cotisations supplémentaires d'impôt sur le revenu et de contributions sociales auxquelles il a été assujetti au titre des années 2008 à 2010, ainsi que des pénalités correspondantes. Par un jugement nos 1702071, 1702072 du 28 mai 2019, ce tribunal, après avoir constaté qu'il n'y avait plus lieu de statuer à concurrence d'un dégrèvement intervenu en cours d'instance, a rejeté le surplus des conclusions de sa demande. Par un arrêt n° 19VE02837 du 27 octobre 2021, la cour administrative d'appel de Versailles a rejeté l'appel formé par M. B contre l'article 2 de ce jugement. Par un pourvoi sommaire et un mémoire complémentaire, enregistrés les 24 décembre 2021 et 24 mars 2022 au secrétariat du contentieux du Conseil d'Etat, M. B demande au Conseil d'Etat : 1°) d'annuler cet arrêt ; 2°) réglant l'affaire au fond, de faire droit à son appel ; 3°) de mettre à la charge de l'Etat la somme de 4 000 euros au titre de l'article L. 761-1 du code de justice administrative.",plein_contentieux,defavorable_requerant,DCE_459796_20220603.xml,DCE,2022-06-03,Décision,Plein contentieux,Rejet PAPC,4425
"Le médecin-conseil, chef de service de l'échelon local du service médical de Dijon, a porté plainte contre M. A B devant la section des assurances sociales de la chambre disciplinaire de première instance de la région Bourgogne-Franche-Comté de l'ordre des chirurgiens-dentistes. Par une décision du 14 octobre 2020, la section des assurances sociales de première instance a, d'une part, infligé à M. B la sanction de l'interdiction permanente du droit de donner des soins aux assurés sociaux et, d'autre part, l'a condamné à rembourser la somme de 56 120,66 euros à la caisse primaire d'assurance maladie. Elle a, en outre, révoqué le sursis de neuf mois dont était assortie une précédente sanction d'interdiction prononcée à l'encontre de M. B par une décision de la section des assurances sociales de la chambre disciplinaire de première instance de la région Bourgogne de l'ordre des chirurgiens-dentistes du 6 juillet 2015. Par une décision du 25 octobre 2021, la section des assurances sociales du Conseil national de l'ordre des chirurgiens-dentistes a, d'une part, rejeté l'appel formé par M. B contre la décision du 14 octobre 2020 et, d'autre part, confondu la révocation du sursis dans la sanction d'interdiction permanente de dispenser des soins aux assurés sociaux. Elle a, en outre, prévu que cette sanction de l'interdiction permanente ferait l'objet d'une publication dans les locaux administratifs ouverts au public de la caisse primaire d'assurance maladie de la Côte d'Or. Par un pourvoi sommaire et un mémoire complémentaire, enregistrés le 24 décembre 2021 et le 22 mars 2022 au secrétariat du contentieux du Conseil d'Etat, M. B demande au Conseil d'Etat : 1°) d'annuler cette décision ; 2°) de mettre à la charge du médecin-conseil, chef de service de l'échelon local du service du contrôle médical de Dijon, et du Conseil national de l'ordre des chirurgiens-dentistes la somme de 6 000 euros au titre des dispositions de l'article L. 761-1 du code de justice administrative.",plein_contentieux,defavorable_requerant,DCE_459817_20220615.xml,DCE,2022-06-15,Décision,Plein contentieux,Rejet PAPC,4609
"La communauté de communes du Pays d'Apt Luberon a demandé au tribunal administratif de Nîmes de condamner la société Sensus France SAS, d'une part, à reprendre le stock des compteurs d'eau non installés en procédant à leur paiement, à hauteur de la somme de 12 477,60 euros et, d'autre part, à lui verser la somme de 288 982,96 euros TTC en réparation des préjudices subis du fait du caractère impropre à leur destination des compteurs fournis et d'assortir les condamnations prononcées des intérêts au taux légal à compter du 23 mars 2017 et de leur capitalisation. Par un jugement n° 1703924 du 21 novembre 2019, le tribunal administratif de Nîmes a condamné la société Sensus France SAS à verser à la communauté de communes du Pays d'Apt Luberon la somme de 900 euros avec intérêts au taux légal à compter du 23 décembre 2017 et capitalisation des intérêts à compter du 23 décembre 2018 et a rejeté le surplus des conclusions de la demande de la communauté de communes du Pays d'Apt Luberon. Par un arrêt n° 20MA00224 du 25 octobre 2021, la cour administrative d'appel de Marseille a rejeté l'appel formé par la communauté de communes du Pays d'Apt Luberon contre ce jugement. Par un pourvoi sommaire et un mémoire complémentaire, enregistrés les 24 décembre 2021 et 25 mars 2022 au secrétariat du contentieux du Conseil d'Etat, la communauté de communes du Pays d'Apt Luberon demande au Conseil d'Etat : 1°) d'annuler cet arrêt ; 2°) de mettre à la charge de la société Sensus France SAS la somme de 3 500 euros au titre de l'article L. 761-1 du code de justice administrative.",exces_de_pouvoir,defavorable_requerant,DCE_459821_20220610.xml,DCE,2022-06-10,Décision,Excès de pouvoir,Rejet PAPC,4468
"La société par actions simplifiée Camus Développement a demandé au tribunal administratif de Paris de prononcer la décharge, en droits et pénalités, des cotisations supplémentaires d'impôt sur les sociétés et de contributions sociales auxquelles elle a été assujettie au titre des années 2011 et 2012 et de condamner l'Etat au paiement d'intérêts moratoires sur les sommes versées. Par un jugement n° 1817795 du 9 juin 2020, le tribunal administratif de Paris a rejeté sa demande. Par un arrêt n° 20PA01922 en date du 25 octobre 2021, la cour administrative d'appel de Paris a rejeté l'appel formé par la société Camus Développement contre ce jugement. Par un pourvoi sommaire et un mémoire complémentaire, enregistrés le 27 décembre 2021 et le 18 mars 2022 au secrétariat du contentieux du Conseil d'Etat, la société Camus Développement demande au Conseil d'Etat : 1°) d'annuler cet arrêt ; 2°) réglant l'affaire au fond, de faire droit à son appel ; 3°) de mettre à la charge de l'Etat la somme de 5 000 euros au titre de l'article L. 761-1 du code de justice administrative.",plein_contentieux,autre_issue,DCE_459831_20220602.xml,DCE,2022-06-02,Décision,Plein contentieux,Admission partielle en cassation,3805
"Mme B C et M. A D ont demandé au tribunal administratif de Lyon d'annuler pour excès de pouvoir la délibération du 20 décembre 2018 par laquelle le conseil municipal de Fillinges a approuvé le plan local d'urbanisme de la commune, ainsi que la décision de rejet de leurs recours gracieux. Par un jugement n° 1904117 du 2 juillet 2019, le tribunal administratif a rejeté cette demande. Par un arrêt n° 20LY03359 du 26 octobre 2021, la cour administrative d'appel de Lyon a rejeté l'appel qu'ils avaient formé contre ce jugement. Par un pourvoi sommaire et un mémoire complémentaire, enregistrés le 27 décembre 2021 et le 28 mars 2022 au secrétariat du contentieux du Conseil d'Etat, Mme C et M. D demandent au Conseil d'Etat : 1°) d'annuler cet arrêt ; 2°) réglant l'affaire au fond, d'annuler la délibération du 20 décembre 2018 ; 2°) de mettre à la charge de la commune de Fillinges la somme de 5 000 euros au titre de l'article L. 761-1 du code de justice administrative.",exces_de_pouvoir,defavorable_requerant,DCE_459837_20220610.xml,DCE,2022-06-10,Décision,Excès de pouvoir,Rejet PAPC,2955
"M. A B a demandé au tribunal administratif de Paris de prononcer la décharge des cotisations supplémentaires d'impôt sur le revenu et de contributions sociales auxquelles il a été assujetti au titre des années 2013 et 2014, des rappels de taxe sur la valeur ajoutée mis à sa charge au titre de la période du 1er janvier 2013 au 31 décembre 2014 ainsi que des pénalités correspondantes. Par un jugement n° 1719278 du 22 janvier 2020, ce tribunal a rejeté sa demande. Par un arrêt n° 20PA00983 du 27 octobre 2021, la cour administrative d'appel de Paris a rejeté l'appel formé par M. B contre ce jugement. Par un pourvoi et un mémoire complémentaire, enregistrés les 27 décembre 2021 et 28 mars 2022 au secrétariat du contentieux du Conseil d'Etat, M. B demande au Conseil d'Etat : 1°) d'annuler cet arrêt ; 2°) réglant l'affaire au fond, de faire droit à son appel ; 3°) de condamner l'Etat à lui verser la somme de 5 000 euros au titre de l'article L. 761-1 du code de justice administrative.",plein_contentieux,defavorable_requerant,DCE_459838_20220624.xml,DCE,2022-06-24,Décision,Plein contentieux,Rejet PAPC,3455
"Mme G A, Mme I A E, Mme D A, Mme H A C, M. F A et M. B A ont demandé au tribunal administratif de Nîmes d'annuler pour excès de pouvoir la décision du 11 avril 2019 par laquelle le maire de Sorgues a refusé de convoquer le conseil municipal pour modifier le plan local d'urbanisme de la commune afin de classer en zone constructible la parcelle cadastrée section CY n° 319 leur appartenant et d'enjoindre au maire d'engager à cette fin une procédure de modification du plan local d'urbanisme, sous astreinte de 500 euros par jour de retard. Par un jugement n° 1902022 du 2 juin 2020, le tribunal a rejeté cette demande. Par un arrêt n° 20MA02490 du 26 octobre 2021, la cour administrative d'appel de Marseille a rejeté l'appel formé par Mme A et autres contre ce jugement. Par un pourvoi sommaire et un mémoire complémentaire, enregistrés les 27 décembre 2021 et 28 mars 2022 au secrétariat du contentieux du Conseil d'Etat, les Mme A et autres demandent au Conseil d'Etat : 1°) d'annuler cet arrêt ; 2°) réglant l'affaire au fond, de faire droit à leur demande ; 3°) de mettre à la charge de la commune de Sorgues la somme de 3 500 euros au titre de l'article L. 761-1 du code de justice administrative.",exces_de_pouvoir,defavorable_requerant,DCE_459839_20220610.xml,DCE,2022-06-10,Décision,Excès de pouvoir,Rejet PAPC,3433
"La préfète de la Corse-du-Sud a déféré devant le tribunal administratif de Bastia la société à responsabilité limitée (SARL) Ingénierie touristique hôtelière ainsi que Mme B A, sa gérante, comme prévenues d'une contravention de grande voirie prévue et réprimée par l'article L. 2132-3 du code général de la propriété des personnes publiques, sur la base d'un procès-verbal du 18 février 2019 constatant l'occupation du domaine public maritime au droit de l'établissement hôtelier exploité par la société en bordure de la plage de Cala Rossa sur la commune de Lecci (Corse-du-Sud). Par un jugement n° 1900283 du 17 octobre 2019, ce tribunal a condamné Mme A et la société à payer chacune une amende de 1 500 euros, leur a ordonné de remettre les lieux en leur état initial sous astreinte de 1 000 euros par jour de retard au-delà d'un délai de deux mois à compter de la notification du jugement, et a autorisé l'administration à procéder d'office à cette remise en état aux frais des contrevenants en cas d'inexécution dans ce même délai. Par un arrêt n° 19MA05501 du 29 octobre 2021, la cour administrative d'appel de Marseille a rejeté l'appel formé par la société Ingénierie touristique hôtelière et Mme A contre ce jugement. Par un pourvoi sommaire et un mémoire complémentaire, enregistrés le 27 décembre 2021 et le 9 mars 2022 au secrétariat du contentieux du Conseil d'Etat, la société Ingénierie touristique hôtelière et Mme A demandent au Conseil d'Etat : 1°) d'annuler cet arrêt ; 2°) réglant l'affaire au fond, de faire droit à leur appel ; 3°) de mettre à la charge de l'Etat la somme de 3 000 euros au titre de l'article L. 761-1 du code de justice administrative.",exces_de_pouvoir,defavorable_requerant,DCE_459848_20220624.xml,DCE,2022-06-24,Décision,Excès de pouvoir,Rejet PAPC,4957
"Mme A B a demandé au tribunal administratif de Nice : - d'annuler la décision du 9 novembre 2017 par laquelle le département des Alpes-Maritimes a rejeté le recours qu'elle a exercé contre la décision du 6 septembre 2017 par laquelle la caisse d'allocations familiales des Alpes-Maritimes a mis fin au bénéfice du revenu de solidarité active et d'enjoindre au département des Alpes-Maritimes de l'admettre de manière rétroactive au bénéfice de cette allocation ; - d'annuler la décision implicite rejetant son recours préalable exercé le 4 octobre 2017 à l'encontre de la décision du 21 septembre 2017, relatif d'une part à un indu de revenu de solidarité active d'un montant de 17 606,75 euros sur la période des mois de juillet 2014 au 30 juin 2017 et relatif d'autre part à des indus de prime exceptionnelle de fin d'année au titre des années 2015 et 2016 d'un montant respectif de 228,67 euros et 152,45 euros ; - d'annuler la décision du 12 septembre 2017 par laquelle la caisse d'allocations familiales des Alpes-Maritimes a mis à sa charge un indu de prime exceptionnelle de fin d'année au titre de l'année 2016 ; - d'enjoindre à la caisse d'allocations familiales des Alpes-Maritimes et au département de lui rembourser les sommes retenues dans le cadre du recouvrement des indus ; - d'annuler la décision du 4 décembre 2017 par laquelle le département des Alpes-Maritimes a prononcé à son encontre une amende administrative d'un montant de 960 euros ; - d'annuler la décision du 9 avril 2018 par laquelle le département des Alpes-Maritimes a rejeté le recours qu'elle a exercé contre l'avis des sommes à payer du 2 février 2018, ainsi que cet avis. Par un jugement n°s 1801454, 1801455, 1801456, 1803892 du 20 mai 2021, le tribunal administratif de Nice a annulé la décision du 12 septembre 2017 par laquelle la caisse d'allocations familiales des Alpes-Maritimes a réclamé à Mme B la somme de 152,45 euros correspondant à un indu de prime exceptionnelle de fin d'année perçu en 2016, annulé l'avis des sommes à payer du 2 février 2018 portant sur une somme de 960 euros et la décision de rejet de son recours gracieux du 9 avril 2018 et rejeté le surplus des conclusions des demandes. Par",exces_de_pouvoir,defavorable_requerant,DCE_459862_20220610.xml,DCE,2022-06-10,Décision,Excès de pouvoir,Rejet PAPC,5383
"M. C B et Mme A B ont demandé au tribunal administratif de Marseille d'annuler pour excès de pouvoir l'arrêté du 7 mai 2018 par lequel le maire des Pennes Mirabeau a délivré un permis de construire à la commune pour la réalisation de plusieurs équipements publics comprenant un groupe scolaire de 15 classes, un pôle multi-accueil petite enfance, un restaurant intergénérationnel, s'accompagnant du réaménagement des espaces publics et de la voirie ainsi que la décision implicite rejetant leur recours gracieux formé contre cet arrêté. Par un jugement n° 1808875 du 8 mars 2021, le tribunal administratif de Marseille a rejeté cette demande. Par un arrêt n° 21MA01711 du 28 octobre 2021, la cour administrative d'appel de Marseille a, sur l'appel formé par les époux B, annulé le jugement du tribunal administratif de Marseille du 8 mars 2021 et renvoyé l'affaire devant ce même tribunal. Par un pourvoi sommaire et un mémoire complémentaire, enregistrés les 28 décembre 2021 et 28 mars 2022 au secrétariat du contentieux du Conseil d'Etat, la commune des Pennes Mirabeau demande au Conseil d'Etat : 1°) d'annuler cet arrêt ; 2°) réglant l'affaire au fond, de rejeter la requête présentée par les époux B ; 3°) de mettre à la charge des époux B la somme de 4 000 euros au titre de l'article L. 761-1 du code de justice administrative.",exces_de_pouvoir,defavorable_requerant,DCE_459896_20220610.xml,DCE,2022-06-10,Décision,Excès de pouvoir,Rejet PAPC,3129
"M. B A et Mme C A ont demandé au tribunal administratif de Lille de prononcer la décharge des cotisations d'impôt sur le revenu et de contributions sociales auxquelles ils ont été assujettis au titre de l'année 2013. Par un jugement n° 1609940 du 23 novembre 2018, ce tribunal a rejeté leur demande. Par un arrêt n° 19DA00186 du 28 octobre 2021, la cour administrative d'appel de Douai a rejeté l'appel formé par M. et Mme A contre ce jugement. Par un pourvoi sommaire et un mémoire complémentaire, enregistrés les 28 décembre 2021 et 25 mars 2022 au secrétariat du contentieux du Conseil d'Etat, M. et Mme A demandent au Conseil d'Etat : 1°) d'annuler cet arrêt ; 2°) réglant l'affaire au fond, de faire droit à leur appel.",plein_contentieux,defavorable_requerant,DCE_459902_20220624.xml,DCE,2022-06-24,Décision,Plein contentieux,Rejet PAPC,2741
"M. B A et Mme C A ont demandé au tribunal administratif de Lille de prononcer la décharge des cotisations supplémentaires d'impôt sur le revenu, de contribution sur les hauts revenus et de prélèvements sociaux auxquelles ils ont été assujettis au titre des années 2010, 2011 et 2012, ainsi que des pénalités correspondantes. La société à responsabilité limitée (D a demandé au tribunal administratif de Lille de prononcer la décharge des cotisations supplémentaires d'impôt sur les sociétés auxquelles elle a été assujettie au titre des exercices clos en 2010, 2011 et 2012, ainsi que des pénalités correspondantes. Par un jugement nos 1601225, 1606471, 1702122 et 1702503 du 23 novembre 2018, ce tribunal, après avoir joint les demandes et constaté qu'il n'y avait plus lieu de statuer à concurrence d'un dégrèvement intervenu en cours d'instance, a rejeté le surplus des conclusions des demandes de M. et Mme A ainsi que les demandes de la société La Royale. Par un arrêt n° 19DA00178 du 28 octobre 2021, la cour administrative d'appel de Douai a substitué la majoration de 40 % pour manquement délibéré à la majoration de 80 % pour manœuvres frauduleuses dont avaient été assorties les cotisations supplémentaires d'impôt sur le revenu et de contributions sociales auxquelles M. et Mme A ont été assujettis au titre des années 2010, 2011 et 2012, prononcé la décharge correspondante et rejeté le surplus des conclusions d'appel de la société La Royale et de M. et Mme A. Par un pourvoi sommaire et un mémoire complémentaire, enregistrés les 28 décembre 2021 et 25 mars 2022 au secrétariat du contentieux du Conseil d'Etat, M. et Mme A et la société La Royale demandent au Conseil d'Etat : 1°) d'annuler l'article 5 de cet arrêt ; 2°) réglant l'affaire au fond dans cette mesure, de faire droit à leur appel.",plein_contentieux,defavorable_requerant,DCE_459903_20220624.xml,DCE,2022-06-24,Décision,Plein contentieux,Rejet PAPC,5849
"Mme B C épouse D et Mme A C ont demandé au tribunal administratif de Toulon d'annuler pour excès de pouvoir la délibération du 23 janvier 2018 par laquelle le conseil municipal de Néoules a approuvé le plan local d'urbanisme de la commune ainsi que la décision du 2 mai 2018 du maire rejetant leur recours gracieux. Par un jugement n° 1802069 du 29 septembre 2020, le tribunal a rejeté cette demande. Par un arrêt n° 20MA04387 du 28 octobre 2021, la cour administrative d'appel de Marseille a, sur appel des requérantes, sursis à statuer pendant un délai de six mois dans l'attente de la production, par la commune de Néoules, d'une délibération modificative régularisant la délibération du 23 janvier 2018 du conseil municipal. Par un pourvoi sommaire et un mémoire complémentaire, enregistrés les 28 décembre 2021 et 28 mars 2022 au secrétariat du contentieux du Conseil d'Etat, les consorts C demandent au Conseil d'Etat : 1°) d'annuler cet arrêt ; 2°) réglant l'affaire au fond, de faire droit à leurs demandes ; 3°) de mettre à la charge de la commune de Néoules la somme de 4 000 euros au titre de l'article L. 761-1 du code de justice administrative.",exces_de_pouvoir,defavorable_requerant,DCE_459906_20220610.xml,DCE,2022-06-10,Décision,Excès de pouvoir,Rejet PAPC,5637
"La société Consulting Privé Public - Cabinet Fidélia Consulting a demandé au tribunal administratif de Nantes d'annuler le titre exécutoire d'un montant de 57 660 euros émis par le maire de La Remaudière et de la décharger de l'obligation de payer cette somme. La commune de La Remaudière a demandé au tribunal administratif de Nantes de condamner la société Consulting Privé Public - Cabinet Fidélia Consulting au paiement d'une somme de 50 519 euros TTC, avec intérêts au taux légal à compter du 12 mai 2015. Par un jugement n°s 1506379, 1509786 du 5 juillet 2017, le tribunal administratif de Nantes a, d'une part, annulé le titre exécutoire émis par la commune de La Remaudière et déchargé la société Consulting Privé Public - Cabinet Fidélia Consulting de l'obligation de payer la somme mise à sa charge par ce titre et, d'autre part, rejeté les conclusions de la commune tendant à la condamnation de la société au paiement de la somme de 50 519 euros. Par un arrêt n° 17NT02395 du 8 février 2019, la cour administrative d'appel de Nantes, sur appel formé par la commune de La Remaudière, a, d'une part, annulé ce jugement en tant qu'il avait rejeté la demande présentée par la commune devant le tribunal administratif et, statuant sur ces conclusions par la voie de l'évocation, rejeté cette demande, et, d'autre part rejeté le surplus des conclusions de l'appel de la commune. Par une décision n° 429522 du 10 juillet 2020, le Conseil d'Etat, statuant au contentieux, a annulé cet arrêt et renvoyé l'affaire devant la cour administrative d'appel de Nantes. Par un arrêt n° 20NT002088 du 29 octobre 2021, la cour administrative d'appel de Nantes a annulé les articles 4 à 6 de ce jugement, condamné la société Consulting Privé Public Cabinet Fidélia Consulting à verser à la commune de La Remaudière la somme de 21 000 euros TTC, assortie des intérêts au taux légal et de leur capitalisation et rejeté le surplus des conclusions de la commune. Par un pourvoi sommaire et un mémoire complémentaire, enregistrés les 29 décembre 2021 et 30 mars 2022 au secrétariat du contentieux du Conseil d'Etat, la commune de La Remaudière demande au Conseil d'Etat : 1°) d'annuler cet arrêt ; 2°) réglant",plein_contentieux,defavorable_requerant,DCE_459917_20220610.xml,DCE,2022-06-10,Décision,Plein contentieux,Rejet PAPC,4704
"Mme A B épouse C a demandé au tribunal administratif de Lille d'annuler la décision du 3 janvier 2019 par laquelle la caisse d'allocations familiales du Nord a mis à sa charge un indu de 1246,70 euros au titre de plusieurs prestations (revenu de solidarité active, prime d'activité et allocation de soutien familial non recouvrable) et d'annuler les décisions du 19 février et du 10 avril 2019 par lesquelles le directeur de la caisse d'allocations familiales du Nord a, d'abord, refusé de lui accorder la remise gracieuse de l'indu de revenu de solidarité active d'un montant de 421,24 euros, et lui a, ensuite, accordé, à hauteur de 446,15 euros, une remise partielle de l'indu de prime d'activité d'un montant de 594,86 euros, et enfin de lui accorder la remise totale de ces indus et d'enjoindre à la caisse d'allocations familiales du Nord de lui rembourser les sommes retenues sur ses prestations aux fins de leur recouvrement. Par une ordonnance n° 1902283 du 13 octobre 2020, le président de la 6ème chambre du tribunal administratif de Lille a transmis au tribunal judiciaire de Lille, seul compétent pour en connaître, les conclusions de la requête de Mme B relatives à l'indu d'allocation de soutien familial non recouvrable, y compris les conclusions tendant au remboursement des retenues opérées sur ses prestations aux fins de recouvrement de cet indu. Par un jugement n° 1902283 du 27 octobre 2021, le tribunal administratif de Lille a accordé à Mme B la remise totale de la somme de 569,95 euros au titre des indus de revenu de solidarité active et de prime d'activité mis à sa charge, a enjoint à la caisse d'allocations familiales du Nord de lui restituer, dans un délai de deux mois à compter de la notification du jugement, le montant des sommes prélevées sur ses prestations aux fins de recouvrement des indus de revenu de solidarité active et de prime d'activité mis à sa charge et a rejeté le surplus des conclusions de sa requête. Par un pourvoi sommaire et un mémoire complémentaire, enregistrés les 29 décembre 2021 et 28 mars 2022 au secrétariat du contentieux du Conseil d'Etat, le département du Nord demande au Conseil d'Etat : 1°) d'annuler ce jugement, en tant qu'il",exces_de_pouvoir,defavorable_requerant,DCE_459951_20220610.xml,DCE,2022-06-10,Décision,Excès de pouvoir,Rejet PAPC,4306
"La société Nantes Saint-Jacques Invest Hôtel a demandé au tribunal administratif de Nantes de prononcer la réduction des cotisations de taxe foncière sur les propriétés bâties et de taxe d'enlèvement des ordures ménagères, de la cotisation foncière des entreprises et de la cotisation de taxe pour frais de chambres de commerce et d'industrie auxquelles elle a été assujettie dans les rôles de la commune de Nantes au titre de l'année 2016 à raison d'un hôtel dont elle est propriétaire 16 boulevard Emile Gabory. Par un jugement nos 1803458 et 1806733 du 29 octobre 2021, le tribunal administratif de Nantes a rejeté sa demande. Par un pourvoi sommaire et deux mémoires complémentaires, enregistrés le 29 décembre 2021, le 29 mars et le 30 mars 2022 au secrétariat du contentieux du Conseil d'Etat, la société Nantes Saint-Jacques Invest Hôtel demande au Conseil d'Etat : 1°) d'annuler ce jugement ; 2°) réglant l'affaire au fond, de faire droit sa demande ; 3°) de mettre à la charge de l'Etat la somme de 2 500 euros au titre de l'article L. 761-1 du code de justice administrative.",plein_contentieux,renvoi,DCE_459961_20220602.xml,DCE,2022-06-02,Décision,Plein contentieux,Renvoi après cassation,5340
"La société Nantes Saint-Jacques Invest Hôtel a demandé au tribunal administratif de Nantes de prononcer la réduction des cotisations de taxe foncière sur les propriétés bâties et de taxe d'enlèvement des ordures ménagères auxquelles elle a été assujettie au titre des années 2017 et 2018 à raison d'un hôtel dont elle est propriétaire 16 boulevard Emile Gabory. Par un jugement nos 1812436 et 1905282 du 29 octobre 2021, le tribunal administratif de Nantes a rejeté sa demande. Par un pourvoi sommaire et un mémoire complémentaire, enregistrés le 29 décembre 2021 et le 29 mars 2022 au secrétariat du contentieux du Conseil d'Etat, la société Nantes Saint-Jacques Invest Hôtel demande au Conseil d'Etat : 1°) d'annuler ce jugement ; 2°) réglant l'affaire au fond, de faire droit sa demande ; 3°) de mettre à la charge de l'Etat la somme de 2 500 euros au titre de l'article L. 761-1 du code de justice administrative.",plein_contentieux,defavorable_requerant,DCE_459962_20220602.xml,DCE,2022-06-02,Décision,Plein contentieux,Rejet PAPC,3226
"La société à responsabilité limitée (SARL) Khun Akorn International a demandé au tribunal administratif de Paris de prononcer la décharge des cotisations supplémentaires d'impôt sur les sociétés auxquelles elle a été assujettie au titre des exercices clos en 2012 et 2013, des rappels de taxe sur la valeur ajoutée qui lui ont été réclamés pour la période du 1er janvier 2012 au 28 février 2015, ainsi que des pénalités correspondantes et de l'amende qui lui a été infligée sur le fondement de l'article 1759 du code général des impôts au titre de l'année 2013. Par un jugement n° 1718470 du 27 novembre 2019, ce tribunal a réduit les rehaussements du chiffre d'affaires toutes taxes comprises de la société de 301 099 euros à 210 797 euros au titre de l'année 2012, de 317 001 euros à 240 527 euros au titre de l'année 2013, de 295 829 euros à 199 510 euros au titre de l'année 2014 et de 45 252 euros à 34 070 euros au titre des deux premiers mois de l'année 2015, l'a déchargée à concurrence de cette réduction en bases des rappels de taxe sur la valeur ajoutée qui lui ont été réclamés pour la période du 1er janvier 2012 au 28 février 2015 et des cotisations d'impôt sur les sociétés auxquelles elle a été assujettie au titre des exercices correspondant aux années 2012 et 2013 ainsi que des pénalités correspondantes et l'a déchargée de l'amende qui lui a été infligée en application de l'article 1759 du code général des impôts et a rejeté le surplus de ses conclusions. Par un arrêt n° 20PA00300 du 27 octobre 2021, la cour administrative d'appel de Paris a rejeté l'appel formé par la société Khun Akorn International contre ce jugement en tant qu'il rejetait le surplus de ses conclusions. Par un pourvoi sommaire et un mémoire complémentaire, enregistrés les 29 décembre 2021 et 29 mars 2022 au secrétariat du contentieux du Conseil d'Etat, la société Khun Akorn International demande au Conseil d'Etat : 1°) d'annuler cet arrêt ; 2°) de mettre à la charge de l'Etat la somme de 6 000 euros au titre de l'article L. 761-1 du code de justice administrative.",plein_contentieux,defavorable_requerant,DCE_459963_20220603.xml,DCE,2022-06-03,Décision,Plein contentieux,Rejet PAPC,4027
"M. C B a demandé au tribunal administratif de La Réunion de prononcer, à titre principal, la décharge des cotisations supplémentaires d'impôt sur le revenu auxquelles il a été assujetti au titre des années 2012 et 2013 et, à titre subsidiaire, leur réduction. Par un jugement n° 1700599 du 26 novembre 2019, ce tribunal a prononcé la réduction des cotisations supplémentaires d'impôt sur le revenu en litige et rejeté le surplus des conclusions de la demande. Par un arrêt n° 20BX00360 du 21 octobre 2021, la cour administrative d'appel de Bordeaux a rejeté l'appel formé par M. B contre ce jugement en tant qu'il n'avait pas fait droit à ses conclusions principales et, sur appel incident du ministre, l'a annulé en tant qu'il avait prononcé la réduction des cotisations supplémentaires d'impôt sur le revenu auxquelles M. B a été assujetti au titre des années 2012 et 2013. Par un pourvoi sommaire et un mémoire complémentaire, enregistrés les 30 décembre 2021 et 25 mars 2022 au secrétariat du contentieux du Conseil d'Etat, M. B demande au Conseil d'Etat : 1°) d'annuler cet arrêt ; 2°) réglant l'affaire au fond, de faire droit à son appel et de rejeter l'appel incident du ministre ;",plein_contentieux,defavorable_requerant,DCE_459998_20220603.xml,DCE,2022-06-03,Décision,Plein contentieux,Rejet PAPC,3655
"Par une requête et un mémoire en réplique, enregistrés les 3 janvier et 6 mai 2022 au secrétariat du contentieux du Conseil d'Etat, M. A B demande au Conseil d'Etat : 1°) d'annuler pour excès de pouvoir la décision du 22 octobre 2021 par laquelle le général commandant la région de gendarmerie Normandie lui a infligé la sanction disciplinaire de vingt jours d'arrêts avec dispense d'exécution ; 2°) de mettre à la charge de l'Etat la somme de 6 000 euros au titre de l'article L. 761-1 du code de justice administrative.",exces_de_pouvoir,defavorable_requerant,DCE_460054_20220628.xml,DCE,2022-06-28,Décision,Excès de pouvoir,Rejet,3721
"Vu les autres pièces du dossier ; Vu : - le code de l'urbanisme ; - le code de justice administrative ; Vu les notes en délibéré, enregistrées le 12 mai 2022, présentée par Mme J, M. A, M. D, Mme C H et M. F E à l'appui de leurs deux pourvois. Après avoir entendu en séance publique : - le rapport de Mme Anne Lazar Sury, conseillère d'Etat, - les conclusions de Mme Marie Sirinelli, rapporteure publique ; La parole ayant été donnée, après les conclusions, à la SAS Boulloche, Colin, Stoclet et Associés, avocat de Mme J, de M. A, de M. D, de Mme H et de M. E ; Considérant ce qui suit : 1. Aux termes de l'article L. 822-1 du code de justice administrative : "" Le pourvoi en cassation devant le Conseil d'Etat fait l'objet d'une procédure préalable d'admission. L'admission est refusée par décision juridictionnelle si le pourvoi est irrecevable ou n'est fondé sur aucun moyen sérieux "". 2. Pour demander l'annulation des jugements qu'ils attaquent, par des pourvois qu'il y a lieu de joindre, Mme J et autres soutiennent que : - sous le pourvoi n° 460071, le jugement n° 2100985 du tribunal administratif est irrégulier au regard de l'article R. 741-2 du code de justice administrative faute de viser Mme H et M. E parmi les requérants ; - le tribunal administratif a commis une erreur de droit et dénaturé les pièces du dossier qui lui était soumis en écartant les moyens tirés de la méconnaissance de l'article UB5 du règlement du plan local d'urbanisme aux motifs que le cheminement piétonnier créé ne pouvait être regardé comme une nouvelle voie à prendre en considération pour l'application au projet des règles d'alignement résultant de ces dispositions ; - il a commis une erreur de droit en écartant les moyens tirés de la méconnaissance de l'article UB 6 du règlement du plan local d'urbanisme, aux motifs que les dispositions de cet article, selon lesquelles "" les constructions devront s'implanter en respectant un recul minimal de 4 mètres depuis la limite séparative "", ne s'appliquent pas aux implantations des bâtiments par rapport au fond de parcelle ; - il a commis une erreur de droit et dénaturé les pièces du dossier qui lui était soumis, en jugeant que le dépassement d'une ci",exces_de_pouvoir,defavorable_requerant,DCE_460071_20220610.xml,DCE,2022-06-10,Décision,Excès de pouvoir,Rejet PAPC,3190
"La société Les Belles Demoiselles a demandé au tribunal administratif de Grenoble de constater une emprise irrégulière, d'enjoindre à la société Enedis de supprimer le survol d'une ligne électrique et un pylône électrique, dans un délai de trois mois à compter du jugement, sous astreinte de 500 euros par jour de retard et de condamner la société Enedis à lui verser une indemnité de 3 400 euros en réparation de son préjudice. Par un jugement n° 1706941 du 15 octobre 2019, le tribunal administratif de Grenoble a rejeté sa demande. Par un arrêt n° 19LY04603 du 4 novembre 2021, la cour administrative d'appel de Lyon a, sur l'appel de la société Les Belles Demoiselles, condamné la société Enedis à lui verser la somme de 325 euros et de 5 euros par mois jusqu'à la suppression de l'emprise irrégulière et réformé le jugement attaqué en ce qu'il avait de contraire à son arrêt. Par un pourvoi sommaire et un mémoire complémentaire, enregistrés les 3 janvier et 4 avril 2022 au secrétariat du contentieux du Conseil d'Etat, la société Les Belles Demoiselles demande au Conseil d'Etat : 1°) d'annuler l'article 1er de cet arrêt en tant qu'il n'a fait que partiellement droit à ses demandes ainsi que l'article 4 en tant qu'il rejette le surplus des conclusions de sa requête ; 2°) de mettre à la charge de la société Enedis la somme de 4 000 euros au titre de l'article L. 761-1 du code de justice administrative.",exces_de_pouvoir,defavorable_requerant,DCE_460108_20220610.xml,DCE,2022-06-10,Décision,Excès de pouvoir,Rejet PAPC,4256
"La société par actions simplifiées (SAS) Paris Major A a demandé au tribunal administratif de Paris de prononcer la décharge des rappels de taxe sur la valeur ajoutée qui ont été mis à sa charge au titre de la période du 1er octobre 2008 au 30 septembre 2011. Par un jugement no 1806485 du 25 février 2020, ce tribunal a rejeté sa demande. Par un arrêt n° 20PA01544 du 5 novembre 2021, la cour administrative d'appel de Paris a rejeté l'appel formé par la société Paris Major A contre ce jugement. Par un pourvoi sommaire et un mémoire complémentaire, enregistrés les 5 janvier et 5 avril 2022 au secrétariat du contentieux du Conseil d'Etat, la société Paris Major A demande au Conseil d'Etat : 1°) d'annuler cet arrêt ; 2°) de mettre à la charge de l'Etat la somme de 3 500 euros au titre de l'article L. 761-1 du code de justice administrative.",plein_contentieux,defavorable_requerant,DCE_460150_20220624.xml,DCE,2022-06-24,Décision,Plein contentieux,Rejet PAPC,3004
"La société civile immobilière (SCI) du Pont Neuf a demandé au tribunal administratif de Rennes, d'une part, d'annuler l'arrêté du 17 août 2017 par lequel le préfet des Côtes-d'Armor l'a mise en demeure, au titre des dispositions des articles L. 214-1 et suivants du code de l'environnement, de régulariser l'ouvrage de prise d'eau du Moulin du Pont Neuf, situé sur le territoire des communes du Vieux-Marché et de Trégrom et, d'autre part, de déclarer qu'elle dispose d'un droit de prise d'eau fondé en titre. Par un jugement no 1704731 du 9 avril 2020, le tribunal administratif de Rennes a rejeté sa demande. Par un arrêt n° 20NT01599 du 5 novembre 2021, la cour administrative d'appel de Nantes a, après avoir admis les interventions de l'association Eaux et rivières de Bretagne et de la commune du Vieux-Marché, rejeté l'appel formé par la SCI du Pont Neuf contre ce jugement. Par un pourvoi sommaire et un mémoire complémentaire, enregistrés les 5 janvier et 4 avril 2022 au secrétariat du contentieux du Conseil d'Etat, la SCI du Pont Neuf demande au Conseil d'Etat : 1°) d'annuler cet arrêt ; 2°) réglant l'affaire au fond, de faire droit à son appel ; 3°) de mettre à la charge de l'Etat la somme de 4 000 euros au titre de l'article L. 761-1 du code de justice administrative.",plein_contentieux,defavorable_requerant,DCE_460159_20220617.xml,DCE,2022-06-17,Décision,Plein contentieux,Rejet PAPC,3877
"M. B A a demandé au tribunal administratif de Melun d'annuler la décision du 26 juillet 2017 par laquelle le directeur régional et interdépartemental de l'hébergement et du logement d'Ile-de-France a refusé de reconnaître l'imputabilité au service de son arrêt de travail du 18 juillet au 5 août 2016. Par un jugement n° 1707527 du 30 mars 2020, le tribunal administratif de Melun a rejeté cette demande. Par un arrêt n° 20PA02396 du 5 novembre 2021, la cour administrative d'appel de Paris a rejeté l'appel formé par M. A contre ce jugement. Par un pourvoi sommaire et un mémoire complémentaire, enregistrés les 5 janvier et 5 avril 2022 au secrétariat du contentieux du Conseil d'Etat, M. A demande au Conseil d'Etat : 1°) d'annuler cet arrêt ; 2°) réglant l'affaire au fond, de faire droit à son appel ; 3°) de mettre à la charge de l'Etat la somme de 3 500 euros au titre de l'article L. 761-1 du code de justice administrative.",exces_de_pouvoir,defavorable_requerant,DCE_460161_20220628.xml,DCE,2022-06-28,Décision,Excès de pouvoir,Rejet d'une demande de sursis à exécution,3211
"La société Suo énergie a demandé au tribunal administratif de Pau d'annuler l'arrêté du 13 mars 2017 par lequel le préfet des Pyrénées-Atlantiques a rejeté sa demande d'autorisation unique pour l'exploitation de l'aménagement hydroélectrique d'Orthez situé en rive droite sur le gave de Pau. Par un jugement n° 1700530 du 1er octobre 2019, le tribunal administratif de Pau a annulé l'arrêté du 13 mars 2017 et enjoint au préfet de prendre une nouvelle décision, après une nouvelle instruction de la demande d'autorisation unique de la société, dans un délai de trois mois à compter de la date de notification du jugement. Par un arrêt n° 19BX04656 du 30 août 2021, la cour administrative d'appel de Bordeaux a, sur appel de la ministre de la transition écologique, d'une part, annulé ce jugement et, d'autre part, rejeté la demande de première instance et les conclusions d'appel de la société Suo énergie. Par une requête, un mémoire en réplique et un mémoire enregistrés les 6 janvier, 2 mars et 1er juin 2022 au secrétariat du contentieux du Conseil d'Etat, la société Suo énergie demande au Conseil d'Etat, en application de l'article R. 821-5 du code de justice administrative, de prononcer le sursis à exécution de l'arrêt du 30 août 2021 de la cour administrative d'appel de Bordeaux.",autres_recours,autre_issue,DCE_460176_20220609.xml,DCE,2022-06-09,Décision,Autres,Sursis à exécution accordé,5280
"La société Orange a demandé au juge des référés du tribunal administratif de Paris, d'une part, d'enjoindre au Premier ministre de confirmer l'existence des autorisations accordées à la société française du radiotéléphone (SFR) et à sa filiale, la société réunionnaise du radiotéléphone (SRR), d'exploiter des matériels de l'équipementier Huawei permettant de connecter les terminaux des utilisateurs finaux au réseau radioélectrique mobile de cinquième génération (5G) sur les territoires de La Réunion et de Mayotte, d'autre part, d'ordonner, sur le fondement des dispositions de l'article L. 521-1 du code de justice administrative, la suspension de l'exécution de ces décisions. Par une ordonnance n° 2125808 du 22 décembre 2021, le juge des référés du tribunal administratif de Paris a suspendu l'exécution des décisions du 1er juillet 2021 du Premier ministre autorisant SRR à exploiter des matériels de l'équipementier Huawei permettant de connecter les terminaux des utilisateurs finaux au réseau 5G sur le territoire de la Réunion. 1° Sous le n° 460203, par un pourvoi sommaire, un mémoire complémentaire et un mémoire en réplique, enregistrés les 6 janvier, 21 janvier et 22 avril 2022 au secrétariat du contentieux du Conseil d'Etat, les sociétés SRR et SFR demandent au Conseil d'Etat : 1°) d'annuler cette ordonnance ; 2°) statuant en référé, de rejeter la demande de suspension présentée par la société Orange ; 3°) de mettre à la charge de la société Orange la somme de 6 000 euros au titre de l'article L. 761-1 du code de justice administrative. 2° Sous le n° 460207, par un pourvoi et deux autres mémoires, enregistrés les 6 janvier, 8 avril et 13 mai 2022 au secrétariat du contentieux du Conseil d'Etat, le Premier ministre demande au Conseil d'Etat : 1°) d'annuler la même ordonnance du juge des référés du tribunal administratif de Paris ; 2°) statuant en référé, de rejeter la demande de suspension présentée par la société Orange. Vu les autres pièces des dossiers ;",exces_de_pouvoir,partiellement_favorable,DCE_460203_20220609.xml,DCE,2022-06-09,Décision,Excès de pouvoir,Satisfaction partielle,10747
"Mme C B a demandé au tribunal administratif de Montpellier d'annuler la décision du 30 juillet 2018 par laquelle le maire de Portiragnes a mis fin à son abonnement sur les marchés de la commune à compter du 21 juillet 2018 et de condamner la commune à lui verser la somme de 20 720 euros en réparation du préjudice résultant de la cessation de son activité sur le marché de Portiragnes plage et de la perte de chance de céder son fonds de commerce à Mme A résultant de la perte de son emplacement sur le marché de Portiragnes plage. Par un jugement nos 1804009, 1900656 du 5 novembre 2019, le tribunal administratif de Montpellier a rejeté ses demandes. Par un arrêt n° 20MA00029 du 8 novembre 2021, la cour administrative d'appel de Marseille a, sur appel de Mme B, annulé ce jugement et la décision du maire de Portiragnes du 30 juillet 2018 et condamné la commune de Portiragnes à lui verser une somme de 6 720 euros à titre d'indemnité. Par un pourvoi sommaire et un mémoire complémentaire, enregistrés les 7 janvier 2022 et 4 avril 2022 au secrétariat du contentieux du Conseil d'Etat, la commune de Portiragnes demande au Conseil d'Etat : 1°) d'annuler cet arrêt ; 2°) réglant l'affaire au fond, de rejeter l'appel de Mme B ; 3°) de mettre à la charge de Mme B la somme de 3 500 euros au titre de l'article L. 761-1 du code de justice administrative.",exces_de_pouvoir,defavorable_requerant,DCE_460219_20220621.xml,DCE,2022-06-21,Décision,Excès de pouvoir,Rejet PAPC,4314
"La société Decision Way Business Hosting Consulting a demandé au tribunal administratif de Versailles de prononcer la décharge, d'une part, des rappels de taxe sur la valeur ajoutée mis à sa charge au titre de la période du 1er janvier 2008 au 31 décembre 2009 et des majorations correspondantes et, d'autre part, des cotisations supplémentaires d'impôt sur les sociétés auxquelles elle a été assujettie au titre des exercices clos en 2010, 2011 et 2012, des pénalités correspondantes et des amendes qui lui ont été infligées sur le fondement de l'article 1736 du code général des impôts. Par deux jugements n° 1801503 et n° 1705589 du 8 juillet 2020, ce tribunal a jugé qu'il n'y avait plus lieu de statuer sur les conclusions tendant à la décharge des rappels de taxe sur la valeur ajoutée et des majorations correspondantes, à hauteur du dégrèvement prononcé de 28 636 euros, et rejeté le surplus de ses demandes. Par une ordonnance nos 20VE02284, 20VE02285 du 13 décembre 2021, la présidente-assesseure de la 3ème chambre de la cour administrative d'appel de Versailles a rejeté les appels formés par la société Decision Way Business Hosting Consulting contre ces jugements. Par un pourvoi sommaire et un mémoire complémentaire, enregistrés le 7 janvier 2022 et le 5 avril 2022 au secrétariat du contentieux du Conseil d'Etat, la société Decision Way Business Hosting Consulting demande au Conseil d'Etat : 1°) d'annuler cette ordonnance ; 2°) réglant l'affaire au fond, de faire droit à ses appels.",plein_contentieux,defavorable_requerant,DCE_460227_20220621.xml,DCE,2022-06-21,Décision,Plein contentieux,Rejet PAPC,4232
"La société CP or et devises a demandé au tribunal administratif de Paris de prononcer la décharge des impositions à la contribution exceptionnelle à l'impôt sur les sociétés auxquelles elle a été assujettie au titre des exercices clos en 2012, 2013 et 2014. Par un jugement n° 1906180 du 13 octobre 2020, ce tribunal a rejeté sa demande. Par une ordonnance n° 20PA0376 du 10 novembre 2021, le président de la 9ème chambre de la cour administrative d'appel de Paris a rejeté l'appel formé par la société CP or et devises contre ce jugement. Par un pourvoi sommaire et un mémoire complémentaire, enregistrés les 10 janvier et 11 avril 2022 au secrétariat du contentieux du Conseil d'Etat, la société Loomis FX, Gold and Services, venant aux droits de la société CP or et devises, demande au Conseil d'Etat : 1°) d'annuler cette ordonnance ; 2°) réglant l'affaire au fond, de faire droit à son appel ; 3°) de mettre à la charge de l'Etat la somme de 5 000 euros au titre de l'article L. 761-1 du code de justice administrative.",plein_contentieux,defavorable_requerant,DCE_460251_20220621.xml,DCE,2022-06-21,Décision,Plein contentieux,Rejet PAPC,4081
"M. B A a demandé au tribunal administratif de Marseille, d'une part, d'annuler la décision implicite par laquelle le président de la chambre de commerce et d'industrie de région (CCIR) Provence-Alpes-Côte d'Azur a rejeté sa demande d'exécution de la convention de cessation de la relation de travail d'un commun accord signée le 20 décembre 2016 et de condamner la chambre à lui verser diverses sommes au titre de l'indemnité de rupture, de journées de travail supplémentaires non payées et d'une augmentation de salaire non perçue et, d'autre part, d'annuler la décision du président de la CCIR Provence-Alpes-Côte d'Azur du 8 juin 2017 prononçant sa révocation et de condamner la CCIR à réparer ses préjudices matériel et moral. Par un jugement n° 1704970 du 12 février 2020, le tribunal administratif de Marseille a rejeté cette demande. Par un arrêt n° 20MA01804 du 9 novembre 2021, la cour administrative d'appel de Marseille a, sur appel de M. A, annulé ce jugement en tant qu'il a rejeté ses conclusions tendant à l'annulation de la décision du 8 juin 2017 prononçant sa révocation, puis rejeté ces conclusions et le surplus de sa requête d'appel. Par un pourvoi sommaire et un mémoire complémentaire, enregistrés les 10 janvier et 11 avril 2022 au secrétariat du contentieux du Conseil d'Etat, la chambre de commerce et d'industrie Provence Alpes Côte d'Azur et de la chambre de commerce et d'industrie Marseille Provence, M. A demande au Conseil d'Etat : 1°) d'annuler cet arrêt ; 2°) réglant l'affaire au fond, de faire droit à son appel ; 3°) de mettre à la charge de la chambre de commerce et d'industrie de région Provence-Alpes-Côte d'Azur la somme de 4 000 euros au titre de l'article L. 761-1 du code de justice administrative.",exces_de_pouvoir,defavorable_requerant,DCE_460275_20220628.xml,DCE,2022-06-28,Décision,Excès de pouvoir,Rejet PAPC,5762
"La société Windsor Promotion a demandé au tribunal administratif de Versailles de prononcer la décharge des cotisations supplémentaires d'impôt sur les sociétés auxquelles elle a été assujettie au titre des exercices clos de 2011 à 2013. Par un jugement n° 1706626 du 19 novembre 2019, le tribunal administratif de Versailles a rejeté sa demande. Par un arrêt n° 20VE00113 du 9 novembre 2021, la cour administrative d'appel de Versailles a rejeté l'appel formé par la société Windsor Promotion contre ce jugement. Par un pourvoi sommaire, un pourvoi rectificatif et un mémoire complémentaire, enregistrés les 10 janvier, 20 janvier et 11 avril 2022 au secrétariat du contentieux du Conseil d'Etat, la société Windsor Promotion demande au Conseil d'Etat : 1°) d'annuler cet arrêt ; 2°) réglant l'affaire au fond, de faire droit à son appel ; 3°) de mettre à la charge de l'Etat la somme de 5 000 euros au titre de l'article L. 761-1 du code de justice administrative.",plein_contentieux,defavorable_requerant,DCE_460285_20220623.xml,DCE,2022-06-23,Décision,Plein contentieux,Rejet PAPC,3593
"M. A C a demandé au tribunal administratif de Melun, d'une part, d'annuler la décision implicite du 29 septembre 2017 par laquelle la ministre du travail a rejeté son recours hiérarchique contre la décision d'autorisation de licenciement de l'inspecteur du travail du 27 mars 2017 et d'annuler cette dernière décision, d'autre part, d'annuler la décision du 29 janvier 2018 par laquelle la ministre du travail a retiré la décision implicite de rejet de son recours hiérarchique, a annulé la décision de l'inspecteur du travail du 27 mars 2017 et a autorisé son licenciement par la société Enveloffset. Par un jugement nos 1709216-1801837 du 22 novembre 2019, le tribunal administratif a constaté qu'il n'y avait pas lieu de statuer sur les conclusions à fin d'annulation de la décision de l'inspecteur du travail du 27 mars 2017 et de la décision implicite de rejet du recours hiérarchique formé contre cette décision, et a rejeté le surplus des conclusions de M. C. Par un arrêt n° 20PA02551 du 9 novembre 2021, la cour administrative d'appel de Paris a, sur appel de M. C, annulé ce jugement ainsi que la décision du 29 janvier 2018 du ministre du travail autorisant son licenciement, la décision implicite du 29 septembre 2017 du ministre du travail et la décision du 27 mars 2017 de l'inspecteur du travail. Par un pourvoi sommaire et un mémoire complémentaire, enregistrés les 10 janvier et 8 avril 2022 au secrétariat du contentieux du Conseil d'Etat, la société Enveloffset demande au Conseil d'Etat : 1°) d'annuler cet arrêt ; 2°) réglant l'affaire au fond, de rejeter l'appel de M. C ; 3°) de mettre à la charge de l'Etat la somme de 4 000 euros au titre de l'article L. 761-1 du code de justice administrative.",exces_de_pouvoir,defavorable_requerant,DCE_460295_20220629.xml,DCE,2022-06-29,Décision,Excès de pouvoir,Rejet PAPC,3979
"Procédure contentieuse antérieure M. A B a demandé au tribunal administratif de Bastia d'annuler la décision implicite par laquelle le président de la chambre de commerce et d'industrie d'Ajaccio et de la Corse-du-Sud a rejeté sa demande du 15 décembre 2014 tendant à la régularisation de sa date d'embauche et de ses droits correspondants et de condamner la chambre de commerce et d'industrie à lui verser la somme de 9 283,33 euros. Par un jugement n° 1501214 du 13 avril 2017, le tribunal administratif de Bastia a rejeté sa demande. Par un arrêt n° 17MA02398 du 17 décembre 2019, la cour administrative d'appel de Marseille a rejeté l'appel formé par M. B contre ce jugement. Par une décision n° 438907 du 27 avril 2021, le Conseil d'Etat, statuant au contentieux, a annulé cet arrêt et renvoyé l'affaire devant la cour administrative d'appel de Marseille. Par un arrêt n° 21MA01644 du 10 novembre 2021, la cour administrative d'appel de Marseille a rejeté l'appel formé par M. B contre le même jugement. Procédure devant le Conseil d'Etat Par un pourvoi sommaire et un mémoire complémentaire, enregistrés les 11 janvier et 12 avril 2022 au secrétariat du contentieux du Conseil d'Etat, M. B demande au Conseil d'Etat : 1°) d'annuler cet arrêt ; 2°) réglant l'affaire au fond, de faire droit à son appel ; 3°) de mettre à la charge de la chambre de commerce et d'industrie de Corse et de la chambre de commerce et d'industrie d'Ajaccio et de la Corse-du-Sud la somme de 6 000 euros au titre de l'article L. 761-1 du code de justice administrative.",plein_contentieux,defavorable_requerant,DCE_460303_20220628.xml,DCE,2022-06-28,Décision,Plein contentieux,Rejet PAPC,4474
"La société Bricosud a demandé à la cour administrative d'appel de Lyon d'annuler, en tant qu'il vaut autorisation d'exploitation commerciale, l'arrêté du 5 août 2020 par lequel le maire de Pierrelatte a délivré à la société Immobilière européenne des mousquetaires un permis de construire en vue de la création d'un magasin de bricolage et d'un bâti "" drive "" à l'enseigne "" Brico cash "" d'une surface de vente totale de 4 874 m² sur le territoire de la commune. Par un arrêt n° 20LY02771 du 10 novembre 2021, la cour administrative d'appel de Lyon a rejeté sa requête. Par un pourvoi sommaire et un mémoire complémentaire, enregistrés les 11 janvier et 12 avril 2022 au secrétariat du contentieux du Conseil d'Etat, la société Bricosud demande au Conseil d'Etat : 1°) d'annuler cet arrêt ; 2°) réglant l'affaire au fond, de faire droit à sa requête devant la cour administrative d'appel de Lyon ; 3°) de mettre à la charge de l'Etat, de la société Immobilière européenne des mousquetaires et de la commune de Pierrelatte la somme de 6 000 euros au titre de l'article L. 761-1 du code de justice administrative.",exces_de_pouvoir,defavorable_requerant,DCE_460305_20220629.xml,DCE,2022-06-29,Décision,Excès de pouvoir,Rejet PAPC,3633
"Vu les autres pièces du dossier ; Vu : - la directive 2006/112/CE du Conseil du 28 novembre 2006 relative au système commun de taxe sur la valeur ajoutée ; - le code général des impôts et le livre des procédures fiscales ; - le code de justice administrative ; Après avoir entendu en séance publique : - le rapport de M. Nicolas Jau, auditeur, - les conclusions de Mme Marie-Gabrielle Merloz, rapporteure publique ; La parole ayant été donnée, après les conclusions, à la SCP Piwnica, Molinié, avocat de la société So-Smoke Développement ; Considérant ce qui suit : 1. Aux termes de l'article L. 822-1 du code de justice administrative : "" Le pourvoi en cassation devant le Conseil d'Etat fait l'objet d'une procédure préalable d'admission. L'admission est refusée par décision juridictionnelle si le pourvoi est irrecevable ou n'est fondé sur aucun moyen sérieux "". 2. Pour demander l'annulation de l'arrêt qu'elle attaque, la société So-Smoke Développement soutient que la cour administrative d'appel de Marseille : - a dénaturé les pièces du dossier en jugeant que les rappels de TVA étaient seulement fondés sur les éléments recueillis au cours des opérations de vérification de comptabilité effectuées au sein de l'entreprise, alors qu'ils procédaient largement d'éléments concernant ses fournisseurs, obtenus par l'administration par le biais du droit de communication ; - a dénaturé les pièces du dossier, commis une erreur de droit et insuffisamment motivé son arrêt en jugeant qu'elle n'avait pas été privée d'un débat oral et contradictoire avec le vérificateur, sans rechercher si ce dernier avait provoqué un débat sur la contradiction relevée entre ses écritures comptables et les éléments obtenus par l'administration par le biais du droit de communication ; - a dénaturé les pièces du dossier et commis une erreur de droit en jugeant que la personne qui accompagnait l'agent vérificateur lors de ses interventions sur place était un agent des impôts de catégorie A et qu'était sans incidence la circonstance que cet agent n'aurait pas décliné son identité et sa qualité ; - l'a insuffisamment motivé et commis une erreur de droit en jugeant que les sociétés fournisseurs de la société",plein_contentieux,defavorable_requerant,DCE_460315_20220616.xml,DCE,2022-06-16,Décision,Plein contentieux,Rejet PAPC,3180
"La société Auchan Hypermarché a demandé à la cour administrative d'appel de Lyon d'annuler, en tant qu'il vaut autorisation d'exploitation commerciale, l'arrêté du 23 juillet 2020 par lequel le maire de La Fouillouse a délivré à la société Cofideg un permis de construire en vue de la création d'un "" drive "" à l'enseigne E. Leclerc avec dix pistes de ravitaillement sur le territoire de la commune. Par un arrêt n° 20LY02782 du 10 novembre 2021, la cour administrative d'appel a rejeté sa requête. Par un pourvoi sommaire et un mémoire complémentaire, enregistrés les 11 janvier et 12 avril 2022 au secrétariat du contentieux du Conseil d'Etat, la société Auchan Hypermarché demande au Conseil d'Etat : 1°) d'annuler cet arrêt ; 2°) réglant l'affaire au fond, de faire droit à sa requête ; 3°) de mettre à la charge de la société Cofideg et de la commune de La Fouillouse la somme de 3 000 euros au titre de l'article L. 761-1 du code de justice administrative.",exces_de_pouvoir,defavorable_requerant,DCE_460318_20220629.xml,DCE,2022-06-29,Décision,Excès de pouvoir,Rejet PAPC,3740
"La société civile d'exploitation agricole (SCEA) Justin a demandé au tribunal administratif de Marseille d'annuler le titre de recette n° 2018-236 d'un montant de 66 948,46 euros émis à son encontre le 20 mars 2018 par l'établissement national des produits de l'agriculture et de la mer (FranceAgriMer) ainsi que la décision implicite de rejet de son recours gracieux. Par un jugement n° 1805950 du 2 mars 2020, le tribunal administratif de Marseille a rejeté sa demande. Par un arrêt n° 20MA02759 du 10 novembre 2021, la cour administrative d'appel de Marseille a, sur appel de la SCEA Justin, annulé ce jugement et le titre de recette n° 2018-236 émis le 20 mars 2018. Par un pourvoi sommaire et un mémoire complémentaire, enregistrés le 11 janvier 2022 et le 11 avril 2022 au secrétariat du contentieux du Conseil d'Etat, FranceAgriMer demande au Conseil d'Etat : 1°) d'annuler cet arrêt ; 2°) réglant l'affaire au fond, de rejeter l'appel de la SCEA Justin ; 3°) de mettre à la charge de la SCEA Justin la somme de 4 000 euros au titre de l'article L. 761-1 du code de justice administrative.",plein_contentieux,defavorable_requerant,DCE_460328_20220621.xml,DCE,2022-06-21,Décision,Plein contentieux,Rejet PAPC,3086
"La société Cidre A a demandé au tribunal administratif de Rennes, à titre principal, de prononcer la décharge, en droits et pénalités, des rappels de taxe sur les véhicules des sociétés mis à sa charge au titre des années 2010 à 2013 et, à titre subsidiaire, de ne retenir pour asseoir l'assiette de la taxe sur les véhicules des sociétés que les véhicules et les trimestres au titre desquels l'imposition en bénéfices industriels et commerciaux est intervenue. Par un jugement n° 1803615 du 1er juillet 2020, le tribunal administratif de Rennes l'a déchargée des rappels de taxe sur les véhicules des sociétés mis à sa charge au titre de la période du 1er octobre 2010 au 30 septembre 2013 et des pénalités correspondantes. Par un arrêt n° 20NT03361 du 16 novembre 2021, la cour administrative d'appel de Nantes a, sur appel du ministre de l'économie, des finances et de la relance, annulé les articles 1er et 2 du jugement, remis à la charge de la société Cidre A les rappels de taxe sur les véhicules des sociétés au titre de la période du 1er octobre 2010 au 30 septembre 2013 et rejeté le surplus des conclusions du ministre. Par un pourvoi sommaire et un mémoire complémentaire, enregistrés les 13 janvier et 8 avril 2022 au secrétariat du contentieux du Conseil d'Etat, la société Cidre A demande au Conseil d'Etat : 1°) d'annuler cet arrêt ; 2°) réglant l'affaire au fond, de rejeter l'appel du ministre de l'économie, des finances et de la relance ; 3°) de mettre à la charge de l'Etat la somme de 4 000 euros au titre de l'article L. 761-1 du code de justice administrative.",plein_contentieux,defavorable_requerant,DCE_460396_20220621.xml,DCE,2022-06-21,Décision,Plein contentieux,Rejet PAPC,4220
"La société par actions simplifiée (SAS) Cidres Bigoud a demandé au tribunal administratif de Rennes, à titre principal, de prononcer la décharge, en droits et pénalités, des rappels de taxe sur les véhicules des sociétés mis à sa charge au titre des années 2010 à 2013 et, à titre subsidiaire, de ne retenir pour asseoir l'assiette de la taxe sur les véhicules des sociétés que les véhicules et les trimestres au titre desquels l'imposition en bénéfices industriels et commerciaux est intervenue. Par un jugement n° 1803616 du 1er juillet 2020, le tribunal administratif de Rennes l'a déchargée des rappels de taxe sur les véhicules des sociétés mis à sa charge au titre de la période du 1er octobre 2010 au 30 septembre 2013 et des pénalités correspondantes. Par un arrêt n° 20NT03359 du 16 novembre 2021, la cour administrative d'appel de Nantes a, sur appel du ministre de l'économie, des finances et de la relance, annulé les articles 1er et 2 du jugement, remis à la charge de la société Cidres Bigoud les rappels de taxe sur les véhicules des sociétés au titre de la période du 1er octobre 2010 au 30 septembre 2013 et rejeté le surplus des conclusions du ministre. Par un pourvoi sommaire et un mémoire complémentaire, enregistrés les 13 janvier et 8 avril 2022 au secrétariat du contentieux du Conseil d'Etat, la société Cidres Bigoud demande au Conseil d'Etat : 1°) d'annuler cet arrêt ; 2°) réglant l'affaire au fond, de rejeter l'appel du ministre de l'économie, des finances et de la relance ; 3°) de mettre à la charge de l'Etat la somme de 4 000 euros au titre de l'article L. 761-1 du code de justice administrative.",plein_contentieux,defavorable_requerant,DCE_460398_20220621.xml,DCE,2022-06-21,Décision,Plein contentieux,Rejet PAPC,4291
"Mme A B a demandé au tribunal administratif de Nancy de prononcer la réduction des cotisations de taxe foncière sur les propriétés bâties et de taxe d'habitation auxquelles elle a été assujettie dans les rôles de la commune de Saint-Dié-des-Vosges (Vosges) au titre respectivement des années 2008 à 2015 et des années 2009 à 2015, de lui accorder les intérêts moratoires, de réviser la valeur cadastrale de l'immeuble situé 94 avenue de Verdun et de condamner l'Etat à lui verser la somme de 1 500 euros en réparation du préjudice qu'elle estime avoir subi. Par un jugement n° 1601706 du 21 décembre 2017, le tribunal administratif de Nancy a rejeté sa demande. Par une décision n° 418402 du 26 septembre 2019, le Conseil d'Etat, statuant au contentieux, saisi d'un pourvoi présenté par Mme B, a annulé cet arrêt en tant qu'il a statué sur le coefficient d'entretien retenu par l'administration au titre des années 2014 et 2015 et renvoyé l'affaire, dans cette mesure, au tribunal administratif de Nancy. Par un jugement n° 1902803 du 11 mai 2021, le tribunal administratif de Nancy a rejeté les conclusions de Mme B tendant à la réduction des cotisations de taxe foncière sur les propriétés bâties et de taxe d'habitation auxquelles elle a été assujettie dans les rôles de la commune de Saint-Dié-des-Vosges au titre des années 2014 et 2015, à proportion de la réduction du coefficient d'entretien à 0,90, 1 ou 1,1 au lieu de 1,20. Par un pourvoi sommaire et un mémoire complémentaire, enregistrés les 14 janvier et 13 avril 2022 au secrétariat du contentieux du Conseil d'Etat, Mme B demande au Conseil d'Etat : 1°) d'annuler ce jugement ; 2°) réglant l'affaire au fond, de faire droit à sa demande ; 3°) de mettre à la charge de l'Etat une somme de 3 000 euros à verser à Me Galy, son avocat, au titre des articles L. 761-1 du code de justice administrative et 37 de la loi du 10 juillet 1991.",plein_contentieux,defavorable_requerant,DCE_460425_20220616.xml,DCE,2022-06-16,Décision,Plein contentieux,Rejet PAPC,3870
"La société Soprema Entreprises a demandé au tribunal administratif de Besançon de fixer au 25 octobre 2013 la date de réception des travaux qu'elle a réalisés au profit de la communauté d'agglomération du Grand Besançon.Par une ordonnance n° 1701736 du 12 septembre 2019, le président de la 2ème chambre du tribunal administratif de Besançon a rejeté cette demande. Par un arrêt n° 19NC03251 du 16 novembre 2021, la cour administrative d'appel de Nancy a, sur appel de la société Soprema Entreprises, annulé cette ordonnance et jugé qu'il n'y avait plus lieu de statuer sur sa demande. Par un pourvoi sommaire, un mémoire complémentaire et un nouveau mémoire, enregistrés les 14 janvier, 14 avril et 18 mai 2022 au secrétariat du contentieux du Conseil d'Etat, la société Soprema Entreprises demande au Conseil d'Etat : 1°) d'annuler cet arrêt ; 2°) réglant l'affaire au fond, de faire droit à son appel ; 3°) de mettre à la charge de la communauté urbaine du Grand Besançon métropole, venue aux droits de la communauté d'agglomération du Grand Besançon, la somme de 6 000 euros au titre de l'article L. 761-1 du code de justice administrative.",exces_de_pouvoir,defavorable_requerant,DCE_460431_20220628.xml,DCE,2022-06-28,Décision,Excès de pouvoir,Rejet PAPC,3005
"Mme B C, épouse A, a demandé au tribunal administratif de la Martinique d'annuler l'arrêté du 17 juillet 2018 par lequel le recteur de l'académie de la Martinique a prononcé son licenciement du corps des professeurs des écoles et l'arrêté du 23 juillet 2018 par lequel il l'a réintégrée dans le corps des adjoints administratifs de l'éducation nationale et de l'enseignement supérieur à compter du 1er septembre 2018, ainsi que la décision implicite de rejet de son recours gracieux, et de condamner l'Etat à lui verser la somme de 20 000 euros en réparation des préjudices qu'elle estime avoir subis. Par un jugement n° 1800612 du 7 novembre 2019, le tribunal administratif de la Martinique a rejeté cette demande. Par un arrêt n° 19BX05024 du 19 octobre 2021, la cour administrative d'appel de Bordeaux a rejeté l'appel formé par Mme C contre ce jugement. Par un pourvoi sommaire et un mémoire complémentaire, enregistrés les 19 janvier et 20 avril 2022 au secrétariat du contentieux du Conseil d'Etat, Mme C demande au Conseil d'Etat : 1°) d'annuler cet arrêt ; 2°) réglant l'affaire au fond, de faire droit à son appel ; 3°) de mettre à la charge de l'Etat la somme de 3 000 euros au titre de l'article L. 761-1 du code de justice administrative.",exces_de_pouvoir,defavorable_requerant,DCE_460613_20220628.xml,DCE,2022-06-28,Décision,Excès de pouvoir,Rejet PAPC,3517
"Le département du Morbihan a demandé au tribunal administratif de Rennes d'annuler les articles 7 et 9 de l'arrêté du préfet du Morbihan du 27 décembre 2017, en tant qu'ils fixent, d'une part, à 4 106 482 euros le montant des charges transférées à la région Bretagne par le département du Morbihan au titre de l'exercice par les communautés d'agglomération morbihannaises de la compétence "" transports scolaires "" sur leur territoire et, d'autre part, à 3 435 661 euros le montant de l'attribution de compensation financière due par la région Bretagne au département du Morbihan au titre de la compétence transport. Par un jugement n° 1800955 du 12 février 2020, le tribunal administratif de Rennes a rejeté sa requête. Par un arrêt n°20NT01320 du 19 novembre 2021, la cour administrative d'appel de Nantes a rejeté l'appel formé par le département contre ce jugement. Par un pourvoi sommaire et un mémoire complémentaire, enregistrés les 19 janvier et 11 avril 2022 au secrétariat du contentieux du Conseil d'Etat, le département du Morbihan demande au Conseil d'Etat : 1°) d'annuler cet arrêt ; 2°) réglant l'affaire au fond, de faire droit à ses conclusions d'appel ; 3°) de mettre à la charge de l'Etat la somme de 6 000 euros au titre de l'article L. 761-1 du code de justice administrative.",exces_de_pouvoir,defavorable_requerant,DCE_460616_20220616.xml,DCE,2022-06-16,Décision,Excès de pouvoir,Rejet PAPC,3966
"La commune de Courcival, la commune de Nauvay, la commune de Péray, la commune de Saint-Fulgent-des-Ormes, l'association pour la protection du Perche du sud (APPS), l'association pour la qualité de la vie à Saint-Germain-de-la-Coudre, Préval et les communes avoisinantes, M. H B, M. E de Cossé-Brissac, M. I J, M. O C, M. N D, M. K L, M. F A, Mme M G ont demandé à la cour administrative d'appel de Nantes d'annuler l'arrêté du 14 juin 2019 par lequel le préfet de la Sarthe a délivré à la société Ferme éolienne de Saint-Cosme une autorisation d'exploiter une installation terrestre de production d'électricité à partir de l'énergie mécanique du vent comprenant quatre aérogénérateurs et un poste de livraison sur le territoire de la commune de Saint-Cosme-en-Vairais. Par un arrêt avant-dire droit n° 19NT04020 du 21 mai 2021, la cour administrative d'appel de Nantes a sursis à statuer jusqu'à ce que l'Etat produise un arrêté de régularisation relatif au montant des garanties financières exigées de l'entreprise. Par un second arrêt n° 19NT04020 du 7 janvier 2022, la cour administrative d'appel de Nantes a rejeté la requête de la commune de Courcival et autres. Par un pourvoi sommaire et un mémoire complémentaire, enregistrés les 20 janvier et 11 mars 2022 au secrétariat du contentieux du Conseil d'Etat, la commune de Courcival et autres demandent au Conseil d'Etat : 1°) d'annuler ces deux arrêts ; 2°) réglant l'affaire au fond, de faire droit à leur demande ; 3°) de mettre à la charge de l'Etat et de la société Ferme éolienne de Saint-Cosme la somme de 4 000 euros au titre de l'article L. 761-1 du code de justice administrative.",exces_de_pouvoir,defavorable_requerant,DCE_460644_20220609.xml,DCE,2022-06-09,Décision,Excès de pouvoir,Rejet,10777
"M. B A a demandé au tribunal administratif de Paris de condamner l'Etat à lui verser à titre principal la somme de 140 000 euros ou à titre subsidiaire la somme de 100 000 euros en réparation des préjudices qu'il a subis du fait de la loi n° 2014-1104 du 1er octobre 2014 relative aux taxis et aux voitures de transport avec chauffeur. Par un jugement n° 1901387/4-2 du 2 juillet 2020, le tribunal administratif de Paris a rejeté sa demande. Par un arrêt n° 20PA02497 du 23 novembre 2021, la cour administrative d'appel de Paris a rejeté l'appel formé par M. A contre ce jugement. Par un pourvoi, enregistré le 24 janvier 2022 au secrétariat du contentieux du Conseil d'Etat, M. A demande au Conseil d'Etat : 1°) d'annuler cet arrêt ; 2°) réglant l'affaire au fond, de faire droit à son appel ; 3°) de mettre à la charge de l'Etat la somme de 3 500 euros au titre de l'article L. 761-1 du code de justice administrative.",exces_de_pouvoir,defavorable_requerant,DCE_460726_20220617.xml,DCE,2022-06-17,Décision,Excès de pouvoir,Rejet PAPC,4195
"M. B A a demandé au tribunal administratif de Paris de condamner l'Etat à lui verser la somme de 190 000 euros en réparation des préjudices qu'il a subis du fait de la loi n° 2014-1104 du 1er octobre 2014 relative aux taxis et aux voitures de transport avec chauffeur. Par un jugement n° 1901384/4-2 du 2 juillet 2020, le tribunal administratif de Paris a rejeté sa demande. Par un arrêt n° 20PA02498 du 23 novembre 2021, la cour administrative d'appel de Paris a rejeté l'appel formé par M. A contre ce jugement. Par un pourvoi, enregistré le 24 janvier 2022 au secrétariat du contentieux du Conseil d'Etat, M. A demande au Conseil d'Etat : 1°) d'annuler cet arrêt ; 2°) réglant l'affaire au fond, de faire droit à son appel ; 3°) de mettre à la charge de l'Etat la somme de 3 500 euros au titre de l'article L. 761-1 du code de justice administrative.",plein_contentieux,defavorable_requerant,DCE_460728_20220617.xml,DCE,2022-06-17,Décision,Plein contentieux,Rejet PAPC,4128
"M. A B a demandé au tribunal administratif de Paris de condamner l'Etat à lui verser la somme de 198 000 euros en réparation des préjudices qu'il a subis du fait de la loi n° 2014-1104 du 1er octobre 2014 relative aux taxis et aux voitures de transport avec chauffeur. Par un jugement n° 1901328/4-2 du 2 juillet 2020, le tribunal administratif de Paris a rejeté sa demande. Par un arrêt n° 20PA02522 du 23 novembre 2021, la cour administrative d'appel de Paris a rejeté l'appel formé par M. B contre ce jugement. Par un pourvoi, enregistré le 24 janvier 2022 au secrétariat du contentieux du Conseil d'Etat, M. B demande au Conseil d'Etat : 1°) d'annuler cet arrêt ; 2°) réglant l'affaire au fond, de faire droit à son appel ; 3°) de mettre à la charge de l'Etat la somme de 3 500 euros au titre de l'article L. 761-1 du code de justice administrative.",exces_de_pouvoir,defavorable_requerant,DCE_460732_20220617.xml,DCE,2022-06-17,Décision,Excès de pouvoir,Rejet PAPC,4128
"M. B A a demandé au tribunal administratif de Paris de condamner l'Etat à lui verser à titre principal la somme de 200 000 euros ou à titre subsidiaire la somme de 100 000 euros en réparation des préjudices qu'il a subis du fait de la loi n° 2014-1104 du 1er octobre 2014 relative aux taxis et aux voitures de transport avec chauffeur. Par un jugement n° 1901382/4-2 du 2 juillet 2020, le tribunal administratif de Paris a rejeté sa demande. Par un arrêt n° 20PA02496 du 23 novembre 2021, la cour administrative d'appel de Paris a rejeté l'appel formé par M. A contre ce jugement. Par un pourvoi, enregistré le 24 janvier 2022 au secrétariat du contentieux du Conseil d'Etat, M. A demande au Conseil d'Etat : 1°) d'annuler cet arrêt ; 2°) réglant l'affaire au fond, de faire droit à son appel ; 3°) de mettre à la charge de l'Etat la somme de 3 500 euros au titre de l'article L. 761-1 du code de justice administrative.",exces_de_pouvoir,defavorable_requerant,DCE_460733_20220617.xml,DCE,2022-06-17,Décision,Excès de pouvoir,Rejet PAPC,4195
"M. B A a demandé au tribunal administratif de Paris de condamner l'Etat à lui verser la somme de 188 000 euros en réparation des préjudices qu'il a subis du fait de la loi n° 2014-1104 du 1er octobre 2014 relative aux taxis et aux voitures de transport avec chauffeur. Par un jugement n° 1901324/4-2 du 2 juillet 2020, le tribunal administratif de Paris a rejeté sa demande. Par un arrêt n° 20PA02523 du 23 novembre 2021, la cour administrative d'appel de Paris a rejeté l'appel formé par M. A contre ce jugement. Par un pourvoi, enregistré le 24 janvier 2022 au secrétariat du contentieux du Conseil d'Etat, M. A demande au Conseil d'Etat : 1°) d'annuler cet arrêt ; 2°) réglant l'affaire au fond, de faire droit à son appel ; 3°) de mettre à la charge de l'Etat la somme de 3 500 euros au titre de l'article L. 761-1 du code de justice administrative.",exces_de_pouvoir,defavorable_requerant,DCE_460735_20220617.xml,DCE,2022-06-17,Décision,Excès de pouvoir,Rejet PAPC,4128
"M. et Mme B A ont demandé au tribunal administratif de Montreuil de prononcer la décharge des cotisations supplémentaires d'impôt sur le revenu et prélèvements sociaux auxquels ils ont été assujettis au titre des années 2010 et 2011 ainsi que les pénalités correspondantes. Par un jugement n° 1802924, du 19 septembre 2019, le tribunal administratif de Montreuil a déchargé les intéressés des cotisations supplémentaires de contributions sociales ainsi que des pénalités en litige, dans la mesure des sommes correspondant à l'application du coefficient de 1,25 prévu au 7 de l'article 158 du code général des impôts, et a rejeté le surplus des conclusions de leur demande. Par une ordonnance n° 19VE03881 du 18 juin 2021, le premier vice-président de la cour administrative d'appel de Versailles a rejeté l'appel formé par M. et Mme A contre ce jugement. Par un pourvoi sommaire et un mémoire complémentaire, enregistrés les 24 janvier 2022 et 25 avril 2022 au secrétariat du contentieux du Conseil d'Etat, M. et Mme A demandent au Conseil d'Etat : 1°) d'annuler cette ordonnance ; 2°) de mettre à la charge de l'Etat la somme de 3 000 euros au titre de l'article L. 761-1 du code de justice administrative.",plein_contentieux,defavorable_requerant,DCE_460738_20220623.xml,DCE,2022-06-23,Décision,Plein contentieux,Rejet PAPC,3377
"M. A B a demandé au tribunal administratif de Paris de condamner l'Etat à lui verser la somme de 210 000 euros en réparation des préjudices qu'il a subis du fait de la loi n° 2014-1104 du 1er octobre 2014 relative aux taxis et aux voitures de transport avec chauffeur. Par un jugement n° 1901322/4-2 du 2 juillet 2020, le tribunal administratif de Paris a rejeté sa demande. Par un arrêt n° 20PA02525 du 23 novembre 2021, la cour administrative d'appel de Paris a rejeté l'appel formé par M. B contre ce jugement. Par un pourvoi, enregistré le 24 janvier 2022 au secrétariat du contentieux du Conseil d'Etat, M. B demande au Conseil d'Etat : 1°) d'annuler cet arrêt ; 2°) réglant l'affaire au fond, de faire droit à son appel ; 3°) de mettre à la charge de l'Etat la somme de 3 500 euros au titre de l'article L. 761-1 du code de justice administrative.",exces_de_pouvoir,defavorable_requerant,DCE_460739_20220617.xml,DCE,2022-06-17,Décision,Excès de pouvoir,Rejet PAPC,4128
"M. A B a demandé au tribunal administratif de Paris de condamner l'Etat à lui verser la somme de 210 000 euros en réparation des préjudices qu'il a subis du fait de la loi n° 2014-1104 du 1er octobre 2014 relative aux taxis et aux voitures de transport avec chauffeur. Par un jugement n° 1901323/4-2 du 2 juillet 2020, le tribunal administratif de Paris a rejeté sa demande. Par un arrêt n° 20PA02526 du 23 novembre 2021, la cour administrative d'appel de Paris a rejeté l'appel formé par M. B contre ce jugement. Par un pourvoi, enregistré le 24 janvier 2022 au secrétariat du contentieux du Conseil d'Etat, M. B demande au Conseil d'Etat : 1°) d'annuler cet arrêt ; 2°) réglant l'affaire au fond, de faire droit à son appel ; 3°) de mettre à la charge de l'Etat la somme de 3 500 euros au titre de l'article L. 761-1 du code de justice administrative.",exces_de_pouvoir,defavorable_requerant,DCE_460742_20220617.xml,DCE,2022-06-17,Décision,Excès de pouvoir,Rejet PAPC,4128
"Par un mémoire distinct, enregistré le 8 mars 2022 au secrétariat du contentieux du Conseil d'État, le syndicat national de l'enseignement Action et Démocratie (SNEAD) demande au Conseil d'État, en application de l'article 23-5 de l'ordonnance n° 58-1067 du 7 novembre 1958 et à l'appui de sa requête tendant à l'annulation pour excès de pouvoir, d'une part, de la décision implicite par laquelle le ministre de l'éducation nationale, de la jeunesse et des sports a refusé de faire droit à sa demande du 9 novembre 2021 tendant à la suppression du mot "" représentative "" ainsi que de deux paragraphes dans les lignes directrices de gestion ministérielles du 25 octobre 2021 relatives à la mobilité des personnels du ministère de l'éducation nationale, de la jeunesse et des sports, d'autre part, des lignes directrices de gestion ministérielles du 25 octobre 2021 relatives à la mobilité des personnels du ministère de l'éducation nationale, de la jeunesse et des sports dans la même mesure, de renvoyer au Conseil constitutionnel la question de la conformité aux droits et libertés garantis par la Constitution des dispositions de l'article 14 bis de la loi du n° 84-16 du 11 janvier 1984 portant dispositions statutaires relatives à la fonction publique de l'État, désormais codifiées à l'article L. 216-1 du code général de la fonction publique.",exces_de_pouvoir,autre_issue,DCE_460759_20220601.xml,DCE,2022-06-01,Décision,Excès de pouvoir,QPC M-Transmission avec sursis (ADD),6539
"Par une requête et un mémoire complémentaire, enregistrés les 11 octobre et 27 décembre 2019, la société anonyme simplifiée unipersonnelle (SASU) H Gouvion a demandé au tribunal administratif de Paris de prononcer la réduction des cotisations de taxe foncière sur les propriétés bâties, de taxe spéciale d'équipement, de taxe d'enlèvement des ordures ménagères ainsi que des frais de gestion, qu'elle a acquittés au titre des années 2017 et 2018 à raison d'un immeuble à usage d'hôtel situé à Paris (XVIIème). Par un jugement n° 1922021 du 23 novembre 2021, le tribunal administratif de Paris a rejeté sa demande. Par un pourvoi sommaire et un mémoire complémentaire, enregistrés le 24 janvier et le 25 avril 2022 au secrétariat du contentieux du Conseil d'Etat, la société H Gouvion demande au Conseil d'Etat : 1°) d'annuler ce jugement ; 2°) réglant l'affaire au fond, de faire droit à sa demande ; 3°) de mettre à la charge de l'Etat la somme de 6 000 euros au titre de l'article L. 761-1 du code de justice administrative.",plein_contentieux,defavorable_requerant,DCE_460764_20220623.xml,DCE,2022-06-23,Décision,Plein contentieux,Rejet PAPC,3841
"M. A B a demandé au tribunal administratif de Lyon d'annuler la décision du 14 juin 2018 par laquelle le directeur général de l'Office français de protection des réfugiés et apatrides (OFPRA) a refusé de lui reconnaître la qualité d'apatride. Par un jugement n° 1908902 du 9 septembre 2020, le tribunal administratif de Lyon a rejeté sa demande. Par un arrêt n° 20LY03606 du 10 juin 2021, la cour administrative d'appel de Lyon a rejeté l'appel formé par M. B contre ce jugement. Par un pourvoi sommaire, un mémoire complémentaire et un nouveau mémoire enregistrés les 24 janvier, 25 avril et 23 mai 2022 au secrétariat du contentieux du Conseil d'Etat, M. B demande au Conseil d'Etat : 1°) d'annuler cet arrêt ; 2°) réglant l'affaire au fond, de faire droit à son appel ; 3°) de mettre à la charge de l'Etat la somme de 4 000 euros à verser à la SCP Duhamel-Rameix-Gury-Maitre, son avocat, au titre des articles L. 761-1 du code de justice administrative et 37 de la loi du 10 juillet 1991.",exces_de_pouvoir,defavorable_requerant,DCE_460768_20220628.xml,DCE,2022-06-28,Décision,Excès de pouvoir,Rejet PAPC,3320
"M. A B a demandé au tribunal administratif de Lyon d'annuler les décisions implicites refusant de l'assigner à résidence avec droit au travail et de lui délivrer un titre de séjour, nées du silence conservé sur ses demandes du 8 octobre 2018, la décision implicite lui refusant la délivrance d'un titre de séjour, née du silence conservé sur sa demande du 28 juin 2019, ainsi que les décisions expresses du 3 décembre 2019 par lesquelles le préfet du Rhône a refusé de lui délivrer un titre de séjour, lui a fait obligation de quitter le territoire français et a fixé le pays à destination duquel il est susceptible d'être éloigné d'office. Par un jugement n° 1909142 du 9 septembre 2020, le tribunal administratif de Lyon a rejeté sa demande. Par un arrêt n° 20LY03607 du 10 juin 2021, la cour administrative d'appel de Lyon a rejeté l'appel formé par M. B contre ce jugement. Par un pourvoi sommaire, un mémoire complémentaire et un nouveau mémoire enregistrés les 24 janvier, 25 avril et 23 mai 2022 au secrétariat du contentieux du Conseil d'Etat, M. B demande au Conseil d'Etat : 1°) d'annuler cet arrêt ; 2°) réglant l'affaire au fond, de faire droit à son appel ; 3°) de mettre à la charge de l'Etat la somme de 4 000 euros à verser à la SCP Duhamel Rameix-Gury-Maitre, son avocat, au titre des articles L. 761-1 du code de justice administrative et 37 de la loi du 10 juillet 1991.",exces_de_pouvoir,defavorable_requerant,DCE_460771_20220628.xml,DCE,2022-06-28,Décision,Excès de pouvoir,Rejet PAPC,3460
"M. D C a demandé au juge des référés du tribunal administratif de Rennes, en premier lieu, de suspendre, en application de l'article L. 521-1 du code de justice administrative, l'exécution, d'une part, de la décision du service des pensions et des risques professionnels (SPRP) du ministère des armées du 14 septembre 2021 s'estimant incompétent pour statuer sur sa demande d'allocation spécifique de cessation anticipée d'activité (ASCAA), d'autre part, de la décision de la société Naval Group du 11 octobre 2021 portant rejet de sa demande d'attribution de cette allocation, en second lieu, d'enjoindre à la ministre des armées et à la société Naval Group de faire droit à sa demande d'attribution de l'ASCAA, dans un délai de quinze jours à compter de la notification de l'ordonnance du tribunal, sous astreinte de 100 euros par jour de retard. Par une ordonnance n° 2105770 du 21 décembre 2021, le juge des référés du tribunal administratif de Rennes a rejeté sa demande. Par un pourvoi sommaire et un mémoire complémentaire, enregistrés les 27 janvier et 11 février 2022 au secrétariat du contentieux du Conseil d'Etat, M. C demande au Conseil d'Etat : 1°) d'annuler cette ordonnance ; 2°) statuant en référé, de faire droit à sa demande ; 3°) de mettre à la charge de l'Etat et de la société Naval Group la somme de 3 500 euros, à verser à la SCP Thouvenin, Coudray et Grevy, son avocat, au titre des articles L. 761-1 du code de justice administrative et 37 de la loi du 10 juillet 1991.",exces_de_pouvoir,defavorable_requerant,DCE_460885_20220603.xml,DCE,2022-06-03,Décision,Excès de pouvoir,Rejet PAPC,3856
"M. B a demandé au tribunal administratif de Paris, d'une part, avant dire-droit, d'enjoindre au ministre de l'intérieur de saisir la commission consultative du secret de la défense nationale afin qu'elle se prononce sur la déclassification de l'avis de sécurité établi sur sa demande d'habilitation et de la note remise à M. de B. par la direction générale de la sécurité intérieure en février 2018 et, d'autre part, d'annuler la décision du 11 avril 2018 par laquelle la secrétaire générale de la défense et de la sécurité nationale (SGDSN) lui a refusé l'habilitation aux informations classifiées "" Très secret défense "" et la décision du 12 juin 2018 rejetant son recours administratif, enfin, d'enjoindre à cette même autorité de lui délivrer l'habilitation sollicitée dans un délai d'un mois à compter de la notification du jugement. Par un jugement n° 1814944 du 24 octobre 2019, le tribunal administratif de Paris a rejeté sa demande. Par un arrêt n° 19PA04209 du 26 novembre 2021, la cour administrative d'appel de Paris a rejeté l'appel formé par M. B contre ce jugement et ordonné la suppression de certains passages des écritures de celui-ci. Par un pourvoi sommaire et un mémoire complémentaire, enregistrés les 27 janvier et 28 avril 2022 au secrétariat du contentieux du Conseil d'Etat, M. B demande au Conseil d'Etat : 1°) d'annuler cet arrêt ; 2°) réglant l'affaire au fond, de faire droit à son appel ; 3°) de mettre à la charge de l'Etat la somme de 4 000 euros au titre de l'article L. 761-1 du code de justice administrative.",exces_de_pouvoir,defavorable_requerant,DCE_460893_20220628.xml,DCE,2022-06-28,Décision,Excès de pouvoir,Rejet PAPC,6017
"Procédure contentieuse antérieure : M. A B, la Fédération nationale des entreprises des activités physiques de loisirs (ACTIVE-FNEAPL), l'Association française des espaces de loisirs indoor (SPACE) et le Syndicat des loisirs actifs (SLA) ont demandé au Conseil d'Etat, sous le n° 454752, d'annuler pour excès de pouvoir le décret n° 2021-955 du 19 juillet 2021 modifiant le décret n° 2021-699 du 1er juin 2021 prescrivant les mesures générales nécessaires à la gestion de la sortie de crise sanitaire. Par une ordonnance n° 454752 du 30 novembre 2021, le président de la 10ème chambre a donné acte du désistement d'instance de cette requête. Recours en révision et en rectification d'erreur matérielle : Par une requête et un nouveau mémoire, enregistrés les 27 et 31 janvier 2022 au secrétariat du contentieux du Conseil d'Etat, M. A B demande au Conseil d'Etat : 1°) de réviser ou, subsidiairement, de rectifier pour erreur matérielle et, en tout état de cause, de déclarer nulle et non avenue l'ordonnance du 30 novembre 2021 ; 2°) de poursuivre l'instruction de sa requête n° 454752 ; 3°) de mettre à la charge de l'Etat la somme de 1 500 euros au titre de l'article L. 761-1 du code de justice administrative.",autres_recours,partiellement_favorable,DCE_460898_20220624.xml,DCE,2022-06-24,Décision,Recours en révision,Satisfaction partielle,9406
"M. B A a demandé à la Cour nationale du droit d'asile d'annuler la décision du 6 novembre 2020 par laquelle l'Office français de protection des réfugiés et apatrides (OFPRA) a rejeté sa demande d'asile. Par une décision n° 20044729 du 14 mai 2021, la Cour nationale du droit d'asile a annulé la décision de l'OFPRA et lui a accordé le bénéfice de la protection subsidiaire. Par un pourvoi sommaire et un mémoire complémentaire, enregistrés les 31 janvier et 29 avril 2022 au secrétariat du contentieux du Conseil d'Etat, M. A demande au Conseil d'Etat : 1°) d'annuler cette décision en tant qu'elle lui refuse le statut de réfugié ; 2°) réglant l'affaire au fond, de lui reconnaitre la qualité de réfugié ; 3°) de mettre à la charge de l'Office français de protection des réfugiés et apatrides la somme de 3 000 euros à verser à la SCP Bauer-Violas, Feschotte-Desbois, Sebagh, son avocat, au titre des articles 37 de la loi du 10 juillet 1991 et L. 761-1 du code de justice administrative.",plein_contentieux,defavorable_requerant,DCE_460970_20220617.xml,DCE,2022-06-17,Décision,Plein contentieux,Rejet PAPC,3140
"Mme A B a demandé à la Cour nationale du droit d'asile d'annuler la décision du 12 novembre 2020 par laquelle l'Office français de protection des réfugiés et apatrides a rejeté sa demande d'asile. Par une ordonnance n° 21009227 du 26 juillet 2021, la Cour nationale du droit d'asile a rejeté sa demande. Par un pourvoi sommaire et un mémoire complémentaire, enregistrés les 1er février et 28 avril 2022 au secrétariat du contentieux du Conseil d'Etat, Mme B demande au Conseil d'Etat : 1°) d'annuler cette ordonnance ; 2°) réglant l'affaire au fond, de lui reconnaître la qualité de réfugié ou, à défaut, lui accorder le bénéfice de la protection subsidiaire ; 3°) de mettre à la charge de l'Office français de protection des réfugiés et apatrides la somme de 4 000 euros à verser à Me Soltner, son avocat, au titre des articles 37 de la loi du 10 juillet 1991 et L. 761-1 du code de justice administrative.",plein_contentieux,defavorable_requerant,DCE_460996_20220617.xml,DCE,2022-06-17,Décision,Plein contentieux,Rejet PAPC,3253
"Mme A B a demandé à la Cour nationale du droit d'asile d'annuler la décision du 12 novembre 2020 par laquelle l'Office français de protection des réfugiés et apatrides a rejeté sa demande d'asile. Par une ordonnance n° 21009232 du 26 juillet 2021, la Cour nationale du droit d'asile a rejeté sa demande. Par un pourvoi sommaire et un mémoire complémentaire, enregistrés les 1er février et 28 avril 2022 au secrétariat du contentieux du Conseil d'Etat, Mme B demande au Conseil d'Etat : 1°) d'annuler cette ordonnance ; 2°) réglant l'affaire au fond, de lui reconnaître la qualité de réfugié ou, à défaut, lui accorder le bénéfice de la protection subsidiaire ; 3°) de mettre à la charge de l'Office français de protection des réfugiés et apatrides la somme de 4 000 euros à verser à Me Soltner, son avocat, au titre des articles 37 de la loi du 10 juillet 1991 et L. 761-1 du code de justice administrative.",plein_contentieux,defavorable_requerant,DCE_460998_20220617.xml,DCE,2022-06-17,Décision,Plein contentieux,Rejet PAPC,3396
"M. B A a demandé au juge des référés du tribunal administratif de Paris d'enjoindre, sur le fondement de l'article L. 521-2 du code de justice administrative, au directeur général de l'Assistance publique-Hôpitaux de Paris et au directeur général de la santé de lui transmettre un "" QR code "" consécutif au test PCR réalisé le 25 novembre 2021, dans un délai de 48 heures à compter de l'ordonnance à intervenir, sous astreinte de 500 euros par jour de retard. Par une ordonnance n° 2201046/9 du 18 janvier 2022, le juge des référés du tribunal administratif de Paris a, par application de l'article L. 522-3 du code de justice administrative, rejeté sa demande. Par un pourvoi sommaire et un mémoire complémentaire, enregistrés les 1er février et 3 mars 2022 au secrétariat du contentieux du Conseil d'Etat, M. A demande au Conseil d'Etat : 1°) d'annuler cette ordonnance ; 2°) statuant en référé, de faire droit à sa demande ; 2°) de mettre à la charge de l'Etat et de l'Assistance publique-Hôpitaux de Paris la somme de 3 000 euros au titre de l'article L. 761-1 du code de justice administrative.",exces_de_pouvoir,defavorable_requerant,DCE_461009_20220617.xml,DCE,2022-06-17,Décision,Excès de pouvoir,Rejet PAPC,3131
"La société civile immobilière (SCI) Pont Peyrin a demandé au tribunal administratif de Pau de prononcer la décharge des cotisations supplémentaires et primitives de taxe foncière sur les propriétés bâties auxquelles elle a été assujettie au titre des années 2016 à 2019 dans les rôles de la commune de l'Isle Jourdain (Gers). Par un jugement nos 1901411, 2000429, 2002193 du 23 novembre 2021, ce tribunal a partiellement fait droit à sa demande. Par un pourvoi sommaire et un mémoire complémentaire, enregistrés les 2 février 2022 et 28 avril 2022 au secrétariat du contentieux du Conseil d'Etat, la SCI Pont Peyrin demande au Conseil d'Etat : 1°) d'annuler ce jugement en tant qu'il lui est défavorable ; 2°) réglant l'affaire au fond, de faire entièrement droit à sa demande ; 3°) de mettre à la charge de l'Etat la somme de 3 000 euros au titre de l'article L. 761-1 du code de justice administrative.",plein_contentieux,defavorable_requerant,DCE_461051_20220623.xml,DCE,2022-06-23,Décision,Plein contentieux,Rejet PAPC,3644
"La société Maxime Richard et fils a demandé au juge des référés du tribunal administratif de Versailles, statuant sur le fondement de l'article L. 521-1 du code de justice administrative, de suspendre l'exécution de l'arrêté du 26 octobre 2021 par lequel le préfet de l'Essonne l'a mise en demeure de régulariser sa situation administrative en cessant son activité pour ses installations localisées route départementale D26, à Vert-le-Grand (Essonne). Par une ordonnance n° 2111050 du 20 janvier 2022, le juge des référés du tribunal administratif de Versailles a rejeté sa demande. Par un pourvoi sommaire et un mémoire complémentaire, enregistrés au secrétariat du contentieux du Conseil d'Etat les 4 et 21 février 2022, la société Maxime Richard et fils demande au Conseil d'Etat : 1°) d'annuler cette ordonnance ; 2°) statuant en référé, de faire droit à sa demande ; 3°) de mettre à la charge de l'Etat la somme de 3 500 euros au titre de l'article L. 761-1 du code de justice administrative.",exces_de_pouvoir,defavorable_requerant,DCE_461149_20220610.xml,DCE,2022-06-10,Décision,Excès de pouvoir,Rejet PAPC,4595
"La société Westmead Productions a demandé au juge des référés du tribunal administratif de Nice de suspendre, sur le fondement des dispositions de l'article L. 521-1 du code de justice administrative, l'exécution de l'arrêté du 29 novembre 2021 par lequel le préfet des Alpes-Maritimes a autorisé les agents de la direction départementale des territoires et de la mer des Alpes-Maritimes et les personnels des entreprises mandatées par cette administration à pénétrer dans la propriété privée constituant la parcelle cadastrée AA 179 sur le territoire de la commune de Saint-Jean-Cap-Ferrat, en vue de la réalisation d'études préalables à la démolition de la terrasse de la villa dénommée "" Le Jardin sur la Mer "". Par une ordonnance n° 2200227 du 21 janvier 2022, le juge des référés de ce tribunal a rejeté sa demande. Par un pourvoi sommaire et un mémoire complémentaire, enregistrés les 7 février et 22 février 2022 au secrétariat du contentieux du Conseil d'Etat, la société Westmead Productions demande au Conseil d'Etat: 1°) d'annuler cette ordonnance ; 2°) statuant en référé, de faire droit à sa demande ; 3°) de mettre à la charge de l'Etat la somme de 5 000 euros au titre de l'article L. 761-1 du code de justice administrative.",exces_de_pouvoir,non_lieu,DCE_461184_20220603.xml,DCE,2022-06-03,Décision,Excès de pouvoir,Non-lieu PAPC,3413
"La société Multiservices Tahiti Vidanges a demandé au tribunal administratif de la Polynésie française d'annuler le marché de travaux, conclu le 25 juillet 2017 entre la Polynésie française et le groupement ayant pour mandataire la société EPC, relatif à la protection des berges de rivières et de littoral sur la côte ouest de l'île de Tahiti. Par un jugement n° 1700403 du 26 mars 2019, le tribunal administratif de la Polynésie française a annulé ce marché. Par un arrêt n° 19PA02032 du 9 novembre 2021, la cour administrative d'appel de Paris a, sur appel de la Polynésie française, annulé ce jugement, prononcé un non-lieu sur les conclusions subsidiaires de la société Multiservices Tahiti Vidanges tendant à la résiliation du marché et rejeté le surplus des conclusions des parties. Par un pourvoi enregistré le 8 février 2022 au secrétariat du contentieux du Conseil d'Etat, la société Multiservices Tahiti Vidanges demande au Conseil d'Etat : 1°) d'annuler cet arrêt ; 2°) réglant l'affaire au fond, de rejeter l'appel de la Polynésie française ; 3°) de mettre à la charge de la Polynésie française la somme de 5 000 euros au titre de l'article L. 761-1 du code de justice administrative.",exces_de_pouvoir,defavorable_requerant,DCE_461243_20220617.xml,DCE,2022-06-17,Décision,Excès de pouvoir,Rejet PAPC,3610
"Le groupement formé par les sociétés Multiservices Tahiti Vidanges, Entreprise Wholer et Polynésie Agrégats, d'une part, et l'entreprise Tapare Vetea, d'autre part, a demandé au tribunal administratif de la Polynésie française d'annuler le marché de travaux, conclu le 27 juillet 2017 entre la Polynésie française et le groupement ayant pour mandataire la société EPC, relatif à la protection des berges de rivières et de littoral sur la côte est de l'île de Tahiti. Par deux jugements n°s 1700410, 1700411 du 26 mars 2019, le tribunal administratif de la Polynésie française a rejeté leurs demandes. Par un arrêt n°s 19PA02054, 19PA02055 du 9 novembre 2021, la cour administrative d'appel de Paris a annulé les jugements attaqués, prononcé un non-lieu sur les conclusions subsidiaires des sociétés Multiservices Tahiti Vidanges et Polynésie Agrégats et de l'entreprise Tapare Vetea tendant à la résiliation du marché et rejeté le surplus des conclusions des parties. Par un pourvoi enregistré le 8 février 2022 au secrétariat du contentieux du Conseil d'Etat, les sociétés Multiservices Tahiti Vidanges et Polynésie Agrégats et l'entreprise Tapare Vetea demandent au Conseil d'Etat : 1°) d'annuler cet arrêt ; 2°) réglant l'affaire au fond, de faire droit à leur appel ; 3°) de mettre à la charge de la Polynésie française la somme de 5 000 euros au titre de l'article L. 761-1 du code de justice administrative.",exces_de_pouvoir,defavorable_requerant,DCE_461245_20220617.xml,DCE,2022-06-17,Décision,Excès de pouvoir,Rejet PAPC,4058
"M. B C a demandé au tribunal administratif de Cergy-Pontoise d'annuler pour excès de pouvoir la décision du 2 avril 2019 par laquelle l'inspecteur du travail a autorisé son licenciement par la société Arcelormittal Centres de Services pour motif disciplinaire et la décision du 1er août 2019 par laquelle l'inspecteur du travail a retiré la décision du 2 avril 2019 et a à nouveau autorisé son licenciement pour motif disciplinaire. Par un jugement nos 1906036, 1912011 du 29 avril 2021, le tribunal administratif a jugé qu'il n'y avait plus lieu de statuer sur les conclusions de M. C tendant à l'annulation de la décision de l'inspecteur du travail du 2 avril 2019 et a rejeté ses conclusions tendant à l'annulation de la décision de l'inspecteur du travail du 1er août 2019. Par une ordonnance n° 21VE01397 du 10 décembre 2021, le président de la 6ème chambre de la cour administrative d'appel de Versailles a rejeté la requête de M. C tendant à l'annulation du jugement du tribunal administratif de Cergy-Pontoise. Par un pourvoi sommaire et un mémoire complémentaire, enregistrés les 8 février et 12 avril 2022 au secrétariat du contentieux du Conseil d'Etat, M. C demande au Conseil d'Etat : 1°) d'annuler cette ordonnance ; 2°) réglant l'affaire au fond, de faire droit à son appel ; 3°) de mettre à la charge de l'Etat la somme de 4 500 euros au titre de l'article L. 761-1 du code de justice administrative.",exces_de_pouvoir,defavorable_requerant,DCE_461288_20220629.xml,DCE,2022-06-29,Décision,Excès de pouvoir,Rejet PAPC,4994
"La société à responsabilité limitée (SARL) SHEM a demandé au tribunal administratif de Clermont-Ferrand d'annuler l'arrêté d'alignement individuel du préfet du Cantal du 20 janvier 2017 relatif à l'emprise de la RN 122 au droit de la parcelle cadastrée AH 112, sur le territoire de la commune de Massiac (Cantal). Par un jugement n° 1700708 du 3 octobre 2019, ce tribunal a rejeté sa demande. Par un arrêt n° 19LY04384 du 17 décembre 2021, la cour administrative d'appel de Lyon a rejeté l'appel formé par la société SHEM contre ce jugement. Par un pourvoi, enregistré le 14 février 2022 au secrétariat du contentieux du Conseil d'État, la société SHEM demande au Conseil d'État : 1°) d'annuler cet arrêt ; 2°) réglant l'affaire au fond, de faire droit à son appel ; 3°) de mettre à la charge de l'Etat la somme de 4 000 euros au titre des dispositions de l'article L. 761-1 du code de justice administrative.",exces_de_pouvoir,defavorable_requerant,DCE_461441_20220624.xml,DCE,2022-06-24,Décision,Excès de pouvoir,Rejet PAPC,3465
"M. B A a demandé au juge des référés du tribunal administratif de Bordeaux, sur le fondement de l'article L. 521-3 du code de justice administrative, d'enjoindre au ministre de la justice de lui communiquer la copie de l'avis défavorable à sa titularisation en qualité de conseiller pénitentiaire d'insertion et de probation émis par la commission administrative paritaire le 13 juillet 2021, de son arrêté de non-titularisation et de son évaluation de stage au service pénitentiaire d'insertion et de probation de Paris pour l'année 2019-2020. Par une ordonnance n° 2105441 du 11 février 2022, le juge des référés du tribunal administratif de Bordeaux a rejeté sa demande. 1° Sous le numéro 461442, par un pourvoi sommaire et un mémoire complémentaire, enregistrés les 15 février et 14 avril 2022 au secrétariat du contentieux du Conseil d'Etat, M. A demande au Conseil d'Etat : 1°) d'annuler cette ordonnance ; 2°) de mettre à la charge de l'Etat la somme de 3 000 euros à verser à son avocat en application des articles 37 de la loi du 10 juillet 1991 et L. 761-1 du code de justice administrative. 2° Sous le numéro 462779, par un pourvoi sommaire et un mémoire complémentaire, enregistrés les 30 mars et 14 avril 2022 au secrétariat du contentieux du Conseil d'Etat, M. A demande au Conseil d'Etat : 1°) d'annuler la même ordonnance ; 2°) de mettre à la charge de l'Etat la somme de 3 000 euros à verser à son avocat en application des articles 37 de la loi du 10 juillet 1991 et L. 761-1 du code de justice administrative. Vu les autres pièces des dossiers ;",exces_de_pouvoir,defavorable_requerant,DCE_461442_20220617.xml,DCE,2022-06-17,Décision,Excès de pouvoir,Rejet PAPC,4162
"Mme A B a demandé au juge des référés du tribunal administratif de Montreuil d'ordonner au préfet de la Seine-Saint-Denis, sur le fondement des dispositions de l'article L. 521-3 du code de justice administrative, de lui fixer un rendez-vous en vue du dépôt de sa demande de titre de séjour. Par une ordonnance n° 2111083 du 23 septembre 2021, le juge des référés du tribunal administratif de Montreuil a rejeté sa demande. Par un pourvoi sommaire et un mémoire complémentaire, enregistrés les 16 février et 1er mars 2022 au secrétariat du contentieux du Conseil d'Etat, Mme B demande au Conseil d'Etat : 1°) d'annuler cette ordonnance ; 2°) statuant en référé, de faire droit à sa demande ; 3°) de mettre à la charge de l'Etat la somme de 3 000 euros à verser à la SAS Boulloche, Colin, Stoclet et Associés, son avocat, au titre des articles L. 761-1 du code de justice administrative et 37 de la loi du 10 juillet 1991.",exces_de_pouvoir,autre_issue,DCE_461563_20220622.xml,DCE,2022-06-22,Décision,Excès de pouvoir,,6497
"M. B A a demandé au juge des référés du tribunal administratif de Paris, d'une part, d'ordonner, sur le fondement des dispositions de l'article L. 521-1 du code de justice administrative, la suspension de l'exécution de la décision du 18 octobre 2019 par laquelle le préfet de police a prononcé son expulsion du territoire français à destination du pays dont il a la nationalité ou de tout pays où il est légalement admissible, d'autre part, d'enjoindre au préfet territorialement compétent de lui délivrer une autorisation provisoire de séjour dans un délai de quinze jours à compter de la notification de la présente ordonnance, enfin, d'ordonner au préfet de police de lui restituer son passeport. Par une ordonnance n° 2200738 du 1er février 2022, le juge des référés du tribunal administratif de Paris a rejeté sa demande. Par un pourvoi sommaire et un mémoire complémentaire, enregistrés les 16 et 28 février 2022 au secrétariat du contentieux du Conseil d'Etat, M. A demande au Conseil d'Etat : 1°) d'annuler cette ordonnance ; 2°) statuant en référé, de faire droit à ses conclusions ; 3°) de mettre à la charge de l'Etat la somme de 3 500 euros au titre de l'article L. 761-1 du code de justice administrative.",exces_de_pouvoir,defavorable_requerant,DCE_461591_20220622.xml,DCE,2022-06-22,Décision,Excès de pouvoir,Rejet PAPC,2955
"L'association PASS LAS ST-ETIENNE 21 a demandé au juge des référés du tribunal administratif de Lyon d'ordonner, sur le fondement des dispositions de l'article L. 521-1 du code de justice administrative, la suspension de l'exécution de la délibération du 11 octobre 2021 par laquelle le conseil d'administration de l'université Jean Monnet, Saint-Etienne, a fixé les capacités d'accueil dans la filière médecine de la deuxième année des études de santé pour les étudiants inscrits en deuxième année de la licence accès santé (LAS) et d'enjoindre à cette université d'adopter une nouvelle délibération réservant au moins 30 % des places en deuxième année à ces étudiants. Par une ordonnance n° 2200460 du 8 février 2022, le juge des référés du tribunal administratif a rejeté sa demande. Par un pourvoi sommaire et un mémoire complémentaire, enregistrés les 16 février et 2 mars 2022 au secrétariat du contentieux du Conseil d'Etat, l'association PASS LAS ST-ETIENNE 21 demande au Conseil d'Etat : 1°) d'annuler cette ordonnance ; 2°) réglant l'affaire au titre de la procédure de référé, de faire droit à sa demande ; 3°) de mettre à la charge de l'université Jean Monnet, Saint-Etienne, la somme de 3 600 euros au titre de l'article L. 761-1 du code de justice administrative.",exces_de_pouvoir,defavorable_requerant,DCE_461599_20220614.xml,DCE,2022-06-14,Décision,Excès de pouvoir,Rejet PAPC,3947
"La société par actions simplifiée (SAS) Jungheinrich France a demandé au tribunal administratif de Versailles de prononcer la réduction de la taxe sur la création de locaux à l'usage de bureaux et locaux de stockage, de la taxe d'aménagement et de la redevance d'archéologie préventive auxquelles elle a été assujettie à raison d'un permis de construire délivré par le maire de Vélizy-Villacoublay (Yvelines) le 2 novembre 2016. Par un jugement n° 1903050 du 26 octobre 2021, ce tribunal a réduit la cotisation de taxe sur la création de locaux à l'usage de bureaux et locaux de stockage à laquelle la société Jungheinrich France a été assujettie et rejeté le surplus des conclusions de sa demande. Par une ordonnance n° 21VE03483 du 17 février 2022, enregistrée le même jour au secrétariat du contentieux du Conseil d'Etat, le premier vice-président de la cour administrative d'appel de Versailles a transmis au Conseil d'Etat, en application de l'article R. 351-2 du code de justice administrative, le pourvoi, enregistré le 28 décembre 2021 au greffe de la cour, formé par la société Jungheinrich France contre l'article 3 de ce jugement. Par ce pourvoi et un mémoire complémentaire, enregistré le 11 avril 2022 au secrétariat du contentieux du Conseil d'Etat, la société Jungheinrich France demande au Conseil d'Etat : 1°) d'annuler l'article 3 de ce jugement ; 2°) de condamner l'Etat à lui verser la somme de 5 000 euros au titre de l'article L. 761-1 du code de justice administrative.",plein_contentieux,defavorable_requerant,DCE_461619_20220624.xml,DCE,2022-06-24,Décision,Plein contentieux,Rejet PAPC,6475
"Par un arrêt n° 19BX03342 du 9 juillet 2020, la cour administrative d'appel de Bordeaux, statuant sur la requête de la commune du Fauga, a annulé la décision implicite du 5 octobre 2016 par laquelle le préfet de la Haute-Garonne a refusé de mettre en œuvre des travaux de dépollution de la parcelle cadastrée B n° 916 sur le territoire de la commune du Fauga (Haute-Garonne), et a enjoint aux services de l'Etat de faire reprendre dès la notification de l'arrêt les travaux de dépollution de cette parcelle et de les achever dans un délai d'un an à compter de cette notification, sous astreinte de 1 000 euros par jour de retard. La commune du Fauga a demandé à cette cour de liquider l'astreinte prononcée par l'arrêt du 9 juillet 2020. Par un arrêt n° 19BX03942 du 9 juillet 2020, la cour administrative d'appel de Bordeaux, statuant sur la requête de la société de Labourdette, a liquidé provisoirement, à hauteur de 102 150 euros, l'astreinte dont elle avait, par son arrêt n° 16BX00976 du 18 octobre 2016, assorti l'injonction adressée au ministre de l'intérieur de faire procéder par les services compétents du ministère de l'intérieur à la dépollution de cette même parcelle cadastrée B n° 916, et a fixé à 1000 euros le taux journalier de l'astreinte à compter de la notification de l'arrêt. La société de Labourdette a demandé à cette cour de constater que le montant de 102 150 euros résultant de la liquidation de l'astreinte par son arrêt du 18 octobre 2016 n°16BX00976 n'avait pas été payé par l'Etat, et d'enjoindre aux autorités de l'Etat de procéder sans délai aux opérations de dépollution pyrotechnique de la parcelle sous astreinte de 1 000 euros par jour de retard, jusqu'à l'achèvement effectif des travaux. Par un arrêt nos 19BX03342, 19BX03942 du 30 novembre 2021, la cour administrative d'appel de Bordeaux a condamné l'Etat à verser à la société de Labourdette la somme de 400 000 euros au titre de la liquidation de l'astreinte prononcée par l'arrêt n° 16BX00976 du 18 octobre 2016 au taux fixé par cet arrêt et modifié par l'arrêt n° 19BX03942 du 9 juillet 2020, condamné l'Etat à verser à la commune du Fauga la somme de 120 000 euros au titre de la liquidation de",exces_de_pouvoir,defavorable_requerant,DCE_461657_20220624.xml,DCE,2022-06-24,Décision,Excès de pouvoir,Rejet PAPC,5222
"1° Sous les n°s 461694 et 461695, par un jugement n° 2105520 - 2105521 du 17 février 2022, enregistré le 18 février 2022 au secrétariat du contentieux du Conseil d'Etat, le tribunal administratif de Versailles, avant de statuer sur les demandes de La Cimade, du Syndicat des avocats de France, de la Ligue des droits de l'homme, du Groupe d'information et de soutien des immigrés, de l'association Avocats pour la défense des droits des étrangers et du Secours catholique tendant à l'annulation des décisions du préfet des Yvelines et du préfet de l'Essonne rendant obligatoire, pour certaines demandes de titre de séjour, la saisine de l'administration par voie électronique pour obtenir un rendez-vous ou déposer la demande, à l'annulation des décisions implicites par lesquelles les mêmes préfets ont rejeté leurs demandes tendant à la mise en œuvre de modalités alternatives, et à ce qu'il leur soit enjoint de proposer aux usagers des modalités alternatives, a décidé, par application de l'article L. 113-1 du code de justice administrative, de transmettre les dossiers de ces demandes au Conseil d'Etat, en soumettant à son examen les questions suivantes : 1°) Un module dématérialisé de prise de rendez-vous en préfecture ou une saisine de l'administration par courriel à une adresse internet dédiée en vue du dépôt de demandes de titres de séjour, constituent-ils des téléservices au sens des dispositions de l'article 1er de l'ordonnance du 8 décembre 2005 relative aux échanges électroniques entre les usagers et les autorités administratives et entre les autorités administratives ' 2°) A supposer que cela soit le cas, de tels téléservices entrent-ils dans le champ des dispositions de l'article 1er de l'arrêté du 23 décembre 2015 portant autorisation d'un traitement automatisé de données à caractère personnel dénommé "" Saisine par voie électronique de l'administration "" (SVE) ou dans celui de l'article 1er du décret du 27 mai 2016 autorisant les téléservices tendant à la mise en œuvre du droit des usagers de saisir l'administration par voie électronique ' 3°) Si ces téléservices n'entrent pas dans le champ de l'article 1er de l'arrêté du 23 décembre 2015, ces procédures",autres_recours,autre_issue,DCE_461694_20220603.xml,DCE,2022-06-03,Décision,Autres,Avis article L. 113-1,24974
"M. D J, M. K d'Aldéguier, Mme A F et Mme I Dor-d'Aldéguier ont demandé au tribunal administratif de Toulouse d'annuler les résultats des élections municipales partielles qui se sont déroulées le 5 décembre 2021 dans la commune de Montesquieu-Lauragais. Par un jugement n° 2107126 du 3 février 2022, le tribunal administratif a rejeté cette protestation. Par une requête et un mémoire en réplique, enregistrés les 20 février et 15 avril 2022 au secrétariat du contentieux du Conseil d'Etat, M. J et M. d'Aldéguier demandent au Conseil d'Etat : 1°) d'annuler ce jugement ; 2°) de déclarer Mme B démissionnaire de son mandat de conseillère municipale antérieurement aux élections municipales partielles du 5 décembre 2021 ; 3°) d'annuler les résultats des élections municipales partielles qui se sont déroulées dans la commune de Montesquieu-Lauragais le 5 décembre 2021.",plein_contentieux,defavorable_requerant,DCE_461722_20220603.xml,DCE,2022-06-03,Décision,Plein contentieux,Rejet,4803
"Mme et M. A B ont demandé au tribunal administratif de Paris de prononcer la décharge, en droits et pénalités, des cotisations supplémentaires d'impôt sur le revenu et de contributions sociales auxquelles ils ont été assujettis au titre des années 2007 à 2015. Par un jugement n° 1902519 du 23 novembre 2021, le tribunal administratif de Paris a rejeté leur demande. M. et Mme B ont demandé au juge des référés de la cour administrative d'appel de Paris, sur le fondement de l'article L. 521-1 du code de justice administrative, de prononcer la suspension du recouvrement des cotisations supplémentaires d'impôt sur le revenu et de contributions sociales mises à leur charge au titre des années 2007 à 2015. Par une ordonnance n° 22PA00034 du 7 février 2022, le juge des référés de la cour administrative d'appel de Paris a rejeté leur requête. Par un pourvoi sommaire et un mémoire complémentaire enregistrés les 21 février et 7 mars 2022 au secrétariat du contentieux du Conseil d'Etat, M. et Mme B demandent au Conseil d'Etat : 1°) d'annuler cette ordonnance ; 2°) réglant l'affaire au fond, de prononcer la suspension de la mise en recouvrement des impositions mises à leur charge ; 3°) de mettre à la charge de l'Etat la somme de 3 500 euros au titre l'article L.761-1 du code de justice administrative.",plein_contentieux,defavorable_requerant,DCE_461754_20220623.xml,DCE,2022-06-23,Décision,Plein contentieux,Rejet PAPC,4586
"Mme A B a demandé au tribunal administratif de Paris de prononcer la décharge, en droits et pénalités, des cotisations supplémentaires d'impôt sur le revenu et de contributions sociales auxquelles elle a été assujettie au titre des années 2007 à 2015. Par un jugement n° 1902534 du 23 novembre 2021, le tribunal administratif de Paris a rejeté sa demande. Mme B a demandé au juge des référés de la cour administrative d'appel de Paris, sur le fondement de l'article L. 521-1 du code de justice administrative, de prononcer la suspension du recouvrement des cotisations supplémentaires d'impôt sur le revenu et de contributions sociales mises à sa charge au titre des années 2007 à 2015. Par une ordonnance n° 22PA00035 du 7 février 2022, le juge des référés de la cour administrative d'appel de Paris a rejeté sa requête. Par un pourvoi sommaire et un mémoire complémentaire enregistrés les 21 février et 7 mars 2022 au secrétariat du contentieux du Conseil d'Etat, Mme B demande au Conseil d'Etat : 1°) d'annuler cette ordonnance ; 2°) réglant l'affaire au fond, de prononcer la suspension de la mise en recouvrement des impositions mises à sa charge ; 3°) de mettre à la charge de l'Etat la somme de 3 500 euros au titre l'article L. 761-1 du code de justice administrative.",plein_contentieux,defavorable_requerant,DCE_461756_20220623.xml,DCE,2022-06-23,Décision,Plein contentieux,Rejet PAPC,4528
"Mme A B a demandé au tribunal administratif de Nantes d'annuler la décision du 9 octobre 2018 par laquelle le président du conseil départemental de Loire-Atlantique a refusé la demande d'extension de son agrément d'assistante maternelle pour la garde d'un troisième enfant, ainsi que la décision implicite rejetant son recours gracieux, et, d'autre part d'annuler la décision du 9 juillet 2019 par laquelle ce même président lui a retiré son agrément d'assistante maternelle, ainsi que la décision implicite rejetant son recours gracieux. Par un jugement n° 1811100, 2000279 du 13 août 2021, le tribunal administratif de Nantes a fait partiellement droit à ces demandes en annulant la décision du 9 juillet 2019 et la décision implicite rejetant son recours gracieux. Par un arrêt n° 21NT02777 du 4 février 2022, la cour administrative d'appel de Nantes a rejeté la demande de sursis à exécution des articles 1er et 2 de ce jugement formée par le département de Loire-Atlantique. Par un pourvoi sommaire et un mémoire complémentaire, enregistrés les 22 février et 21 mars 2022 au secrétariat du contentieux du Conseil d'Etat, le département de Loire-Atlantique demande au Conseil d'Etat : 1°) d'annuler cet arrêt ; 2°) de mettre à la charge de Mme B la somme de 3 500 euros au titre de l'article L. 761-1 du code de justice administrative.",plein_contentieux,defavorable_requerant,DCE_461761_20220610.xml,DCE,2022-06-10,Décision,Plein contentieux,Rejet PAPC,3461
"Le médecin-conseil, chef de service par intérim de l'échelon local du service médical du Bas-Rhin, a porté plainte contre M. B A devant la section des assurances sociales de la chambre disciplinaire de première instance du Grand-Est de l'ordre des médecins. Par une décision du 10 décembre 2019, la section des assurances sociales de la chambre disciplinaire de première instance a infligé à M. A la sanction de l'interdiction de délivrer des soins aux assurés sociaux pendant une durée de quatre mois, dont deux mois assortis du sursis, et dit que la partie de la sanction non assortie du sursis serait exécutée du 1er juin au 31 juillet 2020. Par une décision du 21 janvier 2022, la section des assurances sociales du Conseil national de l'ordre des médecins a rejeté l'appel formé par M. A contre cette décision et dit que la partie de la sanction non assortie du sursis serait exécutée du 1er mai au 30 juin 2022. 1° Sous le n° 461795, par un pourvoi sommaire et un mémoire complémentaire, enregistrés les 22 février et 17 mars 2022 au secrétariat du contentieux du Conseil d'Etat, M. A demande au Conseil d'Etat : 1°) d'annuler cette décision ; 2°) de mettre à la charge du médecin-conseil, chef de service par intérim de l'échelon local du service médical du Bas-Rhin, la somme de 3 500 euros au titre de l'article L. 761-1 du code de justice administrative. 2° Sous le n° 462417, par une requête, enregistrée le 17 mars 2022 au secrétariat du contentieux du Conseil d'Etat, M. A demande au Conseil d'Etat d'ordonner qu'il soit sursis à l'exécution de la même décision de la section des assurances sociales du Conseil national de l'ordre des médecins. Il soutient que l'exécution de cette décision risque d'entraîner pour lui des conséquences difficilement réparables et que les moyens de son pourvoi sont de nature à justifier sa cassation et l'infirmation de la solution retenue par les juges du fond. Par un mémoire en défense, enregistré le 8 mai 2022, le médecin-conseil, chef de service par intérim de l'échelon local du service médical du Bas-Rhin, conclut au rejet de la requête et à ce qu'il soit mis à la charge du requérant le versement de la somme de 3 000 euros au titre de",plein_contentieux,defavorable_requerant,DCE_461795_20220615.xml,DCE,2022-06-15,Décision,Plein contentieux,Rejet PAPC,6968
"Le médecin-conseil, chef de service par intérim de l'échelon local du service médical du Bas-Rhin, a porté plainte contre M. B A devant la section des assurances sociales de la chambre disciplinaire de première instance du Grand-Est de l'ordre des médecins. Par une décision du 10 décembre 2019, la section des assurances sociales de la chambre disciplinaire de première instance a infligé à M. A la sanction de l'interdiction de délivrer des soins aux assurés sociaux pendant une période de six mois, dont trois mois assortis du sursis, et dit que la partie de la sanction non assortie du sursis serait exécutée du 1er mars au 31 mai 2020. Par une décision du 21 janvier 2022, la section des assurances sociales du Conseil national de l'ordre des médecins a rejeté l'appel formé par M. A contre cette décision et dit que la partie de la sanction non assortie du sursis serait exécutée du 1er mai au 31 juillet 2022. 1° Sous le numéro 461796, par un pourvoi sommaire et un mémoire complémentaire, enregistrés les 22 février et 17 mars 2022, au secrétariat du contentieux du Conseil d'Etat, M. A demande au Conseil d'Etat : 1°) d'annuler cette décision ; 2°) de mettre à la charge du médecin-conseil, chef de service par intérim de l'échelon local du service médical du Bas-Rhin, la somme de 3 500 euros au titre de l'article L. 761-1 du code de justice administrative. 2° Sous le numéro 462419, par une requête, enregistrée le 17 mars 2022 au secrétariat du contentieux du Conseil d'Etat, M. A demande au Conseil d'Etat d'ordonner qu'il soit sursis à l'exécution de la même décision de la section des assurances sociales du Conseil national de l'ordre des médecins. Il soutient que l'exécution de cette décision risque d'entraîner pour lui des conséquences difficilement réparables et que les moyens de son pourvoi sont de nature à justifier la cassation et l'infirmation de la solution retenue par les juges du fond. Par un mémoire en défense, enregistré le 8 mai 2022, le médecin-conseil, chef de service par intérim de l'échelon local du service médical du Bas-Rhin, conclut au rejet de la requête et à ce qu'il soit mis à la charge du requérant le versement de la somme de 3 000 euros au titre",plein_contentieux,defavorable_requerant,DCE_461796_20220615.xml,DCE,2022-06-15,Décision,Plein contentieux,Rejet PAPC,6941
"Le médecin-conseil, chef de service par intérim de l'échelon local du service médical du Bas-Rhin, a porté plainte contre M. B A devant la section des assurances sociales de la chambre disciplinaire de première instance du Grand-Est de l'ordre des médecins. Par une décision du 10 décembre 2019, la section des assurances sociales de la chambre disciplinaire de première instance a infligé à M. A la sanction de l'interdiction de délivrer des soins aux assurés sociaux pendant une durée de six mois, dont trois mois assortis du sursis, et dit que la partie de la sanction non assortie du sursis serait exécutée du 1er juin au 31 août 2020. Par une décision du 21 janvier 2022, la section des assurances sociales du Conseil national de l'ordre des médecins a rejeté l'appel formé par M. A contre cette décision et dit que la partie de la sanction non assortie du sursis serait exécutée du 1er mai au 31 juillet 2022. 1° Sous le numéro 461797, par un pourvoi sommaire et un mémoire complémentaire, enregistrés les 22 février et 17 mars 2022 au secrétariat du contentieux du Conseil d'Etat, M. A demande au Conseil d'Etat : 1°) d'annuler cette décision ; 2°) de mettre à la charge du médecin-conseil, chef de service par intérim de l'échelon local du service médical du Bas-Rhin, la somme de 3 500 euros au titre de l'article L. 761-1 du code de justice administrative. 2° Sous le numéro 462418, par une requête, enregistrée le 17 mars 2022 au secrétariat du contentieux du Conseil d'Etat, M. A demande au Conseil d'Etat d'ordonner qu'il soit sursis à l'exécution de la même décision de la section des assurances sociales du Conseil national de l'ordre des médecins. Il soutient que l'exécution de cette décision risque d'entraîner pour lui des conséquences difficilement réparables et que les moyens de son pourvoi sont de nature à justifier la cassation et l'infirmation de la solution retenue par les juges du fond. Par un mémoire en défense, enregistré le 8 mai 2022, le médecin-conseil, chef de service par intérim de l'échelon local du service médical du Bas-Rhin, conclut au rejet de la requête et à ce qu'il soit mis à la charge du requérant le versement de la somme de 3 000 euros au titre de",plein_contentieux,defavorable_requerant,DCE_461797_20220615.xml,DCE,2022-06-15,Décision,Plein contentieux,Rejet PAPC,6962
"M. C H et Mme L B ont demandé au tribunal administratif de Besançon d'annuler les opérations électorales qui se sont déroulées les 20 et 27 juin 2021 en vue du renouvellement des conseillers départementaux du canton de Vesoul 2 et de déclarer inéligibles Mme E F et M. D K. Par un jugement n° 2101048 du 25 janvier 2022, le tribunal administratif de Besançon a rejeté leur protestation. Par une requête et un mémoire complémentaire, enregistrés les 25 février et 10 mai 2022 au secrétariat du contentieux du Conseil d'Etat, M. H et Mme B demandent au Conseil d'Etat : 1°) d'annuler ce jugement ; 2°) de faire droit à leur protestation : 3°) en toute hypothèse, de prononcer l'inéligibilité de Mme F et de M. K.",plein_contentieux,defavorable_requerant,DCE_461890_20220617.xml,DCE,2022-06-17,Décision,Plein contentieux,Rejet,5044
"Le syndic de la copropriété "" La Joie de Vivre "" a demandé au juge des référés du tribunal administratif de Nice de suspendre, sur le fondement des dispositions de l'article L. 521-1 du code de justice administrative, l'exécution de l'arrêté du 29 novembre 2021 par lequel le préfet des Alpes-Maritimes a autorisé les agents de la direction départementale des territoires et de la mer des Alpes-Maritimes et les personnels des entreprises mandatées par cette administration à pénétrer dans la propriété privée constituant la parcelle cadastrée AA 179 sur le territoire de la commune de Saint-Jean-Cap-Ferrat, en vue de la réalisation d'études préalables à la démolition de la terrasse de la villa dénommée "" Le Jardin sur la Mer "". Par une ordonnance n° 2200412 du 9 février 2022, le juge des référés de ce tribunal a suspendu l'exécution de cet arrêté, en tant qu'il autorise les agents de la direction départementale des territoires et de la mer des Alpes-Maritimes et les personnes mandatées par cette administration à pénétrer dans la propriété privée de la copropriété "" La Joie de Vivre "" et à y effectuer des travaux préparatoires. Par un pourvoi enregistré le 25 février 2022 au secrétariat du contentieux du Conseil d'Etat, la ministre de la transition écologique demande au Conseil d'Etat d'annuler cette ordonnance.",exces_de_pouvoir,non_lieu,DCE_461898_20220603.xml,DCE,2022-06-03,Décision,Excès de pouvoir,Non-lieu PAPC,3575
"La société Saur a demandé au juge des référés du tribunal administratif de Nantes, sur le fondement des dispositions de l'article L. 551-1 du code de justice administrative, d'annuler la décision d'éliminer sa candidature pour les lots n°s 1et 2 de la concession de service public engagée par le syndicat mixte départemental Atlantic'Eau et d'enjoindre au syndicat mixte départemental Atlantic'Eau de réintégrer sa candidature et de reprendre la procédure d'attribution au stade de l'analyse des candidatures. Par une ordonnance n° 2201196 du 11 février 2022, le juge des référés du tribunal administratif de Nantes a rejeté cette demande. Par un pourvoi sommaire et un mémoire complémentaire, enregistrés les 25 février et 14 mars 2022 au secrétariat du contentieux du Conseil d'Etat, la société Saur demande au Conseil d'Etat : 1°) d'annuler cette ordonnance ; 2°) statuant en référé, de faire droit à sa demande.",plein_contentieux,defavorable_requerant,DCE_461899_20220603.xml,DCE,2022-06-03,Décision,Plein contentieux,Rejet,7668
"M. A C a demandé au juge des référés du tribunal administratif de Strasbourg d'ordonner la suspension de l'exécution de la décision du 30 novembre 2021 par laquelle le jury du deuxième concours externe, dit "" B "", de l'Ecole nationale d'administration l'a placé sur la liste complémentaire des admis au concours externe, et d'enjoindre à la directrice de l'Institut national du service public (INSP) de prononcer son admission dans cette école. Par une ordonnance n° 2200250 du 20 janvier 2022, le juge des référés du tribunal administratif a rejeté sa demande. Par un pourvoi sommaire et un mémoire complémentaire, enregistrés les 25 février et 14 mars 2022 au secrétariat du contentieux du Conseil d'Etat, M. C demande au Conseil d'Etat : 1°) d'annuler cette ordonnance ; 2°) de mettre à la charge de l'INSP la somme de 2 000 euros à verser à la SCP Fabiani, Luc-Thaler, Pinatel son avocat, au titre des articles 37 de la loi du 10 juillet 1991 et L. 761-1 du code de justice administrative.",exces_de_pouvoir,defavorable_requerant,DCE_461913_20220614.xml,DCE,2022-06-14,Décision,Excès de pouvoir,Rejet PAPC,3376
"La société par actions simplifiée (SAS) Bistrot de la Banque a demandé au juge des référés du tribunal administratif de Paris de suspendre l'exécution de l'article 1er de l'arrêté du 13 janvier 2022 par lequel la maire de Paris lui a refusé l'installation d'une contre-terrasse permanente sur stationnement ainsi que de l'arrêté du 1er mars 2022 lui infligeant une amende administrative de 500 euros. Par une ordonnance n° 2205133 du 3 mars 2022, la juge des référés de ce tribunal a rejeté sa demande. Par un pourvoi sommaire et un mémoire complémentaire, enregistrés les 4 et 18 mars 2022 au secrétariat du contentieux du Conseil d'État, la société Bistrot de la Banque demande au Conseil d'État : 1°) d'annuler cette ordonnance ; 2°) statuant en référé, de faire droit à sa demande ; 3°) de mettre à la charge de la Ville de Paris la somme de 4 000 euros au titre de l'article L. 761-1 du code de justice administrative.",exces_de_pouvoir,defavorable_requerant,DCE_462084_20220630.xml,DCE,2022-06-30,Décision,Excès de pouvoir,Rejet PAPC,2767
"M. D B et Mme C A épouse B ont demandé au juge des référés du tribunal administratif de Nice de suspendre, sur le fondement de l'article L. 521-1 du code de justice administrative, l'exécution de l'arrêté du 23 décembre 2019 par lequel le maire de Cap-d'Ail (Alpes-Maritimes) a accordé un permis de construire à la SCI Eucalyptus, ainsi que l'exécution de la décision du 8 juin 2020 par laquelle il a rejeté leur recours gracieux. Par une ordonnance n° 2200354 du 21 février 2022, le juge des référés du tribunal administratif de Nice a rejeté leur demande. Par un pourvoi sommaire et un mémoire complémentaire, enregistrés les 7 et 14 mars 2022 au secrétariat du contentieux du Conseil d'Etat, M. et Mme B demandent au Conseil d'Etat : 1°) d'annuler cette ordonnance ; 2°) statuant en référé, de suspendre l'exécution des décisions contestées ; 3°) de mettre à la charge de la commune de Cap-d'Ail et de la SCI Eucalyptus la somme de 3 000 euros au titre de l'article L. 761-1 du code de justice administrative.",exces_de_pouvoir,defavorable_requerant,DCE_462100_20220617.xml,DCE,2022-06-17,Décision,Excès de pouvoir,Rejet PAPC,3170
"Par un jugement n° 2107828 du 4 mars 2022, enregistré le 8 mars suivant au secrétariat du contentieux du Conseil d'Etat, le tribunal administratif de Grenoble, avant de statuer sur la demande de M. A B tendant à l'annulation de l'arrêté en date du 14 novembre 2021 par lequel le préfet de la Savoie a prolongé pour une durée de deux ans l'interdiction de retour sur le territoire français prise à son encontre le 2 juin 2021, a, en application des dispositions de l'article L. 113-1 du code de justice administrative, décidé de transmettre le dossier de cette demande au Conseil d'Etat, en soumettant à son examen la question suivante : les recours formés contre les décisions portant prolongation d'une interdiction de retour sur le territoire français prises à l'encontre d'un étranger en application de l'article L. 612-11 du code de l'entrée et du séjour des étrangers et du droit d'asile doivent-ils être présentés, instruits et jugés selon les modalités prévues aux articles L. 614-5 du code de l'entrée et du séjour des étrangers et du droit d'asile et R. 776-13-1 et suivants du code de justice administrative '",autres_recours,autre_issue,DCE_462143_20220609.xml,DCE,2022-06-09,Décision,Autres,Avis article L. 113-1,7407
"1° Sous le numéro 462193, la commune de Bonneuil-sur-Marne, en défense à la demande de la préfète du Val-de-Marne tendant, sur le fondement de l'article L. 554-1 du code de justice administrative, à la suspension de la décision par laquelle le maire de la commune a refusé de soumettre au conseil municipal une délibération relative au temps de travail des agents de la commune, a produit un mémoire, enregistré le 23 février 2022 au greffe du tribunal administratif de Melun, en application de l'article 23-1 de l'ordonnance n° 58-1067 du 7 novembre 1958, par lequel elle soulève la question de la conformité aux droits et libertés garantis par la Constitution de l'article 47 de la loi n° 2019-828 du 6 août 2019. Par une ordonnance n° 2201150 du 3 mars 2022, enregistrée le 9 mars 2022 au secrétariat du contentieux du Conseil d'Etat, le juge des référés du tribunal administratif de Melun a décidé, par application des dispositions de l'article 23-2 de l'ordonnance n° 58-1067 du 7 novembre 1958, de transmettre au Conseil d'Etat cette question prioritaire de constitutionnalité. Par le mémoire transmis et par un nouveau mémoire, enregistré le 30 mars 2022 au secrétariat du contentieux du Conseil d'Etat, la commune de Bonneuil-sur-Marne soutient que l'article 47 de la loi n° 2019-828 du 6 août 2019, applicable au litige, méconnaît le principe de libre administration des collectivités territoriales garanti par l'article 72 de la Constitution et la liberté contractuelle garantie par l'article 4 de la Déclaration des droits de l'homme et du citoyen de 1789. Par un mémoire, enregistré le 14 avril 2022, le ministre de la cohésion des territoires et des relations avec les collectivités territoriales soutient que les conditions posées par l'article 23-4 de l'ordonnance du 7 novembre 1958 ne sont pas remplies et, en particulier, que la question ne présente pas un caractère sérieux. 2° Sous le numéro 462194, la commune de Fontenay-sous-Bois, en défense à la demande de la préfète du Val-de-Marne tendant, sur le fondement de l'article L. 554-1 du code de justice administrative, à la suspension de la décision par laquelle le maire de la commune a refusé de soumettre au conseil",autres_recours,autre_issue,DCE_462193_20220601.xml,DCE,2022-06-01,Décision,Autres,QPC T-Transmission (définitif),13983
"M. B A et le Collectif aletois gestion publique de l'eau actions sur le limouxin et le Saint-Hilarois ont demandé au tribunal administratif de Montpellier d'annuler la délibération du Syndicat intercommunal à vocation unique (SIVU) de la station d'épuration du Limouxin du 22 décembre 2017 fixant le tarif de la surtaxe d'assainissement pour l'année 2018. Par un jugement n° 1800906 du 1er octobre 2019, le tribunal administratif de Montpellier a rejeté cette demande. Par un arrêt n° 19MA05322 du 4 octobre 2021, la cour administrative d'appel de Marseille a rejeté l'appel formé par M. A et le Collectif aletois gestion publique de l'eau actions sur le Limouxin et le Saint-Hilarois contre ce jugement. Par un pourvoi sommaire et un mémoire complémentaire, enregistrés les 10 mars et 20 avril 2022 au secrétariat du contentieux du Conseil d'Etat, le Collectif aletois gestion publique de l'eau actions sur le Limouxin et le Saint-Hilarois demande au Conseil d'Etat : 1°) d'annuler cet arrêt ; 2°) de mettre à la charge du SIVOM des eaux du Limouxin la somme de 3 000 euros au titre des articles L. 761 1 du code de justice administrative et 37 de la loi du 10 juillet 1991.",plein_contentieux,defavorable_requerant,DCE_462238_20220628.xml,DCE,2022-06-28,Décision,Plein contentieux,Rejet PAPC,3499
"Mme C A B a demandé à la Cour nationale du droit d'asile d'annuler la décision du 6 octobre 2021 par laquelle l'Office français de protection des réfugiés et apatrides a rejeté sa demande d'asile. Par une ordonnance n° 21061815 du 21 janvier 2022, la présidente de la Cour nationale du droit d'asile a rejeté sa demande. Par un pourvoi, enregistré le 11 mars 2022 au secrétariat du contentieux du Conseil d'Etat, Mme A B demande au Conseil d'Etat : 1°) d'annuler cette décision ; 2°) réglant l'affaire au fond, de lui reconnaitre la qualité de réfugié ou à défaut lui accorder le bénéfice de la protection subsidiaire ; 3°) de mettre à la charge de l'Office français de protection des réfugiés et apatrides la somme de 3 000 euros au titre de l'article L. 761-1 du code de justice administrative.",plein_contentieux,defavorable_requerant,DCE_462254_20220617.xml,DCE,2022-06-17,Décision,Plein contentieux,Rejet PAPC,2862
"La société SetS Chauffeurs privés a demandé au juge des référés du tribunal administratif de Strasbourg, sur le fondement de l'article L. 551-13 du code de justice administrative, à titre principal, d'annuler, ou à tout le moins de résilier, les marchés subséquents passés par la collectivité européenne d'Alsace pour l'année scolaire 2021/2022 en exécution de l'accord-cadre portant sur le lot n° 11 du marché de services réguliers de transport scolaire pour élèves et étudiants en situation de handicap, à titre subsidiaire, de réduire la durée des marchés en cause et, à titre infiniment subsidiaire, de condamner la collectivité européenne d'Alsace au paiement d'une pénalité financière. Par une ordonnance n° 2200327 du 23 février 2022, le juge des référés du tribunal administratif de Strasbourg a annulé l'accord-cadre relatif à ce lot n°11, cette annulation prenant effet à l'expiration d'un délai de quatre mois à compter de la date de cette ordonnance. Par un pourvoi sommaire et un mémoire complémentaire, enregistrés les 11 et 28 mars 2022 au secrétariat du contentieux du Conseil d'Etat, la collectivité européenne d'Alsace demande au Conseil d'Etat : 1°) d'annuler cette ordonnance ; 2°) statuant en référé, de rejeter la demande présentée par la société SetS Chauffeurs privés ; 3°) de mettre à la charge de la société SetS Chauffeurs privés la somme de 5 000 euros au titre de l'article L. 761-1 du code de justice administrative.",plein_contentieux,favorable_requerant,DCE_462256_20220603.xml,DCE,2022-06-03,Décision,Plein contentieux,Satisfaction totale,10702
"La Commission nationale des comptes de campagne et des financements politiques a saisi le tribunal administratif de Montpellier, sur le fondement de l'article L. 52-15 du code électoral, de sa décision du 9 décembre 2021 par laquelle elle a constaté l'absence de dépôt du compte de campagne du binôme composé de Mme B A et M. C D, candidats dans le canton de Narbonne 3 pour les élections départementales qui se sont déroulées les 20 et 27 juin 2021. Par un jugement n° 2106595 du 8 février 2022, le tribunal administratif de Montpellier a déclaré Mme A et M. D inéligibles pour une durée de 18 mois. Par une requête, enregistrée le 11 mars 2022 au secrétariat du contentieux du Conseil d'Etat, M. D et Mme A demandent au Conseil d'Etat d'annuler ce jugement. Ils soutiennent qu'ils ont été dans l'impossibilité d'ouvrir un compte bancaire retraçant leur compte de campagne dans les délais utiles malgré la demande faite auprès de la Banque de France qui n'a désigné un établissement pour le faire qu'après le 1er tour des élections, le 20 juin 2021. Par un mémoire en défense, enregistré le 9 mai 2022, la Commission nationale des comptes de campagne et des financements politiques conclut au rejet de l'appel. Elle soutient que les moyens ne sont pas fondés.",plein_contentieux,defavorable_requerant,DCE_462258_20220627.xml,DCE,2022-06-27,Décision,Plein contentieux,Rejet,6790
"M. D C et Mme A B ont demandé au juge des référés du tribunal administratif de Nantes d'ordonner, sur le fondement des dispositions de l'article L. 521-1 du code de justice administrative, la suspension de l'exécution de la décision du 3 janvier 2022 par laquelle, l'autorité consulaire française à Téhéran (Iran) a implicitement refusé de délivrer un visa de long séjour à Mme B au titre de la réunification familiale, et d'enjoindre au ministre de l'intérieur, à titre principal, de délivrer le visa sollicité dans l'attente de la décision de la commission de recours, dans un délai de sept jours à compter de la notification de l'ordonnance, sous astreinte de 200 euros par jour de retard ou, à titre subsidiaire, de procéder à un nouvel examen de la demande de Mme B. Par une ordonnance n° 2200811 du 11 février 2022, le juge des référés du tribunal administratif de Nantes a rejeté leur demande. Par un pourvoi sommaire et un mémoire complémentaire, enregistrés les 15 et 30 mars 2022 au secrétariat du contentieux du Conseil d'Etat, M. C et Mme B demandent au Conseil d'Etat : 1°) d'annuler cette ordonnance ; 2°) statuant en référé, de faire droit à leur demande ; 3°) de mettre à la charge de l'Etat la somme de 3 000 euros à verser à la SCP Bauer-Violas, Feschotte-Desbois, Sebagh, leur avocat, au titre des articles L. 761-1 du code de justice administrative et 37 de la loi du 10 juillet 1991.",exces_de_pouvoir,defavorable_requerant,DCE_462341_20220622.xml,DCE,2022-06-22,Décision,Excès de pouvoir,Rejet,8733
"Par une requête enregistrée le 17 mars 2022 au secrétariat du contentieux du Conseil d'Etat, la société Igdal demande au Conseil d'Etat : 1°) d'annuler, pour excès de pouvoir, la décision implicite du 17 mars 2022 par laquelle le ministre de l'économie, des finances et de la relance a rejeté sa demande tendant à l'abrogation du paragraphe n° 90 des commentaires administratifs publiés le 16 juin 2021 au bulletin officiel des finances publiques (BOFiP) - impôts sous la référence BOI-CF-INF-20-20, et d'enjoindre au ministre d'y procéder ; 2°) à titre subsidiaire, de surseoir à statuer et de transmettre à la Cour européenne des droits de l'homme une demande d'avis portant sur la compatibilité des dispositions du 4 de l'article 1788 A du code général des impôts avec les stipulations de la convention européenne de sauvegarde des droits de l'homme et des libertés fondamentales ; 3°) à titre subsidiaire, de surseoir à statuer et de transmettre à la Cour de justice de l'Union européenne une question préjudicielle relative à la compatibilité de ces mêmes dispositions avec les stipulations de la Charte de droits fondamentaux de l'Union européenne ; 4°) de mettre à la charge de l'Etat la somme de 5 000 euros au titre de l'article L. 761-1 du code de justice administrative.",exces_de_pouvoir,autre_issue,DCE_462398_20220614.xml,DCE,2022-06-14,Décision,Excès de pouvoir,QPC M-Transmission avec sursis (ADD),5858
"M. A B a demandé au juge des référés du tribunal administratif de Strasbourg, sur le fondement des dispositions de l'article L. 521-1 du code de justice administrative, d'ordonner la suspension de l'exécution de l'arrêté du maire de Hayange du 6 janvier 2022 lui infligeant une sanction d'exclusion temporaire de fonctions d'une durée de douze mois. Par une ordonnance n° 2200533 du 2 mars 2022, le juge des référés du tribunal administratif de Strasbourg a fait droit à cette demande. Par un pourvoi sommaire et un mémoire complémentaire, enregistrés le 17 mars 2022 et le 31 mars 2022 au secrétariat du contentieux du Conseil d'Etat, la commune de Hayange demande au Conseil d'Etat : 1°) d'annuler cette ordonnance ; 2°) réglant l'affaire au titre de la procédure de référé, de rejeter la requête de M. B ; 3°) de mettre à la charge de M. B la somme de 4 000 euros au titre de l'article L. 761-1 du code de justice administrative.",exces_de_pouvoir,defavorable_requerant,DCE_462414_20220621.xml,DCE,2022-06-21,Décision,Excès de pouvoir,Rejet PAPC,3712
"L'association Environnement 93, le Mouvement national de lutte pour l'environnement - 93 et Nord Est parisien, M. A F, M. B E et Mme D C ont demandé au juge des référés de la cour administrative d'appel de Paris, statuant sur le fondement de l'article L. 521-1 du code de justice administrative, de suspendre l'exécution de la décision de la commune d'Aubervilliers de ne pas interrompre et de poursuivre l'exécution des travaux de construction du centre nautique d'Aubervilliers à la suite de l'arrêt n° 21PA02476 de la cour administrative d'appel de Paris du 10 février 2022. Par une ordonnance n° 22PA00845 du 9 mars 2022, le juge des référés de la cour administrative d'appel de Paris, faisant droit à cette demande, a suspendu l'exécution de cette décision en tant qu'elle concerne les travaux mentionnés au point 20 de cette ordonnance et a enjoint au maire d'Aubervilliers de prendre toutes mesures utiles afin que ces travaux cessent sans délai. Par un pourvoi sommaire et un mémoire complémentaire, enregistrés les 18 mars et 1er avril 2022 au secrétariat du contentieux du Conseil d'Etat, la commune d'Aubervilliers demande au Conseil d'Etat : 1°) d'annuler cette ordonnance ; 2°) statuant en référé, de rejeter la demande présentée en première instance ; 3°) de mettre à la charge de chacun des défendeurs une somme de 3 000 euros au titre de l'article L. 761-1 du code de justice administrative.",plein_contentieux,defavorable_requerant,DCE_462448_20220610.xml,DCE,2022-06-10,Décision,Plein contentieux,Rejet PAPC,7405
"Mme B D a demandé au juge des référés du tribunal administratif de Nice, statuant sur le fondement de l'article L. 521-1 du code de justice administrative, d'ordonner la suspension de l'arrêté du 30 novembre 2021 du recteur de l'académie de Nice portant radiation des cadres en vue de son admission à faire valoir ses droits à une pension de retraite pour invalidité et d'enjoindre au recteur de l'académie de Nice de régulariser sa situation administrative et le versement de sa rémunération à compter du 1er décembre 2021. Par une ordonnance n° 2200774 du 7 mars 2022, le juge des référés du tribunal administratif de Nice a rejeté cette demande. Par un pourvoi sommaire, un mémoire complémentaire et un nouveau mémoire enregistrés les 21 mars, 1er et 15 avril 2022 au secrétariat du contentieux du Conseil d'Etat, Mme D demande au Conseil d'Etat : 1°) d'annuler cette ordonnance ; 2°) statuant en référé, de faire droit à sa demande ; 3°) de mettre à la charge de l'Etat la somme de 3 500 euros au titre de l'article L. 761-1 du code de justice administrative",exces_de_pouvoir,defavorable_requerant,DCE_462471_20220603.xml,DCE,2022-06-03,Décision,Excès de pouvoir,Rejet PAPC,2303
"La société RBF a demandé au juge des référés du tribunal administratif de Bordeaux, sur le fondement de l'article L. 521-1 du code de justice administrative, d'ordonner la suspension de l'exécution de la décision du 11 août 2021 par laquelle l'Institut national de l'origine et de la qualité (INAO) lui a réclamé des pièces complémentaires et l'a invitée à présenter ses observations sur la recevabilité de son dossier de candidature au classement du Château Pierre 1er en grand cru classé de l'appellation d'origine contrôlée (AOC) Saint-Emilion grand cru, de la décision du 30 septembre 2021 de l'INAO déclarant sa demande irrecevable ainsi que de la décision du 17 décembre 2021 rejetant son recours gracieux contre cette dernière décision. Par une ordonnance du 4 mars 2022, le juge des référés du tribunal administratif de Bordeaux a rejeté sa demande. Par un pourvoi sommaire et un mémoire complémentaire, enregistrés le 21 mars 2022 et le 5 avril 2022 au secrétariat du contentieux du Conseil d'Etat, la société RBF demande au Conseil d'Etat : 1°) d'annuler cette ordonnance ; 2°) statuant en référé, de faire droit à sa requête ; 3°) de mettre à la charge de l'INAO la somme de 6 000 euros au titre de l'article L. 761-1 du code de justice administrative.",exces_de_pouvoir,defavorable_requerant,DCE_462500_20220621.xml,DCE,2022-06-21,Décision,Excès de pouvoir,Rejet PAPC,4687
"Mme A B a demandé au juge des référés du tribunal administratif de Caen, d'une part, d'ordonner, sur le fondement de l'article L. 521-1 du code de justice administrative, la suspension de l'exécution de la décision du 28 octobre 2021 par laquelle le garde des sceaux, ministre de la justice, a estimé qu'elle ne remplissait pas les conditions pour être nommée greffière stagiaire des services judiciaires à l'issue de l'examen professionnalisé réservé dont les résultats ont été proclamés le 28 septembre 2021, ainsi que la décision du 24 décembre 2021 rejetant son recours gracieux et, d'autre part, d'enjoindre au garde des sceaux, ministre de la justice, de la rétablir dans la liste des personnes admises à l'examen professionnel et de l'admettre provisoirement à l'Ecole nationale des greffes. Par une ordonnance n° 2200362 du 4 mars 2022, le juge des référés du tribunal administratif de Caen a suspendu l'exécution des décisions des 28 octobre et 24 décembre 2021 et enjoint au garde des sceaux, ministre de la justice, de prononcer dans un délai de dix jours la nomination provisoire de Mme B en qualité de greffière stagiaire des services judiciaires, jusqu'au jugement du recours en annulation n° 2200346 contre ces décisions, et de prendre les mesures qu'implique cette nomination. Par un pourvoi, enregistré le 21 mars 2022 au secrétariat du contentieux du Conseil d'Etat, le garde des sceaux, ministre de la justice demande au Conseil d'Etat : 1°) d'annuler cette ordonnance ; 2°) statuant en référé, de rejeter la demande de suspension présentée par Mme B.",exces_de_pouvoir,defavorable_requerant,DCE_462541_20220610.xml,DCE,2022-06-10,Décision,Excès de pouvoir,Rejet PAPC,4575
"Mme A B a demandé au juge des référés du tribunal administratif de Caen, d'une part, d'ordonner, sur le fondement de l'article L. 521-1 du code de justice administrative, la suspension de l'exécution de la décision du 28 octobre 2021 par laquelle le garde des sceaux, ministre de la justice, a estimé qu'elle ne remplissait pas les conditions pour être nommée greffière stagiaire des services judiciaires à l'issue de l'examen professionnalisé réservé dont les résultats ont été proclamés le 28 septembre 2021, ainsi que la décision du 24 décembre 2021 rejetant son recours gracieux et, d'autre part, d'enjoindre au garde des sceaux, ministre de la justice, de la rétablir dans la liste des personnes admises à l'examen professionnel et de l'admettre provisoirement à l'Ecole nationale des greffes. Par une ordonnance n° 2200363 du 4 mars 2022, le juge des référés du tribunal administratif de Caen a suspendu l'exécution de ces décisions et enjoint au garde des sceaux, ministre de la justice, de prononcer dans un délai de dix jours la nomination provisoire de Mme B en qualité de greffière stagiaire des services judiciaires jusqu'au jugement du recours en annulation n° 2200345 contre ces décisions, et de prendre les mesures qu'implique cette nomination. Par un pourvoi, enregistré le 21 mars 2022 au secrétariat du contentieux du Conseil d'Etat, le garde des sceaux, ministre de la justice demande au Conseil d'Etat : 1°) d'annuler cette ordonnance ; 2°) statuant en référé, de rejeter la demande de suspension présentée par Mme B.",exces_de_pouvoir,defavorable_requerant,DCE_462544_20220610.xml,DCE,2022-06-10,Décision,Excès de pouvoir,Rejet PAPC,4542
"L'association Comité fondateur du parc des expositions de Lyon (COFIL) a demandé au tribunal administratif de Lyon de prononcer la réduction des cotisations de taxes foncières mises à sa charge pour 2017 et 2018 et la restitution des sommes de 43 572 euros pour 2017 et 109 483 euros pour 2018. Par un jugement n° 2008614 du 3 février 2022 le tribunal administratif de Lyon a fait droit à ces demandes. Par un pourvoi enregistré le 23 mars 2022 au secrétariat du contentieux du Conseil d'Etat, le ministre de l'économie, des finances et de la relance demande au Conseil d'Etat d'annuler ce jugement.",plein_contentieux,defavorable_requerant,DCE_462595_20220623.xml,DCE,2022-06-23,Décision,Plein contentieux,Rejet PAPC,2682
"Mme B A a demandé au juge des référés du tribunal administratif de Nice, sur le fondement de l'article L. 521-3 du code de justice administrative, d'une part, que soit ordonné, à titre conservatoire, son placement en disponibilité pour convenances personnelles à la date du 26 avril 2021 pour une durée de trois ans et, d'autre part, qu'il soit enjoint au Syndicat mixte d'ingénierie pour les collectivités et territoires innovants des Alpes et de la Méditerranée (S.I.C.T.I.A.M.) de régulariser sa situation en la plaçant, à la date de sa réintégration, le 26 avril 2021, en disponibilité pour convenances personnelles, sous astreinte de 1 000 euros par jour de retard à compter du 6 octobre 2021. Par une ordonnance n° 2105001 du 16 février 2022, le juge des référés du tribunal administratif de Nice a rejeté sa demande. Par un pourvoi sommaire et deux mémoires complémentaires, enregistrés les 23 mars, 6 avril et 6 mai 2022 au secrétariat du contentieux du Conseil d'Etat, Mme A demande au Conseil d'Etat : 1°) d'annuler cette ordonnance ; 2°) statuant au titre de la procédure de référé, de faire droit à sa demande ; 3°) de mettre à la charge du SICTIAM la somme de 3 500 euros au titre de l'article L. 761-1 du code de justice administrative.",exces_de_pouvoir,defavorable_requerant,DCE_462596_20220621.xml,DCE,2022-06-21,Décision,Excès de pouvoir,Rejet PAPC,3642
"M. I A F et Mme K F, agissant en leurs noms propres et en qualité de représentants légaux de leurs enfants mineurs A D, A E et C F, et M. A J F ont demandé au juge des référés du tribunal administratif de Nantes, sur le fondement des dispositions de l'article L. 521-1 du code de justice administrative, en premier lieu, d'ordonner la suspension de l'exécution de la décision du 4 février 2022, par laquelle la commission des recours contre les décisions de refus de visa d'entrée en France a rejeté leur recours contre la décision du 10 décembre 2021 par laquelle l'autorité consulaire française à Istanbul (Turquie) a refusé de leur délivrer des visas, en deuxième lieu, d'enjoindre aux services compétents de l'Etat de leur délivrer des visas afin de pouvoir entrer en France, et ce, dans un délai de quinze jours suivant la notification de la décision du tribunal, sous astreinte de 500 euros par jour de retard, en troisième lieu, d'admettre M. F au bénéfice de l'aide juridictionnelle à titre provisoire. Par une ordonnance n° 2202172 du 10 mars 2022, le juge des référés du tribunal administratif de Nantes a rejeté leur demande. Par un pourvoi, enregistré le 24 mars 2022 au secrétariat du contentieux du Conseil d'Etat, M. et Mme F, agissant en leurs noms propres et qualité de représentants légaux de leurs enfants mineurs B, A D, A E et C F, et M. A J F demandent au Conseil d'Etat : 1°) d'annuler cette ordonnance ; 2°) statuant en référé, de faire droit à leur demande ; 3°) de mettre à la charge de l'Etat la somme de 3 000 euros, à verser à la SCP Rocheteau, Uzan-Sarano et Goulet, leur avocat, au titre des articles L. 761-1 du code de justice administrative et 37 de la loi du 10 juillet 1991.",exces_de_pouvoir,non_lieu,DCE_462628_20220622.xml,DCE,2022-06-22,Décision,Excès de pouvoir,Non-lieu,6556
"La société SNCF Réseau a demandé au juge des référés au tribunal administratif de Paris, sur le fondement de l'article L. 521-3 du code de justice administrative, d'enjoindre à la société anonyme (SA) Groupe TSF de libérer sans délai l'emplacement, d'une superficie totale de 18 837 m², qu'elle occupe au 23-33 avenue de la porte d'Aubervilliers, à Paris (75018), de restituer les lieux en bon état et d'évacuer tous les matériels, mobiliers et marchandises entreposés, et ce sous astreinte de 500 euros par jour de retard à compter de l'ordonnance à intervenir ou, à défaut, de l'autoriser à faire procéder à son expulsion ainsi qu'à celle de tous occupants de son chef, aux frais, risques et périls des intéressés, en recourant à l'intervention d'un huissier et de toute personne dont l'assistance serait utile, au besoin avec le concours de la force publique. Par une ordonnance n° 2104296 du 8 avril 2021, le juge des référés du tribunal administratif de Paris a enjoint à la société TSF de libérer sans délai le terrain en cause, de restituer les lieux en bon état et d'évacuer tous les matériels, mobiliers et marchandises entreposés, et a autorisé la société SNCF Réseau, à défaut d'exécution immédiate, à faire évacuer, avec le concours de la force publique, l'emplacement irrégulièrement occupé aux frais et risques de l'occupante. Par une décision n° 451969 du 11 février 2022, le Conseil d'Etat, statuant au contentieux, saisi d'un pourvoi présenté par la société Groupe TSF, a annulé cette ordonnance et a renvoyé l'affaire devant le juge des référés du même tribunal. Par une ordonnance n° 2104296 du 10 mars 2022, le juge des référés du tribunal administratif de Paris a enjoint à la société TSF de libérer sans délai l'emplacement en cause et de restituer les lieux en bon état et d'évacuer tous les matériels, mobiliers et marchandises entreposés, et a autorisé la société SNCF Réseau, à défaut d'exécution immédiate, à faire évacuer, le cas échéant avec le concours de la force publique, l'emplacement irrégulièrement occupé aux frais et risques de l'occupante. Par un pourvoi sommaire et un mémoire complémentaire, enregistrés les 25 mars et 11 avril 2022 au secrétariat du",exces_de_pouvoir,defavorable_requerant,DCE_462677_20220630.xml,DCE,2022-06-30,Décision,Excès de pouvoir,Rejet PAPC,4282
"Le conseil départemental de la Ville de Paris de l'ordre des médecins a porté plainte contre M. A B devant la chambre disciplinaire de première instance d'Ile-de-France de l'ordre des médecins. Par une décision du 5 juin 2019, la chambre disciplinaire de première instance a infligé à M. B la sanction de l'interdiction d'exercer la médecine pendant une durée de douze mois dont huit mois assortis du sursis. Par une décision du 9 février 2022, la chambre disciplinaire nationale de l'ordre des médecins a rejeté l'appel de M. B contre cette décision et ordonné que la sanction soit exécutée du 1er juillet 2022 à 0 heure au 31 octobre 2022 à minuit. 1° Sous le n° 462791, par un pourvoi, enregistré le 31 mars 2022 au secrétariat du contentieux du Conseil d'Etat, M. B demande au Conseil d'Etat : 1°) d'annuler cette décision ; 2°) de mettre à la charge du conseil départemental de la Ville de Paris de l'ordre des médecins la somme de 4 500 euros au titre de l'article L. 761-1 du code de justice administrative. 2° Sous le n° 462792, par une requête et un mémoire en réplique, enregistrés les 31 mars et 4 mai 2022 au secrétariat du contentieux du Conseil d'Etat, M. B demande au Conseil d'Etat : 1°) d'ordonner qu'il soit sursis à l'exécution de la décision de la chambre disciplinaire nationale de l'ordre des médecins ; 2°) de mettre à la charge du conseil départemental de la Ville de Paris de l'ordre des médecins la somme de 2 000 euros au titre de l'article L. 761-1 du code de justice administrative.",plein_contentieux,defavorable_requerant,DCE_462791_20220627.xml,DCE,2022-06-27,Décision,Plein contentieux,Rejet PAPC,5853
"M. B A a demandé au juge des référés du tribunal administratif de Bordeaux, sur le fondement des dispositions de l'article L. 521-1 du code de justice administrative, d'une part, de suspendre l'exécution de l'arrêté du 7 janvier 2022 par lequel la présidente du conseil départemental de Lot-et-Garonne l'a radié des cadres pour abandon de poste et, d'autre part, d'enjoindre au département de le réintégrer. Par une ordonnance n° 2201110 du 18 mars 2022, le juge des référés du tribunal administratif de Bordeaux a suspendu l'exécution de l'arrêté du 7 janvier 2022 et a enjoint au département de réintégrer provisoirement M. A jusqu'à ce qu'il soit statué sur sa demande tendant à l'annulation de cette décision. Par un pourvoi sommaire et un mémoire complémentaire, enregistrés les 4 avril et 19 avril 2022 au secrétariat du contentieux du Conseil d'Etat, le département de Lot-et-Garonne demande au Conseil d'Etat : 1°) d'annuler cette ordonnance ; 2°) statuant en référé, de rejeter la demande de M. A.",exces_de_pouvoir,defavorable_requerant,DCE_462886_20220616.xml,DCE,2022-06-16,Décision,Excès de pouvoir,Rejet PAPC,3723
"M. A B a demandé au juge des référés du tribunal administratif de Toulon, sur le fondement des dispositions de l'article L. 521-1 du code de justice administrative, d'une part, de suspendre l'exécution des arrêtés des 29 juin 2021 et 4 janvier 2022 du président de la métropole Toulon-Provence-Méditerranée le plaçant puis le prolongeant en disponibilité d'office à demi-traitement et, d'autre part, d'enjoindre à la métropole de le replacer en position de congé d'invalidité temporaire imputable au service. Par une ordonnance n° 2200507 du 17 mars 2022, le juge des référés du tribunal administratif de Toulon a, en premier lieu, suspendu l'exécution de l'arrêté du 4 janvier 2022, en deuxième lieu, enjoint à la métropole de réexaminer la situation de M. B et, en dernier lieu, rejeté le surplus des conclusions de sa demande. Par un pourvoi sommaire et un mémoire complémentaire, enregistrés les 4 avril et 19 avril 2022 au secrétariat du contentieux du Conseil d'Etat, la métropole Toulon-Provence-Méditerranée demande au Conseil d'Etat : 1°) d'annuler cette ordonnance en tant qu'elle a fait droit à la demande ; 2°) statuant en référé, de rejeter la demande de M. B.",exces_de_pouvoir,defavorable_requerant,DCE_462889_20220616.xml,DCE,2022-06-16,Décision,Excès de pouvoir,Rejet PAPC,3971
"M. A B a demandé au juge des référés du tribunal administratif de Toulouse, sur le fondement de l'article L. 521-1 du code de justice administrative, d'une part, de suspendre l'exécution de la décision du 4 janvier 2022 par laquelle le maire de Viviers-lès-Montagnes (Tarn) a refusé de lui accorder la protection fonctionnelle jusqu'à ce qu'il soit statué au fond sur la légalité de cette décision et, d'autre part, d'enjoindre au maire de Viviers-lès-Montagnes de lui accorder la protection fonctionnelle demandée. Par une ordonnance n°2201271 du 21 mars 2022, le juge des référés du tribunal administratif de Toulouse a rejeté sa demande. Par un pourvoi sommaire et un mémoire complémentaire, enregistrés les 5 et 19 avril 2022 au secrétariat du contentieux du Conseil d'Etat, M. B demande au Conseil d'Etat : 1°) d'annuler cette ordonnance ; 2°) statuant en référé, de faire droit à ses conclusions de première instance ; 3°) de mettre à la charge de la commune de Viviers-lès-Montagnes la somme de 3 500 euros au titre de l'article L. 761-1 du code de justice administrative.",exces_de_pouvoir,defavorable_requerant,DCE_462932_20220616.xml,DCE,2022-06-16,Décision,Excès de pouvoir,Rejet PAPC,3118
"Le conseil départemental de la Ville de Paris de l'ordre des médecins a porté plainte contre M. A B devant de la chambre disciplinaire de première instance d'Ile-de-France de l'ordre des médecins. Par une décision du 29 novembre 2018, la chambre disciplinaire de première instance a infligé à M. B la sanction de l'interdiction d'exercer la médecine pendant une durée d'un mois. Par une décision du 9 février 2022, la chambre disciplinaire nationale de l'ordre des médecins a, sur appel de M. B, annulé cette décision, infligé à M. B la sanction de l'interdiction d'exercer la médecine pendant une durée d'un mois et ordonné que la la sanction soit exécutée du 1er au 30 juin 2022. Par une requête et un mémoire complémentaire, enregistrés les 5 avril et 2 mai 2022 au secrétariat du contentieux du Conseil d'Etat, M. B demande au Conseil d'Etat d'ordonner qu'il soit sursis à l'exécution de cette décision contre laquelle il s'est pourvu en cassation sous le n° 461995.",autres_recours,autre_issue,DCE_462939_20220627.xml,DCE,2022-06-27,Décision,Autres,Sursis à exécution accordé,4001
"1° Sous le n° 462983 : M. B A a demandé au tribunal administratif de Caen de prononcer la décharge de la cotisation de taxe foncière sur les propriétés bâties à laquelle il a été assujetti au titre de l'année 2019 dans les rôles de la commune de Deauville (Calvados) à raison d'un immeuble situé 7, rue Auguste Decaëns. Par une ordonnance n° 2101310 du 16 mars 2022, le président de ce tribunal a rejeté cette demande. Par un pourvoi, enregistré le 7 avril 2022 au secrétariat du contentieux du Conseil d'Etat, M. A demande au Conseil d'Etat : 1°) d'annuler cette ordonnance ; 2°) réglant l'affaire au fond, de faire droit à sa demande ; 3°) de condamner l'Etat à lui verser la somme de 2 500 euros au titre de l'article L. 761-1 du code de justice administrative. 2° Sous le n° 462984 : M. A a demandé au tribunal administratif de Caen de prononcer la décharge de la cotisation de taxe foncière sur les propriétés bâties à laquelle il a été assujetti au titre de l'année 2019 dans les rôles de la commune de Deauville (Calvados) à raison d'un immeuble situé 9, rue Auguste Decaëns. Par une ordonnance n° 2101311 du 16 mars 2022, le président de ce tribunal a rejeté cette demande. Par un pourvoi, enregistré le 7 avril 2022 au secrétariat du contentieux du Conseil d'Etat, M. A demande au Conseil d'Etat : 1°) d'annuler cette ordonnance ; 2°) réglant l'affaire au fond, de faire droit à sa demande ; 3°) de condamner l'Etat à lui verser la somme de 2 500 euros au titre de l'article L. 761-1 du code de justice administrative. Vu les autres pièces des dossiers ;",plein_contentieux,defavorable_requerant,DCE_462983_20220624.xml,DCE,2022-06-24,Décision,Plein contentieux,Rejet PAPC,5497
"L'indivision C a demandé au tribunal administratif de Nancy de prononcer la décharge des cotisations de taxe foncière sur les propriétés bâties auxquelles elle a été assujettie au titre des années 2017 à 2019 dans les rôles de la commune de Toul (Meurthe-et-Moselle). Par un jugement n° 2002020 du 25 novembre 2021, le tribunal administratif de Nancy, après avoir constaté qu'il n'y avait plus lieu à statuer à concurrence des dégrèvements accordés en cours d'instance, a rejeté le surplus des conclusions de sa demande. Par un pourvoi, enregistré le 13 avril 2022 au secrétariat du contentieux du Conseil d'Etat, M. A C et Mme B C demandent au Conseil d'Etat : 1°) d'annuler ce jugement ; 2°) réglant l'affaire au fond, de faire droit à sa demande ; 3°) de mettre à la charge de l'Etat la somme de 2 500 euros au titre des articles L. 761-1 du code de justice administrative et 37 de la loi du 10 juillet 1991.",plein_contentieux,defavorable_requerant,DCE_463164_20220623.xml,DCE,2022-06-23,Décision,Plein contentieux,Rejet PAPC,2946
"La société Vinci Construction Terrassement a demandé au juge des référés du tribunal administratif de Bastia, sur le fondement des dispositions de l'article R. 541-1 du code de justice administrative, de condamner la collectivité de Corse à lui verser une provision de 495 806,74 euros toutes taxes comprises, assortie des intérêts moratoires à compter du 26 juillet 2021. Par une ordonnance n° 2100891 du 21 décembre 2021, le juge des référés du tribunal administratif de Bastia a condamné la collectivité de Corse à verser à la société Vinci Construction Terrassement une provision de 495 806,74 euros TTC assortie des intérêts moratoires à compter du 27 juillet 2021. Par une ordonnance n° 22MA00019 du 31 mars 2022, le juge des référés de la cour administrative d'appel de Marseille a rejeté l'appel formé par la collectivité de Corse contre cette ordonnance. Par un pourvoi sommaire et un mémoire complémentaire, enregistrés les 15 avril et 2 mai 2022 au secrétariat du contentieux du Conseil d'Etat, la collectivité de Corse demande au Conseil d'Etat : 1°) d'annuler cette ordonnance ; 2°) statuant en référé, de faire droit à son appel ; 3°) de mettre à la charge de la société Vinci Construction Terrassement la somme de 4 000 euros au titre de l'article L. 761-1 du code de justice administrative.",plein_contentieux,defavorable_requerant,DCE_463229_20220622.xml,DCE,2022-06-22,Décision,Plein contentieux,Rejet PAPC,3310
"La société civile immobilière (SCI) Les marchés méditerranéens a demandé au juge des référés du tribunal administratif de Marseille, statuant sur le fondement de l'article L. 521-2 du code de justice administrative, d'enjoindre à l'EPA Euroméditerranée d'interrompre immédiatement tous travaux sur les parcelles cadastrées section 901 A n° 95 et 98, situées 130 chemin de la Madrague-Ville, jusqu'à ce que le juge de l'expropriation se soit prononcé, sous astreinte de 50 000 euros par jour de retard. Par une ordonnance n° 2202529 du 29 mars 2022, le juge des référés du tribunal administratif de Marseille a, d'une part, enjoint à l'EPA Euroméditerranée d'interrompre sans délai les travaux de démolition engagés sur ces parcelles jusqu'à ce que le juge de l'expropriation se soit prononcé ou, si elle est plus précoce, jusqu'à l'intervention d'un nouvel arrêté de cessibilité portant sur les parcelles en causes et, d'autre part, rejeté le surplus des conclusions de la requête. Par une requête et un mémoire, enregistrés les 19 avril et 6 mai 2022 au secrétariat du contentieux du Conseil d'Etat, l'EPA Euroméditerranée demande au juge des référés du Conseil d'Etat, statuant sur le fondement de l'article L. 521-2 du code de justice administrative : 1°) d'annuler l'ordonnance attaquée ; 2°) à défaut, de surseoir à statuer tant que le Conseil d'Etat n'aura pas statué sur sa demande tendant au sursis à exécution (sous le n° 462773) puis à l'annulation (sous le n 462681) de l'arrêt de la cour administrative d'appel de Marseille du 22 février ayant annulé l'arrêté de cessibilité des parcelles en cause ; 3°) de mettre à la charge de la SCI Les marchés méditerranéens la somme de 5 000 euros au titre de l'article L. 761-1 du code de justice administrative. Il soutient que : - la condition d'urgence n'est pas satisfaite dès lors que, d'une part, les immeubles ne pouvaient matériellement pas être restitués, dans la mesure où la société avait engagé un processus de déconstruction et de démantèlement du site et que les parcelles litigieuses étaient inutilisables depuis le mois de septembre 2019 et, d'autre part, le premier juge n'a pas tenu compte de l'intérêt public tenant à la",exces_de_pouvoir,partiellement_favorable,DCE_463341_20220617.xml,DCE,2022-06-17,Décision,Excès de pouvoir,Satisfaction partielle,15674
"Par une requête et un mémoire en réplique, enregistrés les 5 et 30 mai 2022 au secrétariat du contentieux du Conseil d'Etat, la Chambre syndicale du reraffinage et la société Compagnie française Eco-huile demandent au juge des référés du Conseil d'Etat, statuant sur le fondement de l'article L. 521-1 du code de justice administrative, de suspendre l'exécution de l'arrêté du 24 février 2022 portant agrément d'un éco-organisme de la filière à responsabilité élargie du producteur (REP) des huiles minérales ou synthétiques, lubrifiantes ou industrielles. Elles soutiennent que : - le Conseil d'Etat est compétent en premier et dernier ressort pour connaître de leur requête ; - la condition d'urgence est satisfaite dès lors que l'arrêté portant agrément de la société Cyclevia en tant qu'éco-organisme jusqu'au 31 décembre 2027 emporte approbation des conventions-types adressées par cette société aux opérateurs de collecte et de regroupement d'huiles usagées ce qui a pour effet d'exclure certains opérateurs du marché ou de les obliger à renoncer à une partie de leur activité et, par suite, porte une atteinte grave à la concurrence ; - il existe un doute sérieux quant à la légalité de la décision contestée ; - l'arrêté contesté méconnaît les règles de compétence et les conditions de délivrance des agréments définies aux articles L. 541-10, R. 541-86 et R. 541-87 du code de l'environnement dès lors qu'il accorde un agrément à la société Cyclévia en qualité d'éco-organisme de la filière de REP sur la base d'un dossier incomplet, notamment s'agissant de la capacité de cette société à répondre aux objectifs et exigences du cahier des charges des éco-organismes de la filière à responsabilité élargie du producteur des huiles minérales ou synthétiques, lubrifiantes ou industrielles, annexé à l'arrêté du 27 octobre 2021 ; - il méconnaît les dispositions de l'article D. 541-6-1 du code de l'environnement dès lors qu'il a été pris après un avis de la commission inter-filière de responsabilité élargie des producteurs du 15 février 2022 qui ne mentionne pas l'identité des membres de cette instance et celle des représentants des administrations ayant pris part au vote ; - il",exces_de_pouvoir,defavorable_requerant,DCE_463769_20220609.xml,DCE,2022-06-09,Décision,Excès de pouvoir,Rejet - incompétence,9817
"M. B A a demandé à la Cour nationale du droit d'asile d'annuler la décision du 30 mars 2021 par laquelle l'Office français de protection des réfugiés et apatrides a rejeté pour irrecevabilité sa demande de réexamen de sa demande d'asile. Par une ordonnance n° 21029463 du 15 décembre 2021, la Cour nationale du droit d'asile a rejeté sa demande. Par un pourvoi enregistré le 10 mai 2022 au secrétariat du contentieux du Conseil d'Etat, M. A demande au Conseil d'Etat d'annuler l'ordonnance attaquée.",plein_contentieux,defavorable_requerant,DCE_463869_20220617.xml,DCE,2022-06-17,Décision,Plein contentieux,Rejet PAPC,3113
"Par une requête enregistrée le 16 mai 2022 au secrétariat du contentieux du Conseil d'Etat, l'association Oiseaux-Nature demande au juge des référés du Conseil d'Etat, statuant sur le fondement de l'article L. 521-1 du code de justice administrative : 1°) de suspendre l'exécution de l'arrêté du 16 février 2022 de la ministre de la transition écologique modifiant l'arrêté du 3 juillet 2019 pris pour l'application de l'article R. 427-6 du code de l'environnement et fixant la liste, les périodes et les modalités de destruction des espèces susceptibles d'occasionner des dégâts, en ce qu'il classe le renard roux sur la liste des espèces susceptibles d'occasionner des dégâts dans le département des Vosges ; 2°) de mettre à la charge de l'Etat la somme de 1 000 euros au titre de l'article L. 761-1 du code de justice administrative. Elle soutient que : - la condition d'urgence est satisfaite eu égard, d'une part, à l'atteinte grave et immédiate aux intérêts qu'elle défend, s'agissant de la protection du renard mais aussi des autres animaux qui sont blessés et tués par erreur du fait de la non sélectivité des pièges, et, d'autre part, à l'intérêt public qui s'attache au maintien du renard dans le département pour sa contribution à la lutte contre la prolifération des rongeurs, au bénéfice de la prévention de la maladie de Lyme et de la préservation des récoltes, ainsi qu'à la protection de la biodiversité dans un contexte de vulnérabilité renforcée des espèces à l'égard du piégeage, alors que la saison des naissances s'est achevée il y a quelques semaines ; - il existe un doute sérieux quant à la légalité des dispositions contestées ; - le classement contesté est entaché d'une erreur manifeste d'appréciation eu égard, en premier lieu, aux incertitudes sur la réalité des dégâts provoqués par le renard dans les Vosges, en deuxième lieu, à la possibilité pour les éleveurs de se protéger efficacement et, en dernier lieu, à la contribution du renard à la lutte contre la prolifération de la maladie de Lyme et à l'écosystème forestier ; - il est disproportionné eu égard, en premier lieu, à l'existence d'autres moyens de défense contre le renard, en deuxième lieu, à la portée",exces_de_pouvoir,defavorable_requerant,DCE_464088_20220607.xml,DCE,2022-06-07,Décision,Excès de pouvoir,Rejet,8961
"Par une requête, un mémoire en réplique et un nouveau mémoire, enregistrés les 17 et 30 mai et le 1er juin 2022 au secrétariat du contentieux du Conseil d'Etat, M. A B demande au juge des référés du Conseil d'Etat, statuant sur le fondement de l'article L. 521-1 du code de justice administrative : 1°) de suspendre l'exécution du décret n° 2022-515 du 8 avril 2022 relatif à la publication des mesures de gel de biens immobiliers prises en application du règlement (UE) n° 269/2014 du Conseil du 17 mars 2014 ; 2°) de mettre à la charge de l'Etat la somme de 5 000 euros au titre de l'article L. 761-1 du code de justice administrative. Il soutient que : - la condition d'urgence est satisfaite dès lors, d'une part, que la publication des propriétés faisant l'objet des mesures de gel porte une atteinte grave et immédiate à sa vie privée et met sa vie et celle de sa famille en danger et, d'autre part, qu'elle ne répond pas à un intérêt public prépondérant ; - il existe un doute sérieux quant à la légalité du décret contesté ; - il est intervenu à l'issue d'une procédure irrégulière faute d'une seconde saisine de la Commission nationale de l'informatique et des libertés (CNIL) et de la production d'une analyse d'impact sur les risques liés à la publication des données en application de l'article 36 du règlement général sur la protection des données ; - il est illégal en ce qu'il ne prévoit aucune durée maximale de publication des données et n'oblige pas le ministre de l'économie à en prévoir une ; - il est illégal en prévoyant une exception disproportionnée au principe d'anonymisation des données publiées dès lors que, d'une part, cette dérogation n'est pas nécessaire, les assujettis aux règles relatives au gel des avoirs disposant déjà de l'ensemble des ressources et fichiers permettant d'identifier les personnes en cause et de ne procéder à aucune action prohibée concernant leurs bien et, d'autre part, cette dérogation emporte des risques disproportionnés pour la vie privée et la sécurité des personnes vivant dans ces propriétés ; - il porte atteinte à la sécurité des personnes et au droit à la vie, en méconnaissance des dispositions de l'article L. 311-5 du code des",exces_de_pouvoir,defavorable_requerant,DCE_464133_20220609.xml,DCE,2022-06-09,Décision,Excès de pouvoir,Rejet défaut de doute sérieux,13944
"Par une requête et un mémoire en réplique, enregistrés les 19 mai et 7 juin 2022 au secrétariat du contentieux du Conseil d'Etat, M. A B demande au juge des référés du Conseil d'Etat, statuant sur le fondement de l'article L. 521-1 du code de justice administrative : 1°) de suspendre l'exécution de la décision du 12 avril 2022 de la formation restreinte du Conseil national de l'ordre des médecins le suspendant du droit d'exercer la médecine pour une durée de six mois et conditionnant sa reprise d'activité aux résultats d'une expertise ; 2°) de mettre à la charge du Conseil national de l'ordre des médecins la somme de 6 000 euros au titre de l'article L. 761-1 du code de justice administrative. Il soutient que : - la condition d'urgence est satisfaite à raison de l'atteinte portée par la mesure de suspension à sa réputation professionnelle, de ses conséquences financières et de l'atteinte portée à l'accès aux soins de sa patientèle dans une zone de "" désert médical "" ; - il existe un doute sérieux quant à la légalité de la décision contestée ; - elle est entachée d'erreur de droit et d'insuffisance de motivation dès lors que l'expertise collégiale, sur laquelle elle est fondée, a conclu à l'absence d'état pathologique dangereux pour l'exercice de sa profession ; - elle est entachée d'une erreur d'appréciation en ce que la durée de la suspension est manifestement excessive et qu'aucun élément de l'instruction ne permet de considérer que son état de santé rendrait dangereux son exercice de la médecine alors que son addiction à l'alcool est révolue et qu'aucune plainte n'a jamais été présentée par un de ses patients. Par un mémoire en défense, enregistré le 2 juin 2022, le Conseil national de l'ordre des médecins conclut au rejet de la requête et à ce qu'une somme de 4 000 euros soit mise à la charge du docteur B au titre de l'article L. 761-1 du code de justice administrative. Il soutient que la condition d'urgence n'est pas satisfaite et que les moyens soulevés ne sont pas fondés.",exces_de_pouvoir,defavorable_requerant,DCE_464177_20220613.xml,DCE,2022-06-13,Décision,Excès de pouvoir,Rejet,9091
"Par une requête et un mémoire en réplique, enregistrés les 19 et 30 mai 2022 au secrétariat du contentieux du Conseil d'Etat, M. B A demande, dans le dernier état de ses écritures, au juge des référés du Conseil d'Etat, statuant sur le fondement de l'article L. 521-2 du code de justice administrative : 1°) de suspendre l'exécution de l'arrêté du 24 mai 2022 fixant la liste des bureaux de vote ouverts pour l'élection des députés élus par les Français établis hors de France les 5 et 19 juin 2022 en tant qu'il ne prévoit pas, dans la circonscription consulaire de Tel-Aviv (Israël), de bureaux de vote à Ashdod et à Beer-Sheva ; 2°) d'enjoindre à la ministre de l'Europe et des affaires étrangères d'ouvrir des bureaux de vote à Ashdod et Beer-Sheva, au moins pour le second tour des élections législatives ; 3°) de mettre à la charge de l'Etat la somme de 5 000 euros au titre de l'article L. 761-1 du code de justice administrative. Il soutient que : - il est recevable à agir en sa qualité de député de la 8ème circonscription des Français de l'étranger et candidat à sa réélection ; - la condition d'urgence est satisfaite dès lors que le premier tour des élections législatives pour les Français de l'étranger se tiendra le 5 juin 2022 ; - il est porté une atteinte grave et manifestement illégale à plusieurs libertés fondamentales ; - l'arrêté porte atteinte à la libre expression du suffrage et à l'égalité devant le suffrage dès lors que se rendre à Tel-Aviv pour un résident de Ashdod nécessite deux heures de trajet en voiture aller-retour, que les difficultés d'organisation dont se prévaut l'administration ne sont pas établies et que tous les électeurs français en Israël ne sont pas en mesure de recourir au vote électronique ; - que si le taux de participation le 5 juin 2022 sera certainement faible en raison de la fête de Chavouot, rien ne fait obstacle à l'ouverture de bureaux de vote supplémentaires pour le second tour. Par un mémoire en défense, enregistré le 30 mai 2022, la ministre de l'Europe et des affaires étrangères conclut au rejet de la requête. Elle soutient que celle-ci est irrecevable, faute pour M. A d'être inscrit sur la liste consulaire de Tel-Aviv, et",exces_de_pouvoir,defavorable_requerant,DCE_464200_20220601.xml,DCE,2022-06-01,Décision,Excès de pouvoir,Rejet,12875
"Par une requête, enregistrée le 22 mai 2022 au secrétariat du contentieux du Conseil d'Etat, l'association SHU-TYPIQUE - Sortons du silence demande au juge des référés du Conseil d'Etat, statuant sur le fondement de l'article L. 521-2 du code de justice administrative : 1°) d'enjoindre à la ministre de la santé et de la prévention de saisir le Haut conseil de la santé publique d'une demande d'avis en vue d'ajouter le syndrome hémolytique et urémique à la liste des maladies à déclaration obligatoire puis, à la suite de cet avis, de l'y ajouter ; 2°) d'enjoindre à la ministre de la santé et de la prévention de prendre, dans l'attente, toutes les mesures réglementaires appropriées propres à assurer une intervention urgente locale, nationale ou internationale, pour tout cas de syndrome hémolytique et urémique identifié ; 3°) de mettre à la charge de l'Etat le versement de la somme de 3000 euros sur le fondement de l'article L. 761-1 du code de justice administrative et de le condamner, le cas échéant, aux entiers dépens. Elle soutient que : - la condition d'urgence est satisfaite dès lors que, en premier lieu, 167 cas de syndrome hémolytique et urémique (SHU) ont été déclarés en 2020, le nombre réel de cas étant bien supérieur, en deuxième lieu, ce syndrome conduit à des souffrances physiques très importantes et, en dernier lieu, il est nécessaire d'effectuer une enquête rapide afin de trouver les aliments contaminés, les retirer du marché et, pour les victimes, exercer son droit au recours ; - il est porté une atteinte grave et manifestement illégale à plusieurs libertés fondamentales ; - l'absence de déclaration obligatoire du SHU à l'autorité sanitaire méconnaît le droit à la vie, garanti par l'article 2 de la convention européenne de sauvegarde des droits de l'homme et des libertés fondamentales, en ce que cette carence de l'Etat entraîne un danger caractérisé et imminent pour la vie des personnes ; - elle porte atteinte au droit à la sécurité, notamment au droit à la sécurité alimentaire, dès lors que le cadre légal actuel n'impose aucune alerte pouvant avertir la population d'un risque potentiel suite à l'identification d'un aliment contaminé diminuant par",exces_de_pouvoir,defavorable_requerant,DCE_464243_20220608.xml,DCE,2022-06-08,Décision,Excès de pouvoir,Rejet,7932
"Mme B A a demandé au juge des référés du tribunal administratif de Paris, statuant sur le fondement de l'article L. 521-2 du code de justice administrative, d'enjoindre au préfet de Police de Paris de lui délivrer un récépissé de renouvellement de titre de séjour dans un délai de 48 heures à compter de la décision à intervenir. Par une ordonnance n° 2210302 du 10 mai 2022, le juge des référés du tribunal administratif de Paris a rejeté sa requête. Par une requête, un mémoire en réplique et deux nouveaux mémoires, enregistrés le 23 mai et les 2, 7 et 8 juin 2022 au secrétariat du contentieux du Conseil d'Etat, Mme A demande au juge des référés du Conseil d'Etat, statuant sur le fondement de l'article L. 521-2 du code de justice administrative : 1°) de faire droit à ses demandes de première instance ; 2°) de reconnaître et de prendre en compte sa plainte pour abus de confiance et tentative de chantage à la lumière des éléments nouveaux apportés. Elle soutient que : - les éléments nouveaux qu'elle apporte viennent éclairer sa situation sur les dix-huit derniers mois ; - elle a été victime d'un abus de confiance et d'une tentative de chantage qui l'ont empêchée d'entreprendre ses démarches administratives dans le délai imparti ; - elle a obtenu des promesses d'embauche auprès de sociétés françaises. Par un mémoire en défense et deux nouveaux mémoires, enregistrés le 31 mai et les 7 et 9 juin 2022, le ministre de l'intérieur conclut au rejet de la requête. Il soutient que la condition d'urgence n'est pas satisfaite, et que les moyens soulevés ne sont pas fondés. Après avoir convoqué à une audience publique, d'une part, Mme A, et d'autre part, les représentants du ministre de l'intérieur; Ont été entendus lors de l'audience publique du 2 juin 2022, à 15 heures : - Me Vigand, avocate au Conseil d'Etat et à la Cour de cassation, avocate de Mme A ; - Mme A ; - les représentants du ministre de l'intérieur ; à l'issue de laquelle le juge des référés a reporté la clôture de l'instruction au 9 juin 2022 à 14 heures ;",plein_contentieux,defavorable_requerant,DCE_464258_20220620.xml,DCE,2022-06-20,Décision,Plein contentieux,Rejet,8921
"Mme A B et les autres requérants mentionnés dans la requête ont demandé au juge des référés du tribunal administratif de Montreuil, statuant sur le fondement de l'article L. 521-2 du code de justice administrative, de suspendre l'exécution de la décision du 22 avril 2022 du recteur de l'académie de Créteil ayant muté Mme B, dans l'intérêt du service, et l'ayant affectée à l'école élémentaire Maxime Henriet à Clichy-sous-Bois en tant que professeure des écoles, à compter du 9 mai 2022. Par une ordonnance n° 2206938 du 10 mai 2022, le juge des référés du tribunal administratif de Montreuil a rejeté leur demande. Par une requête, enregistrée le 23 mai 2022 au secrétariat du contentieux du Conseil d'Etat, Mme B et autres demandent au juge des référés du Conseil d'Etat, statuant sur le fondement de l'article L. 521-2 du code de justice administrative: 1°) d'annuler cette ordonnance ; 2°) de suspendre l'exécution de la décision du recteur de l'académie de Créteil du 22 avril 2022. Ils soutiennent que : - l'ordonnance du juge des référés du tribunal administratif de Montreuil est entachée d'irrégularité en ce qu'elle méconnaît le principe du contradictoire dès lors que, d'une part, le juge des référés s'est fondé sur un rapport de l'enquête administrative produit par le recteur de l'académie de Créteil qui ne leur avait pas été communiqué avant l'audience et qui, en tout état de cause, du fait de son anonymisation, était inexploitable et, d'autre part, il n'a pas pris en compte leur mémoire en réplique ; - la condition d'urgence est satisfaite ; - il est porté une atteinte grave et manifestement illégale à plusieurs libertés fondamentales ; - l'arrêté contesté porte atteinte à l'intérêt supérieur de l'enfant et au droit à l'éducation dans la mesure où la mutation de Mme B deux mois avant la fin de l'année scolaire, affectera la continuité pédagogique et la stabilité du cadre d'enseignement, en particulier pour certains élèves de sa classe qui demandent une attention spécifique ; - il porte atteinte à la liberté syndicale dans la mesure où cette décision consiste en une sanction déguisée en raison de ses opinions et de ses activités syndicales ; - il méconnaît le",plein_contentieux,defavorable_requerant,DCE_464259_20220603.xml,DCE,2022-06-03,Décision,Plein contentieux,Rejet,9347
"Mme A C et les autres requérants mentionnés dans la requête ont demandé au juge des référés du tribunal administratif de Montreuil, statuant sur le fondement de l'article L. 521-2 du code de justice administrative, de suspendre l'exécution de la décision du 22 avril 2022 du recteur de l'académie de Créteil ayant muté Mme B D, dans l'intérêt du service, et l'ayant affectée à l'école élémentaire Charlotte Delbo à Aubervilliers en tant que professeure des écoles, à compter du 9 mai 2022. Par une ordonnance n° 2206956 du 10 mai 2022, le juge des référés du tribunal administratif de Montreuil a rejeté leur demande. Par une requête, enregistrée le 23 mai 2022 au secrétariat du contentieux du Conseil d'Etat, Mme C et autres demandent au juge des référés du Conseil d'Etat, statuant sur le fondement de l'article L. 521-2 du code de justice administrative: 1°) d'annuler cette ordonnance ; 2°) de suspendre l'exécution de la décision du recteur de l'académie de Créteil du 22 avril 2022. Ils soutiennent que : - l'ordonnance du juge des référés du tribunal administratif de Montreuil est entachée d'irrégularité en ce qu'elle méconnaît le principe du contradictoire dès lors que, d'une part, le juge des référés s'est fondé sur un rapport de l'enquête administrative produit par le recteur de l'académie de Créteil qui ne leur avait pas été communiqué avant l'audience et qui, en tout état de cause, du fait de son anonymisation, était inexploitable et, d'autre part, il n'a pas pris en compte leur mémoire en réplique ; - la condition d'urgence est satisfaite ; - il est porté une atteinte grave et manifestement illégale à plusieurs libertés fondamentales ; - l'arrêté contesté porte atteinte à l'intérêt supérieur de l'enfant et au droit à l'éducation dans la mesure où la mutation de Mme D deux mois avant la fin de l'année scolaire, affectera la continuité pédagogique et la stabilité du cadre d'enseignement, en particulier pour certains élèves de sa classe qui demandent une attention spécifique ; - il porte atteinte à la liberté syndicale dans la mesure où cette décision consiste en une sanction déguisée en raison de ses opinions et de ses activités syndicales ; - il méconnaît le",plein_contentieux,defavorable_requerant,DCE_464262_20220603.xml,DCE,2022-06-03,Décision,Plein contentieux,Rejet,9346
"Mme B C et les autres requérants mentionnés dans la requête ont demandé au juge des référés du tribunal administratif de Montreuil, statuant sur le fondement de l'article L. 521-2 du code de justice administrative, de suspendre l'exécution de la décision du 22 avril 2022 du recteur de l'académie de Créteil ayant muté Mme D A, dans l'intérêt du service, et l'ayant affectée à l'école élémentaire Irène et Frédéric Joliot-Curie à Saint-Denis en tant que professeure des écoles, à compter du 9 mai 2022. Par une ordonnance n° 2206942 du 10 mai 2022, le juge des référés du tribunal administratif de Montreuil a rejeté leur demande. Par une requête, enregistrée le 23 mai 2022 au secrétariat du contentieux du Conseil d'Etat, Mme C et autres demandent au juge des référés du Conseil d'Etat, statuant sur le fondement de l'article L. 521-2 du code de justice administrative: 1°) d'annuler cette ordonnance ; 2°) de suspendre l'exécution de la décision du recteur de l'académie de Créteil du 22 avril 2022. Ils soutiennent que : - l'ordonnance du juge des référés du tribunal administratif de Montreuil est entachée d'irrégularité en ce qu'elle méconnaît le principe du contradictoire dès lors que, d'une part, le juge des référés s'est fondé sur un rapport de l'enquête administrative produit par le recteur de l'académie de Créteil qui ne leur avait pas été communiqué avant l'audience et qui, en tout état de cause, du fait de son anonymisation, était inexploitable et, d'autre part, il n'a pas pris en compte leur mémoire en réplique ; - la condition d'urgence est satisfaite ; - il est porté une atteinte grave et manifestement illégale à plusieurs libertés fondamentales ; - l'arrêté contesté porte atteinte à l'intérêt supérieur de l'enfant et au droit à l'éducation dans la mesure où la mutation de Mme A deux mois avant la fin de l'année scolaire, affectera la continuité pédagogique et la stabilité du cadre d'enseignement, en particulier pour certains élèves de sa classe qui demandent une attention spécifique ; - il porte atteinte à la liberté syndicale dans la mesure où cette décision consiste en une sanction déguisée en raison de ses opinions et de ses activités syndicales ; - il",plein_contentieux,defavorable_requerant,DCE_464279_20220603.xml,DCE,2022-06-03,Décision,Plein contentieux,Rejet,9359
"Mme A D et les autres requérants mentionnés dans la requête ont demandé au juge des référés du tribunal administratif de Montreuil, statuant sur le fondement de l'article L. 521-2 du code de justice administrative, de suspendre l'exécution de la décision du 22 avril 2022 du recteur de l'académie de Créteil ayant muté Mme B C, dans l'intérêt du service, et l'ayant affectée à l'école élémentaire Jules Vallès à Aubervilliers en tant que professeure des écoles, à compter du 9 mai 2022. Par une ordonnance n° 2206943 du 10 mai 2022, le juge des référés du tribunal administratif de Montreuil a rejeté leur demande. Par une requête, enregistrée le 23 mai 2022 au secrétariat du contentieux du Conseil d'Etat, Mme D et autres demandent au juge des référés du Conseil d'Etat, statuant sur le fondement de l'article L. 521-2 du code de justice administrative: 1°) d'annuler cette ordonnance ; 2°) de suspendre l'exécution de la décision du recteur de l'académie de Créteil du 22 avril 2022. Ils soutiennent que : - l'ordonnance du juge des référés du tribunal administratif de Montreuil est entachée d'irrégularité en ce qu'elle méconnaît le principe du contradictoire dès lors que, d'une part, le juge des référés s'est fondé sur un rapport de l'enquête administrative produit par le recteur de l'académie de Créteil qui ne leur avait pas été communiqué avant l'audience et qui, en tout état de cause, du fait de son anonymisation, était inexploitable et, d'autre part, il n'a pas pris en compte leur mémoire en réplique ; - la condition d'urgence est satisfaite ; - il est porté une atteinte grave et manifestement illégale à plusieurs libertés fondamentales ; - l'arrêté contesté porte atteinte à l'intérêt supérieur de l'enfant et au droit à l'éducation dans la mesure où la mutation de Mme C deux mois avant la fin de l'année scolaire, affectera la continuité pédagogique et la stabilité du cadre d'enseignement, en particulier pour certains élèves de sa classe qui demandent une attention spécifique ; - il porte atteinte à la liberté syndicale dans la mesure où cette décision consiste en une sanction déguisée en raison de ses opinions et de ses activités syndicales ; - il méconnaît le principe",plein_contentieux,defavorable_requerant,DCE_464285_20220603.xml,DCE,2022-06-03,Décision,Plein contentieux,Rejet,9288
"Mme B D et les autres requérants mentionnés dans la requête ont demandé au juge des référés du tribunal administratif de Montreuil, statuant sur le fondement de l'article L. 521-2 du code de justice administrative, de suspendre l'exécution de la décision du 22 avril 2022 du recteur de l'académie de Créteil ayant muté M. A C, dans l'intérêt du service, et l'ayant affectée à l'école élémentaire Guillaume Apollinaire à Stains en tant que professeure des écoles, à compter du 9 mai 2022. Par une ordonnance n° 2206944 du 10 mai 2022, le juge des référés du tribunal administratif de Montreuil a rejeté leur demande. Par une requête, enregistrée le 23 mai 2022 au secrétariat du contentieux du Conseil d'Etat, Mme D et autres demandent au juge des référés du Conseil d'Etat, statuant sur le fondement de l'article L. 521-2 du code de justice administrative: 1°) d'annuler cette ordonnance ; 2°) de suspendre l'exécution de la décision du recteur de l'académie de Créteil du 22 avril 2022. Ils soutiennent que : - l'ordonnance du juge des référés du tribunal administratif de Montreuil est entachée d'irrégularité en ce qu'elle méconnaît le principe du contradictoire dès lors que, d'une part, le juge des référés s'est fondé sur un rapport de l'enquête administrative produit par le recteur de l'académie de Créteil qui ne leur avait pas été communiqué avant l'audience et qui, en tout état de cause, du fait de son anonymisation, était inexploitable et, d'autre part, il n'a pas pris en compte leur mémoire en réplique ; - la condition d'urgence est satisfaite ; - il est porté une atteinte grave et manifestement illégale à plusieurs libertés fondamentales ; - l'arrêté contesté porte atteinte à l'intérêt supérieur de l'enfant et au droit à l'éducation dans la mesure où la mutation de M. C deux mois avant la fin de l'année scolaire, affectera la continuité pédagogique et la stabilité du cadre d'enseignement, en particulier pour certains élèves de sa classe qui demandent une attention spécifique ; - il porte atteinte à la liberté syndicale dans la mesure où cette décision consiste en une sanction déguisée en raison de ses opinions et de ses activités syndicales ; - il méconnaît le principe",plein_contentieux,defavorable_requerant,DCE_464288_20220603.xml,DCE,2022-06-03,Décision,Plein contentieux,Rejet,9339
"Mme B D et les autres requérants mentionnés dans la requête ont demandé au juge des référés du tribunal administratif de Montreuil, statuant sur le fondement de l'article L. 521-2 du code de justice administrative, de suspendre l'exécution de la décision du 22 avril 2022 du recteur de l'académie de Créteil ayant muté Mme A C, dans l'intérêt du service, et l'ayant affectée à l'école élémentaire Lucie Aubrac à Stains en tant que professeure des écoles, à compter du 9 mai 2022. Par une ordonnance n° 2206957 du 10 mai 2022, le juge des référés du tribunal administratif de Montreuil a rejeté leur demande. Par une requête, enregistrée le 23 mai 2022 au secrétariat du contentieux du Conseil d'Etat, Mme D et autres demandent au juge des référés du Conseil d'Etat, statuant sur le fondement de l'article L. 521-2 du code de justice administrative: 1°) d'annuler cette ordonnance ; 2°) de suspendre l'exécution de la décision du recteur de l'académie de Créteil du 22 avril 2022. Ils soutiennent que : - l'ordonnance du juge des référés du tribunal administratif de Montreuil est entachée d'irrégularité en ce qu'elle méconnaît le principe du contradictoire dès lors que, d'une part, le juge des référés s'est fondé sur un rapport de l'enquête administrative produit par le recteur de l'académie de Créteil qui ne leur avait pas été communiqué avant l'audience et qui, en tout état de cause, du fait de son anonymisation, était inexploitable et, d'autre part, il n'a pas pris en compte leur mémoire en réplique ; - la condition d'urgence est satisfaite ; - il est porté une atteinte grave et manifestement illégale à plusieurs libertés fondamentales ; - l'arrêté contesté porte atteinte à l'intérêt supérieur de l'enfant et au droit à l'éducation dans la mesure où la mutation de Mme C deux mois avant la fin de l'année scolaire, affectera la continuité pédagogique et la stabilité du cadre d'enseignement, en particulier pour certains élèves de sa classe qui demandent une attention spécifique ; - il porte atteinte à la liberté syndicale dans la mesure où cette décision consiste en une sanction déguisée en raison de ses opinions et de ses activités syndicales ; - il méconnaît le principe du",plein_contentieux,defavorable_requerant,DCE_464294_20220603.xml,DCE,2022-06-03,Décision,Plein contentieux,Rejet,9336
"Par une requête et un mémoire en réplique, enregistrés les 24 mai et 9 juin 2022 au secrétariat du contentieux du Conseil d'Etat, la société Tillots Pharma France demande au juge des référés du Conseil d'Etat, statuant sur le fondement de l'article L. 521-1 du code de justice administrative : 1°) de suspendre l'exécution de l'arrêté du ministre des solidarités et de la santé et du ministre de l'économie, des finances et de la relance du 17 février 2022 portant radiation de la liste des spécialités pharmaceutiques prises en charge en sus des prestations mentionnée à l'article L. 162-22-7 du code de la sécurité sociale en tant qu'il a radié la spécialité DIFICLIR 200 mg comprimé pelliculé et la spécialité DIFICLIR 40 mg granulés en solution buvable de cette liste ; 2°) de mettre à la charge de l'Etat la somme de 2 000 euros au titre de l'article L. 761-1 du code de justice administrative Elle soutient que : - la condition d'urgence est satisfaite dès lors que la radiation de la liste en sus des spécialités DIFICLIR de la liste porte une atteinte grave et immédiate à sa situation économique et à l'intérêt des patient de voir leurs besoins médicaux suffisamment couverts ; - il existe un doute sérieux quant à la légalité de l'arrêté contesté ; - la méthode utilisée par l'administration pour calculer le rapport de 30% entre le coût moyen estimé de la spécialité DIFICLIR 200 mg et les tarifs de la majorité des prestations dans lesquelles la spécialité est susceptible d'être administrée méconnaît le 4° du I de l'article R. 612-37-2 du code de la sécurité sociale ; - la détermination de ce rapport pour la spécialité DIFICLIR 40 mg granulés en solution buvable n'a pas été faite, faute de données de consommation pour cette spécialité. Par un mémoire en défense, enregistré le 8 juin 2022, la ministre de la santé et de la prévention conclut au rejet de la requête. Elle soutient que la condition d'urgence n'est pas satisfaite et que les moyens soulevés ne sont pas fondés",exces_de_pouvoir,defavorable_requerant,DCE_464329_20220615.xml,DCE,2022-06-15,Décision,Excès de pouvoir,Rejet,8009
"Par une requête et un mémoire en réplique, enregistrés les 27 mai et 3 juin 2022 au secrétariat du contentieux du Conseil d'Etat, les partis politiques La France insoumise, Europe Ecologie les Verts, Génération.s, Génération Ecologie, Les nouveaux Démocrates, le Parti communiste français, le Parti socialiste et la coalition la Nouvelle Union populaire écologique et sociale (NUPES) demandent au juge des référés du Conseil d'Etat, statuant sur le fondement de l'article L. 521-1 du code de justice administrative : 1°) de suspendre l'exécution de la circulaire du 13 mai 2022 du ministre de l'intérieur portant attribution des nuances aux candidats aux élections législatives 2022 ; 2°) d'enjoindre au ministre de l'intérieur d'inscrire la nuance "" Nouvelle Union populaire écologiste et sociale "" dans la circulaire attaquée ; 3°) d'enjoindre, à titre subsidiaire, au ministre de l'intérieur de réexaminer, dans le délai de cinq jours suivant la notification de l'ordonnance, la liste des nuances retenues au regard de l'actualité électorale et de l'existence du courant d'expression politique que traduit l'existence de la Nouvelle Union populaire écologique et sociale ; 4°) de mettre à la charge de l'Etat la somme de 5 000 euros en application de l'article L. 761-1 du code de justice administrative. Ils soutiennent que : - la condition d'urgence est satisfaite dès lors que la circulaire contestée préjudicie de manière grave et immédiate aux intérêts qu'ils défendent en ce que, notamment, l'absence de la nuance "" NUPES "" conduit à minorer le résultat de chaque composante politique de la coalition dès lorsqu'elles ont réduit leur audience politique au profit de celle-ci, ne permet pas de tenir compte de l'expression politique qui résulte de l'accord de programme conclu entre les formations concernées et a pour effet de confondre les résultats de certaines composantes de l'accord avec ceux d'autres partis politiques n'appartenant pas à la coalition ; - il existe un doute sérieux quant à la légalité de la circulaire contestée ; - elle est entachée d'une erreur manifeste d'appréciation dès lors que l'absence de la nuance "" NUPES "" altère la lisibilité des résultats du scrutin en",exces_de_pouvoir,favorable_requerant,DCE_464414_20220607.xml,DCE,2022-06-07,Décision,Excès de pouvoir,Satisfaction totale,15649
"Par une requête, enregistrée le 27 mai 2022 au secrétariat du contentieux du Conseil d'Etat, M. B A demande au juge des référés du Conseil d'Etat, statuant sur le fondement de l'article L. 521-1 du code de justice administrative : 1°) de suspendre l'exécution du décret du président de la République du 6 mai 2022 prononçant sa radiation des cadres ; 2°) d'enjoindre au ministre de l'agriculture, sur le fondement de l'article L. 911-1 du code de justice administrative, de le réintégrer et de l'affecter sur un poste correspondant à son grade jusqu'à ce qu'il soit statué sur sa requête en annulation ; 3°) de mettre à la charge de l'Etat la somme de 3 000 euros au titre de l'article L. 761-1 du code de justice administrative. Il soutient que : - la condition d'urgence est satisfaite dès lors que sa radiation des cadres le privera définitivement de son traitement qu'il ne perçoit plus depuis le 1er janvier 2022, et par suite, aggrave ses difficultés financières ; - il existe un doute sérieux quant à la légalité de la décision contestée ; - les mises en demeure de rejoindre son poste des 6 décembre 2021 et 21 janvier 2022 ont été signées par une autorité incompétente ; - la décision n'est pas suffisamment motivée ; - il ne peut être regardé comme étant en situation d'abandon de poste dès lors que l'administration n'a pas répondu à ses demandes d'affectation sur un poste et que la mise à l'écart dont il fait l'objet est constitutive d'un harcèlement moral. Par un mémoire en défense, enregistré le 3 juin 2022, le ministre de l'agriculture et de la souveraineté alimentaire conclut au rejet de la requête. Il soutient que la condition d'urgence n'est pas satisfaite, et que les moyens soulevés ne sont pas fondés. La requête a été communiquée au Premier ministre qui n'a pas produit d'observations.",exces_de_pouvoir,defavorable_requerant,DCE_464422_20220620.xml,DCE,2022-06-20,Décision,Excès de pouvoir,Rejet défaut de doute sérieux,4642
"Mme B C a demandé au juge des référés du tribunal administratif de Nantes, statuant sur le fondement de l'article L. 521-2 du code de justice administrative, d'enjoindre au recteur de l'académie de Nantes d'accorder une dérogation pour la scolarisation de sa fille A dans l'école Léon Blum (Nantes), dans un délai de vingt-quatre heures à compter de la notification de l'ordonnance à intervenir, sous astreinte de 500 euros par jour de retard. Par une ordonnance n° 2205616 du 10 mai 2022, le juge des référés du tribunal administratif de Nantes a rejeté la demande de Mme C. Par une requête, enregistrée le 27 mai 2022 au secrétariat du contentieux du Conseil d'Etat, Mme C demande au juge des référés du Conseil d'Etat, statuant sur le fondement de l'article L. 521-2 du code de justice administrative : 1°) d'annuler l'ordonnance attaquée ; 2°) de lui adjuger l'entier bénéfice de ses précédentes écritures ; 3°) de mettre à la charge de la commune de Nantes la somme de 4 000 euros sur le fondement de l'article L. 761-1 du code de justice administrative. Elle soutient que : - la condition d'urgence est satisfaite ; - il est porté une atteinte grave et manifestement illégale à une liberté fondamentale ; - l'ordonnance contestée est entachée d'une erreur de droit dès lors qu'elle ne tient pas compte de la situation de handicap de sa fille et n'a pas recherché si les établissements proposés étaient plus proches de son domicile.",plein_contentieux,defavorable_requerant,DCE_464438_20220601.xml,DCE,2022-06-01,Décision,Plein contentieux,Rejet,5366
"Par une requête, un mémoire en réplique et un nouveau mémoire enregistrés les 27 mai, 9 et 10 juin 2022 au secrétariat du contentieux du Conseil d'Etat, M. B A demande au juge des référés du Conseil d'Etat, statuant sur le fondement de l'article L. 521-1 du code de justice administrative : 1°) de suspendre l'exécution de la délibération n° 2022-137 du 19 avril 2022 par laquelle la Haute Autorité pour la transparence de la vie publique (HATVP) a rendu un avis d'incompatibilité à propos de l'exercice des fonctions de directeur d'activités au sein de la société Alliaserv ESNA avec les fonctions publiques exercées au cours des trois dernières années dans les services de la commune de Cenon ; 2°) de mettre à la charge de la HATVP la somme de 3 000 euros au titre de l'article L. 761-1 du code de justice administrative. Il soutient que : - sa requête est recevable ; - la condition d'urgence est satisfaite dès lors que la délibération contestée qui l'empêche d'exercer les fonctions de directeur d'activité au sein de la société Alliaserv ESNA le prive de travail et de revenu, ce qui a pour effet de le placer concrètement dans une situation financière particulièrement difficile ; - il existe un doute sérieux quant à la légalité de la décision contestée ; - elle a été prise au terme d'une procédure irrégulière dès lors, d'une part, que le dossier transmis par la commune ne lui ayant pas été communiqué, il ne peut être regardé comme ayant été mis à même de présenter utilement des observations et, d'autre part, que les éléments qu'il a produits n'ont pas été examinés ou pris en compte par la HATVP ; - elle est entachée d'une erreur manifeste d'appréciation en ce qu'il ne disposait, dans le cadre de ses fonctions, d'aucune délégation de signature en matière de contrats et n'avait pas à formuler d'avis sur l'attribution des deux marchés en cause pour lesquels la société Alliaserv ESNA a, selon le cas, la qualité de titulaire ou de co-traitante et d'inexactitude matérielle en ce qu'il n'a pas participé à la rédaction des rapports d'analyse des offres à destination de la commission d'appel d'offres ou du jury à laquelle il siégeait d'ailleurs sans voix délibérative. Par deux",exces_de_pouvoir,defavorable_requerant,DCE_464441_20220614.xml,DCE,2022-06-14,Décision,Excès de pouvoir,Rejet défaut de doute sérieux,11205
"M. A B a demandé au juge des référés du tribunal administratif de Toulouse, statuant sur le fondement de l'article L. 521-2 du code de justice administrative, de suspendre les effets de l'arrêté du 27 septembre 2021 du préfet de la Haute-Garonne portant obligation de quitter le territoire français. Par une ordonnance n° 2202973 du 31 mai 2022, le juge des référés du tribunal administratif de Toulouse a rejeté la demande de M. B. Par une requête et un nouveau mémoire, enregistrés les 31 mai et 8 juin 2022 au secrétariat du contentieux du Conseil d'Etat, M. B demande au juge des référés du Conseil d'Etat, statuant sur le fondement de l'article L. 521-2 du code de justice administrative : 1°) d'annuler l'ordonnance contestée ; 2°) de suspendre l'exécution de l'arrêté du 27 septembre 2021 portant obligation de quitter le territoire français ; 3°) de mettre à la charge du préfet de la Haute-Garonne la somme de 2 000 euros au titre de l'article L. 761-1 du code de justice administrative et de l'article 37 de la loi du 10 juillet 1991 ou, à défaut d'octroi du bénéfice de l'aide juridictionnelle, de lui verser cette même somme sur le fondement de l'article L. 761-1 du code de justice administrative. Il soutient que : - sa requête est recevable ; - la condition d'urgence est satisfaite dès lors qu'il est placé en rétention et que le préfet a pris la décision de l'éloigner de façon effective à destination de son pays d'origine ; - il est porté une atteinte grave et manifestement illégale à sa liberté d'aller et venir et à son droit de mener une vie familiale normale dès lors que sa compagne est enceinte et que cette séparation lui cause un état anxieux dépressif et les empêche de poursuivre une vie privée et familiale normale ; Par un mémoire en défense, enregistré le 7 juin 2022, le ministre de l'intérieur conclut au rejet de la requête. Il soutient que les moyens ne sont pas fondés.",plein_contentieux,defavorable_requerant,DCE_464567_20220615.xml,DCE,2022-06-15,Décision,Plein contentieux,Rejet,7505
"Par une requête, enregistrée le 1er juin 2022 au secrétariat du contentieux du Conseil d'Etat, M. A B doit être regardé comme demandant au juge des référés du Conseil d'Etat, statuant sur le fondement de l'article L. 521-2 du code de justice administrative : 1°) d'enjoindre au ministre de l'intérieur de lui délivrer une autorisation provisoire de séjour assortie d'une autorisation de travail, valable à partir du 6 mars 2022, dans un délai de huit jours à compter du prononcé de sa décision ; 2°) d'enjoindre au ministre de l'intérieur de lui verser rétroactivement, à compter du 6 mars 2022, la somme mensuelle de 615 euros jusqu'au jour où il aura exécuté l'injonction ainsi prononcée ; 3°) de mettre à la charge de l'Etat une certaine somme au titre de l'article L. 761-1 du code de justice administrative. Il soutient que : - la condition d'urgence est satisfaite ; - il est porté une atteinte grave et manifestement illégale à plusieurs libertés fondamentales ; - l'administration porte atteinte à sa liberté d'aller et venir, à son droit au travail et à son droit à une vie privée et familiale normale dès lors qu'il ne peut circuler librement sur le territoire français et ne peut prétendre aux droits sociaux reconnus aux étrangers résidant en France, en ce compris, le droit d'obtenir un emploi.",exces_de_pouvoir,defavorable_requerant,DCE_464569_20220607.xml,DCE,2022-06-07,Décision,Excès de pouvoir,Rejet,4008
"Par une requête, enregistrée le 31 mai 2022 au secrétariat du contentieux du Conseil d'Etat, M. A B demande au juge des référés du Conseil d'Etat, statuant sur le fondement de l'article L. 521-2 du code de justice administrative : 1°) de lui désigner un avocat, au titre de l'admission provisoire à l'aide juridictionnelle ; 2°) d'ordonner à la mission permanente d'inspection de la juridiction administrative de statuer sur les demandes qu'il lui a adressées, de verser à l'instance les décisions intervenues et de les lui communiquer sans délai ; 3°) d'appeler en qualité d'observateur le garde des sceaux, ministre de la justice, le président du conseil supérieur de la magistrature, le président de la mission permanente d'inspection de la juridiction administrative, le président du conseil départemental de l'accès au droit du Rhône, le procureur de la République près le tribunal judiciaire de Lyon, et le bâtonnier du conseil de l'ordre des avocats au barreau de Lyon ; 4°) d'ordonner toutes mesures tendant à lui permettre de recouvrer sans délai ses droits fondamentaux ; 5°) de notifier la présente ordonnance au garde des sceaux, ministre de la justice, au président du conseil supérieur de la magistrature, au président de la mission permanente d'inspection de la juridiction administrative, au président du conseil départemental de l'accès au droit du Rhône, au procureur de la République près le tribunal judiciaire de Lyon, au bâtonnier du conseil de l'ordre des avocats au barreau de Lyon et au président de la République ; 6°) d'ordonner au défenseur des droits de communiquer sa décision devant intervenir suite à l'instance n° 1707076 devant le tribunal administratif de Paris ; 7°) d'ordonner au député de la 3e circonscription du département du Rhône, au président de l'Assemblée nationale et au président du Sénat de statuer sans délai et de verser leurs décisions à l'instance. Il soutient que : - la condition d'urgence est satisfaite ; - il est porté une atteinte grave et manifestement illégale à plusieurs libertés fondamentales.",exces_de_pouvoir,defavorable_requerant,DCE_464571_20220609.xml,DCE,2022-06-09,Décision,Excès de pouvoir,Rejet - incompétence,4820
"M. A B a demandé au juge des référés du tribunal administratif de Paris, statuant sur le fondement de l'article L. 521-2 du code de justice administrative, de suspendre l'exécution des arrêtés du 14 avril 2022 du ministre de l'intérieur prononçant son expulsion et fixant le Maroc comme pays de destination. Par une ordonnance n° 2210727/9 du 17 mai 2022, le juge des référés du tribunal administratif de Paris a rejeté sa demande. Par une requête, enregistrée le 1er juin 2022 au secrétariat du contentieux du Conseil d'Etat, M. B demande au juge des référés du Conseil d'Etat, statuant sur le fondement de l'article L. 521-2 du code de justice administrative : 1°) d'annuler cette ordonnance ; 2°) de suspendre l'exécution des arrêtés du 14 avril 2022 du ministre de l'intérieur ; 3°) de mettre à la charge de l'Etat la somme de 3 000 euros au titre de l'article L. 761-1 du code de justice administrative. Il soutient que : - la condition d'urgence est satisfaite dès lors que depuis son expulsion au Maroc le 20 mai 2022, il ne peut plus bénéficier des soins exigés par la schizophrénie dont il souffre ; - son expulsion porte une atteinte grave et manifestement illégale à plusieurs libertés fondamentales ; - le juge des référés ne pouvait, au regard de l'absence de preuve sur son appartenance à un islam djihadiste, écarter l'atteinte disproportionnée à son droit au respect de sa vie privée et familiale alors qu'il vit en France avec sa famille depuis l'âge de huit ans ; - le juge des référés ne pouvait écarter l'atteinte au principe de non-discrimination résultant de ce que son expulsion était motivée par son état de santé mentale ; - il ne pouvait pas plus estimer que son expulsion vers le Maroc ne méconnaissait pas l'article 3 de la convention européenne de sauvegarde des droits de l'homme et des libertés fondamentales alors qu'il n'a aucune relation dans ce pays où les psychiatres sont peu nombreux et où il ne peut être assisté ni par sa famille, ni par son curateur.",plein_contentieux,defavorable_requerant,DCE_464586_20220620.xml,DCE,2022-06-20,Décision,Plein contentieux,Rejet,8679
"Par un déféré présenté sur le fondement des dispositions du cinquième alinéa de l'article L. 2131-6 du code général des collectivités territoriales, le préfet de l'Isère a demandé au juge des référés du tribunal administratif de Grenoble de suspendre l'exécution de la délibération du conseil municipal du 16 mai 2022 de la commune de Grenoble en tant qu'elle approuve l'article 10 du règlement des piscines municipales autorisant le port de certaines tenues de bain. Par une ordonnance n° 2203163 du 25 mai 2022, le juge des référés du tribunal administratif de Grenoble a, après avoir admis les interventions de l'association Alliance citoyenne et de la Ligue des droits de l'homme, suspendu l'exécution des dispositions litigieuses en tant qu'elles autorisent l'usage de tenues de bains non près du corps moins longues que la mi-cuisse. Par une requête et un mémoire en réplique, enregistrés les 2 et 13 juin 2022 au secrétariat du contentieux du Conseil d'Etat, la commune de Grenoble demande au juge des référés du Conseil d'Etat, statuant sur le fondement du cinquième alinéa de l'article L. 2131-6 du code général des collectivités : 1°) d'annuler cette ordonnance ; 2°) de rejeter la demande de suspension présentée par le préfet de l'Isère ; 3°) de mettre à la charge de l'Etat la somme de 5 000 euros au titre de l'article L. 761 1 du code de justice administrative. Elle soutient que : - l'ordonnance du juge des référés du tribunal administratif de Grenoble est entachée d'irrégularité dès lors que, d'une part, sa minute n'a pas été signée dans les conditions prévues à l'article R. 7425 du code de justice administrative et, d'autre part, la solution adoptée, qui se prononce sur l'existence d'une méconnaissance du principe de neutralité du service public, excède les conclusions présentées par le préfet de l'Isère, qui ne portaient que sur une atteinte au principe de laïcité ; - les premiers juges ont estimé à tort que la délibération portait une atteinte grave au principe de neutralité du service public ; - eu égard, en premier lieu, aux larges marges de manœuvres dont bénéficie le gestionnaire d'une piscine municipale pour définir les conditions de fonctionnement de ce",plein_contentieux,defavorable_requerant,DCE_464648_20220621.xml,DCE,2022-06-21,Décision,Plein contentieux,Rejet,18400
"M. A B et 18 candidats de Lutte Ouvrière ont demandé au juge des référés du tribunal administratif de Montpellier, statuant sur le fondement de l'article L. 521-2 du code de justice administrative, de suspendre l'exécution de la décision du préfet de l'Hérault du 31 mai 2022 refusant la livraison du matériel électoral des candidats et suppléants de Lutte Ouvrière dans le département de l'Hérault et d'enjoindre à la commission de propagande et au préfet de l'Hérault, pour les élections législatives des 12 et 19 juin 2022, d'assurer la mise sous pli et l'acheminement des documents électoraux des neufs candidats de Lutte Ouvrière en application des articles R. 34 et R. 38 du code électoral, sous astreinte de 500 euros par jour de retard et par candidat. Par une ordonnance n° 2202798 du 3 juin 2022, le juge des référés du tribunal administratif de Montpellier a rejeté leur demande. Par une requête enregistrée le 4 juin 2022 au secrétariat du contentieux du Conseil d'Etat, M. A B et les autres requérants mentionnés dans la requête demandent au juge des référés du Conseil d'Etat, sur le fondement de l'article L. 521-2 du code de justice administrative : 1°) d'annuler l'ordonnance du 3 juin 2022 par laquelle le juge des référés du tribunal administratif de Montpellier statuant sur le fondement de l'article L. 521-2 du code de justice administrative, a rejeté leur demande ; 2°) de faire droit à leur demande de première instance ; 3°) de mettre à la charge de l'Etat la somme de 3 000 euros au titre de l'article L. 761-1 du code de justice administrative. Ils soutiennent que : - la condition d'urgence est satisfaite dès lors que les mesures demandées concernent les élections législatives dont le premier tour a lieu le 12 juin 2022 ; - la mesure demandée vise à faire cesser une atteinte grave et manifestement illégale aux libertés fondamentales que sont la liberté de participer à des élections et celle d'y présenter sa candidature ; - la brièveté du délai imparti pour le dépôt des circulaires et bulletins était manifestement inadaptée aux circonstances ; - la commission de propagande électorale a erronément apprécié la nécessité d'accepter le matériel électoral",plein_contentieux,defavorable_requerant,DCE_464686_20220605.xml,DCE,2022-06-05,Décision,Plein contentieux,Rejet,11429
"La SARL Aristo SLBR, la SARL Squadra SLBR, la SARL Graines et Pousses, la SARL Bao Time, la SAS Acetaria MSB, la Sarl Maison Fontaine et la SARL Brasserie Bourse du Travail ont demandé au juge des référés du tribunal administratif de Lyon, statuant sur le fondement de l'article L. 521-2 du code de justice administrative, d'une part, d'enjoindre à la métropole de Lyon de reporter au 1er octobre 2022 au plus tôt le lancement des travaux prévus à compter du 6 juin 2022 pour la réfection de la promenade Moncey-phase 2, Place Eugène Varlin, secteur Place Guichard et, le cas échéant, de remettre en état les lieux environnants et, d'autre part, de décider que l'ordonnance sera exécutoire aussitôt qu'elle aura été rendue, en application de l'article R. 522-13 du code de justice administrative. Par une ordonnance n° 2203942 du 28 mai 2022, le juge des référés du tribunal administratif de Lyon a rejeté leurs demandes. Par une requête et un mémoire complémentaire, enregistrés les 7 et 10 juin 2022 au secrétariat du contentieux du Conseil d'Etat, la SARL Aristo SLBR, la SARL Squadra SLBR, la SARL Graines et Pousses, la SARL Bao Time, la SAS Acetaria MSB, la Sarl Maison Fontaine et la SARL Brasserie Bourse du Travail demandent au juge des référés du Conseil d'Etat, statuant sur le fondement de l'article L. 521-2 du code de justice administrative : 1°) d'annuler cette ordonnance ; 2°) d'enjoindre à la métropole de Lyon de reporter au 1er octobre 2022 au plus tôt le lancement des travaux prévus à compter du 6 juin 2022 pour la réfection de la promenade Moncey phase 2, Place Eugène Varlin, secteur Place Guichard et, le cas échéant, de remettre en état les lieux environnants ; 3°) de décider que l'ordonnance sera exécutoire aussitôt qu'elle aura été rendue, en application de l'article R. 522-13 du code de justice administrative ; 4°) de mettre à la charge de la métropole de Lyon la somme de 5 000 euros au titre de l'article L. 761-1 du code de justice administrative. Elles soutiennent que : - la condition d'urgence est satisfaite dès lors que, d'une part, la décision de débuter les travaux au mois de juin 2022 leur causera un préjudice économique grave et certain, résultant de",plein_contentieux,defavorable_requerant,DCE_464713_20220616.xml,DCE,2022-06-16,Décision,Plein contentieux,Rejet,7953
"Par une requête, enregistrée le 7 juin au secrétariat du contentieux du Conseil d'Etat, M. B A doit être regardé comme demandant au juge des référés du Conseil d'Etat, statuant sur le fondement de l'article L. 521-1 du code de justice administrative : 1°) de l'admettre au bénéfice de l'aide juridictionnelle provisoire ; 2°) de suspendre l'exécution de la décision du 2 mai 2022 de la commune de Niort procédant au retrait définitif de son autorisation de stationnement à compter de la date sa notification. Il soutient que : - il existe un doute sérieux quant à la légalité de la décision contestée ; - le retrait définitif de l'autorisation de stationnement dont il bénéficiait est entaché d'excès de pouvoir et est intervenu en méconnaissance des dispositions du code des transports ; - il a justifié sa situation auprès des services de la mairie dans les délais et conformément à ses obligations.",exces_de_pouvoir,defavorable_requerant,DCE_464722_20220608.xml,DCE,2022-06-08,Décision,Excès de pouvoir,Rejet - incompétence,3581
"Par une requête et un nouveau mémoire, enregistrés les 13 et 20 juin 2022 au secrétariat du contentieux du Conseil d'Etat, Mme B A demande au juge des référés du Conseil d'Etat, statuant sur le fondement de l'article L. 521-1 du code de justice administrative de suspendre l'exécution des délibérations du jury du 22 avril 2022 ayant fixé la liste des candidats admis au concours externe de psychologue de l'éducation nationale pour la session 2022. Elle soutient que : - la condition d'urgence est satisfaite dès lors que les candidats admis ont été nommés en qualité de stagiaire au 1er septembre 2022 ; - il existe un doute sérieux quant à la légalité de la décision contestée ; - elle méconnaît l'arrêté du 3 février 2017 du ministre de l'éducation nationale, de l'enseignement supérieur et de la recherche en ce que, d'une part, le jury de sélection du concours de recrutement des psychologues de l'éducation nationale ne peut pas déterminer lui-même une note éliminatoire, ni ajourner des candidats à raison d'une épreuve pour laquelle la note ne pouvait pas être éliminatoire et, d'autre part, le nombre de candidats admis est inférieur au nombre de postes ouverts au concours ; - la note reçue à l'épreuve orale "" Etude de situation "" est entachée d'une erreur d'appréciation.",exces_de_pouvoir,defavorable_requerant,DCE_464890_20220621.xml,DCE,2022-06-21,Décision,Excès de pouvoir,Rejet - incompétence,4047
"M. C A a demandé au juge des référés du tribunal administratif de la Guyane, statuant sur le fondement de l'article L. 521-2 du code de justice administrative, d'enjoindre au recteur de l'académie de la Guyane d'affecter sa fille mineure B A dans un établissement scolaire adapté à son âge et à son niveau scolaire dans un délai de sept jours suivant la notification de l'ordonnance à intervenir. Par une ordonnance n° 2200614 du 27 mai 2022, le juge des référés du tribunal administratif de la Guyane a rejeté sa demande. Par une requête, enregistrée le 13 juin 2022 au secrétariat du contentieux du Conseil d'Etat, M. A demande au juge des référés du Conseil d'Etat, statuant sur le fondement de l'article L. 521-2 du code de justice administrative : 1°) d'annuler l'ordonnance attaquée ; 2°) de faire droit à sa demande de première instance ; 3°) de l'admettre provisoirement au bénéfice de l'aide juridictionnelle ; 4°) de mettre à la charge de l'Etat, au profit de l'avocat soussigné lequel renoncera alors au bénéfice de l'aide juridictionnelle, la somme de 3 500 euros sur le fondement des articles L. 761-1 du code de justice administrative et 37 de la loi du 10 juillet 1991. ; Il soutient que : - la minute de la décision qui lui a été transmise n'a pas été signée par le magistrat qui l'a rendue, portant atteinte aux prescriptions de l'article R. 741-8 du code de justice administrative ; - la condition d'urgence est satisfaite dès lors que sa fille mineure demeure déscolarisée ; - il est porté une atteinte grave et manifestement illégale à plusieurs libertés fondamentales ; - la carence du recteur de l'académie de Guyane, n'affectant pas sa fille dans un établissement scolaire adapté à son âge et à son niveau, porte atteinte au droit à l'éducation et au principe d'égal accès à l'instruction ; - elle est entachée d'erreur de droit et méconnaît les textes de la convention européenne de sauvegarde des droits de l'homme et des libertés fondamentales et ceux des articles L. 111-1, L. 111-2 et L. 131-1 du code de l'éducation en considérant qu'ils ne posent qu'une obligation de scolarisation jusqu'à un certain âge et en omettant, dès lors, de considérer qu'ils garantissent",plein_contentieux,non_lieu,DCE_464929_20220627.xml,DCE,2022-06-27,Décision,Plein contentieux,Non-lieu,7633
"Par une requête, enregistrée le 13 juin 2022 au secrétariat du contentieux du Conseil d'Etat, Mme B A, épouse C, demande au juge des référés du Conseil d'Etat, statuant sur le fondement de l'article L. 521-2 du code de justice administrative : 1°) de l'admettre au bénéfice de l'aide juridictionnelle provisoire ; 2°) d'ordonner à la mission permanente d'inspection de la juridiction administrative de statuer sur les demandes qu'elle lui a adressées, de verser à l'instance les décisions intervenues et de les lui communiquer sans délai ; 3°) d'appeler en qualité d'observateur le président du conseil supérieur de la magistrature, le président de la mission permanente d'inspection de la juridiction administrative, le président du conseil départemental de l'accès au droit du Rhône, le procureur de la République près le tribunal judiciaire de Lyon, et le bâtonnier du conseil de l'ordre des avocats au barreau de Lyon ; 4°) d'ordonner au garde des sceaux, ministre de la justice et au directeur du service d'accès au droit et à la justice et d'aide aux victimes du ministère de la justice de se prononcer et de lui permettre de tenir dans les formes requises une décision du bureau d'aide juridictionnelle près le Conseil d'Etat ; 5°) d'ordonner toutes mesures tendant à lui permettre de recouvrer sans délai ses droits fondamentaux ; 6°) de notifier la présente ordonnance au président du conseil supérieur de la magistrature, au président de la mission permanente d'inspection de la juridiction administrative, au président du conseil départemental de l'accès au droit du Rhône, au procureur de la République près le tribunal judiciaire de Lyon, au bâtonnier du conseil de l'ordre des avocats au barreau de Lyon et au président de la République. Elle soutient que : - la condition d'urgence est satisfaite ; - il est porté une atteinte grave et manifestement illégale à plusieurs libertés fondamentales.",exces_de_pouvoir,defavorable_requerant,DCE_464936_20220620.xml,DCE,2022-06-20,Décision,Excès de pouvoir,Rejet - incompétence,4764
"Par une requête, enregistrée le 14 juin 2022 au secrétariat du contentieux du Conseil d'Etat, M. A B, demande au juge des référés du Conseil d'Etat, statuant sur le fondement de l'article L. 521-2 du code de justice administrative : 1°) de l'admettre au bénéfice de l'aide juridictionnelle provisoire ; 2°) d'ordonner à la mission permanente d'inspection de la juridiction administrative de statuer sur les demandes qu'il lui a adressées, de verser à l'instance les décisions intervenues et de les lui communiquer sans délai ; 3°) d'appeler en qualité d'observateur le président du conseil supérieur de la magistrature, le président de la mission permanente d'inspection de la juridiction administrative, le président du conseil départemental de l'accès au droit du Rhône, le procureur de la République près le tribunal judiciaire de Lyon, et le bâtonnier du conseil de l'ordre des avocats au barreau de Lyon ; 4°) d'ordonner au garde des sceaux, ministre de la justice et au directeur du service d'accès au droit et à la justice et d'aide aux victimes du ministère de la justice de se prononcer et de lui permettre de tenir dans les formes requises une décision du bureau d'aide juridictionnelle près le Conseil d'Etat ; 5°) d'ordonner toutes mesures tendant à lui permettre de recouvrer sans délai ses droits fondamentaux ; 6°) de notifier la présente ordonnance au président du conseil supérieur de la magistrature, au président de la mission permanente d'inspection de la juridiction administrative, au président du conseil départemental de l'accès au droit du Rhône, au procureur de la République près le tribunal judiciaire de Lyon, au bâtonnier du conseil de l'ordre des avocats au barreau de Lyon et au président de la République. Il soutient que : - la condition d'urgence est satisfaite ; - il est porté une atteinte grave et manifestement illégale à plusieurs libertés fondamentales.",exces_de_pouvoir,defavorable_requerant,DCE_465012_20220620.xml,DCE,2022-06-20,Décision,Excès de pouvoir,Rejet - incompétence,4733
"Par une requête, enregistrée le 15 juin 2022 au secrétariat du contentieux du Conseil d'Etat, l'association Je ne suis pas un danger et l'Association de défense de la santé publique et de l'environnement (ADSPE) demandent au juge des référés du Conseil d'Etat, statuant sur le fondement de l'article L. 521-2 du code de justice administrative : 1°) de suspendre l'exécution de toutes les dispositions relatives à l'obligation vaccinale des professionnels chargés d'assurer les services d'urgence sur le territoire français contenues dans le décret n° 2021-1059 du 7 août 2021 modifiant le décret n° 2021-699 du 1er juin 2021 prescrivant les mesures générales nécessaires à la gestion de la sortie de crise sanitaire ; 2°) d'enjoindre à l'Etat de prendre toutes mesures utiles afin de faire cesser l'atteinte grave et manifestement illégale portée au droit à la vie des usagers du système de santé français ainsi qu'au droit à l'intégrité physique des adhérents de l'association ; 3°) d'enjoindre à l'Etat de prendre, sans attendre, de nouvelles dispositions précisant et encadrant la réouverture et la continuité des services d'urgence en France ; 4°) de mettre à la charge de l'Etat la somme de 5 000 euros au titre de l'article L. 761-1 du code de justice administrative ; Elles soutiennent que : - la condition d'urgence est satisfaite dès lors que la suspension de milliers d'agents met la vie des utilisateurs du système de santé en danger sans un contexte de tension hospitalière particulièrement forte en période de crise sanitaire dans un système de santé fortement affaibli par la crise sanitaire ; - il est porté une atteinte grave et manifestement illégale au droit des usagers de santé de recevoir les traitements et soins les plus appropriés à leur état de santé et au droit au respect de la vie ainsi qu'au droit au respect de la dignité de la personne humaine, à la liberté d'entreprendre et à la liberté du travail et au droit au respect de de la vie privée des professionnels de santé dès lors que la pérennisation de décret du 7 août 2021 méconnaît les droits des patients, compte tenu de la situation des services d'urgence et des établissements de santé, et l'objectif poursuivi",exces_de_pouvoir,defavorable_requerant,DCE_465040_20220630.xml,DCE,2022-06-30,Décision,Excès de pouvoir,Rejet,9849
"Par une requête, enregistrée le 20 juin 2022 au secrétariat du contentieux du Conseil d'Etat, M. B A demande au juge des référés du Conseil d'Etat, statuant sur le fondement de l'article L. 521-1 du code de justice administrative, d'annuler le résultat des élections législatives du 19 juin 2022. Il soutient que : - la condition d'urgence est satisfaite ; - le caractère réellement démocratique de ces opérations électorales n'est pas garanti au regard du taux élevé d'abstention parmi les électeurs.",exces_de_pouvoir,defavorable_requerant,DCE_465117_20220620.xml,DCE,2022-06-20,Décision,Excès de pouvoir,Rejet - incompétence,2663
"Mme D A et M. C B ont demandé au juge des référés du tribunal administratif de Lille, statuant sur le fondement de l'article L. 521-2 du code de justice administrative, d'une part, de les admettre, à titre provisoire, au titre de l'aide juridictionnelle et, d'autre part, d'enjoindre à l'autorité préfectorale d'enregistrer leur demande d'asile et de leur délivrer des attestations de demande d'asile sous astreinte de 50 euros par jour de retard à compter de la notification de l'ordonnance à intervenir. Par une ordonnance n° 2204198 du 10 juin 2022, le juge des référés du tribunal administratif de Lille, d'une part, les a admis au bénéfice de l'aide juridictionnelle provisoire et, d'autre part, a rejeté le surplus de leur demande. Par une requête et un nouveau mémoire, enregistrés les 22 et 27 juin 2022 au secrétariat du contentieux du Conseil d'Etat, Mme A et M. B demandent au juge des référés du Conseil d'Etat, statuant sur le fondement de l'article L. 521-2 du code de justice administrative : 1°) d'annuler cette ordonnance ; 2°) de constater l'atteinte grave et manifestement illégale portée au droit d'asile des requérants par le préfet du Nord ; 3°) d'enjoindre à l'autorité préfectorale d'enregistrer leurs demandes d'asile dans les conditions leur permettant de solliciter l'asile auprès de l'Office français de protection des réfugiés et apatrides sous astreinte de 50 euros par jour de retard ; 4°) de mettre à la charge de l'Etat la somme de 3 000 euros au titre de l'article L. 761-1 du code de justice administrative. Ils soutiennent que : - la condition d'urgence est satisfaite dès lors que, en premier lieu, ils sont placés dans une situation d'insécurité juridique, en deuxième lieu, cette situation les prive de leurs conditions matérielles d'accueil les exposant à une situation d'extrême précarité et, en dernier lieu, l'état de grossesse de Mme A demeure délicat ; - il est porté une atteinte grave et manifestement illégale au droit d'asile ; - la décision de refus d'enregistrer leur demande d'asile méconnaît l'article 29 du règlement (UE) n° 604/2013 du Parlement européen et du Conseil dès lors que le préfet du Nord était tenu de procéder à l'exécution de leur",plein_contentieux,defavorable_requerant,DCE_465203_20220629.xml,DCE,2022-06-29,Décision,Plein contentieux,Rejet,11064
"Par une requête, enregistrée le 26 juin 2022 au secrétariat du contentieux du Conseil d'Etat, le syndicat professionnel Union des personnels administratifs, techniques et spécialisés (UATS - UNSA) doit être regardé comme demandant au juge des référés du Conseil d'Etat, statuant sur le fondement de l'article L. 521-1 du code de justice administrative, de suspendre l'exécution de l'arrêté du 3 juin 2022 instituant des comités sociaux d'administration au sein des ministères de l'intérieur et des Outre-mer publié au Journal officiel le 8 juin 2022 en tant qu'il est contraire aux articles L. 251-1 à L. 251-4 du code général de la fonction publique et au décret n° 2020-1427 du 20 novembre 2020 relatif aux comités sociaux d'administration dans les administrations et les établissements publics de l'Etat. Il soutient que : - sa requête est recevable dès lors qu'il justifie d'un intérêt à agir ; - la condition d'urgence est satisfaite dès lors que, d'une part, en privant certains agents du bénéfice d'un comité social d'administration de proximité, l'arrêté contesté méconnaît le principe de participation des travailleurs, garanti par le huitième alinéa du Préambule de la Constitution de 1946 et, d'autre part, des élections professionnelles sont programmées pour le mois de décembre 2022 ; - il existe un doute sérieux quant à la légalité de la décision contestée ; - l'article 2 de l'arrêté du 3 juin 2022 est entaché d'irrégularité dès lors que, d'une part, il ne prévoit pas, afin de fonder la compétence du comité social d'administration ministériel pour examiner les questions concernant les établissements publics qui ne sont pas dotés d'un comité social d'administration d'établissement public, de condition relative à l'insuffisance des effectifs de ces établissements, en méconnaissance des dispositions de l'article 53 du décret du 20 novembre 2020, et, d'autre part, en tant qu'il ne désigne pas nominalement les établissements publics rattachés directement au comité social d'administration ministériel ; - en ne prévoyant pas l'instauration de comités sociaux d'administration de proximité pour les agents de l'administration supérieure des Terres australes et antarctiques",exces_de_pouvoir,defavorable_requerant,DCE_465275_20220627.xml,DCE,2022-06-27,Décision,Excès de pouvoir,Rejet - irrecevabilité,6053
"La société à responsabilité limitée Haute techniques de façades a demandé au tribunal administratif de Clermont-Ferrand d'annuler la décision du 27 juillet 2016 par laquelle le directeur régional des entreprises, de la concurrence, de la consommation, du travail et de l'emploi d'Auvergne Rhône-Alpes lui a infligé une amende d'un montant total de 10 500 euros en sa qualité de donneur d'ordre ayant recouru au détachement en France de salariés employés par une entreprise ayant son siège social hors du territoire. Par un jugement n° 1601782 du 4 décembre 2018, le tribunal administratif de Clermont-Ferrand a rejeté cette demande. Par un arrêt n° 19LY00557 du 30 janvier 2020, la cour administrative d'appel de Lyon a, sur l'appel de la même société, réformé ce jugement et réduit le montant de l'amende à 3 000 euros. Par un pourvoi, enregistré le 25 mai 2020 au secrétariat du contentieux du Conseil d'Etat, la ministre du travail demande au Conseil d'Etat d'annuler cet arrêt. Par un mémoire, enregistré le 16 mars 2022, la ministre du travail, de l'emploi et de l'insertion déclare se désister purement et simplement de son pourvoi.",plein_contentieux,desistement,ORCE_440807_20220614.xml,ORCE,2022-06-14,Ordonnance,Plein contentieux,R.822-5 Désistement PAPC,2326
"La société à responsabilité limitée PLT a demandé au tribunal administratif de Nancy, d'une part, d'annuler la décision du 21 décembre 2015 par laquelle le directeur régional des entreprises, de la concurrence, de la consommation, du travail et de l'emploi Alsace Champagne-Ardenne Lorraine lui a infligé une amende administrative d'un montant total de 8 000 euros et, d'autre part, de fixer le montant de l'amende à la somme de 1 500 euros ou, subsidiairement, de réduire le montant de l'amende. Par un jugement n° 1601685 du 3 avril 2018, le tribunal administratif de Nancy a réduit le montant de l'amende infligée à 4 000 euros et a rejeté le surplus des conclusions de cette demande. Par un arrêt n° 18NC01659 du 2 juillet 2020, la cour administrative d'appel de Nancy a rejeté l'appel formé par la ministre du travail contre ce jugement. Par un pourvoi, enregistré le 28 août 2020 au secrétariat du contentieux du Conseil d'Etat, la ministre du travail, de l'emploi et de l'insertion demande au Conseil d'Etat d'annuler cet arrêt. Par un mémoire, enregistré le 16 mars 2022, la ministre du travail, de l'emploi et de l'insertion déclare se désister purement et simplement de son pourvoi.",plein_contentieux,desistement,ORCE_443422_20220601.xml,ORCE,2022-06-01,Ordonnance,Plein contentieux,R.822-5 Désistement PAPC,2523
"La société par actions simplifiée Docks de France a demandé au tribunal administratif de Strasbourg de prononcer la décharge de la cotisation de taxe d'enlèvement des ordures ménagères à laquelle elle a été assujettie au titre de l'année 2017 à raison des locaux dont elle est propriétaire sur le territoire de la commune de Strasbourg. Par un jugement n° 1903608 du 7 juillet 2020, le tribunal administratif de Strasbourg a rejeté sa demande. Par un pourvoi, enregistré le 9 septembre 2020 au secrétariat du contentieux du Conseil d'Etat, la société Ceetrus, venant aux droits de la société Docks de France, demande au Conseil d'Etat : 1°) d'annuler ce jugement ; 2°) réglant l'affaire au fond, de faire droit à sa demande ; 3°) de mettre à la charge de l'Etat la somme de 3 000 euros au titre de l'article L. 761-1 du code de justice administrative. Par un mémoire en défense, enregistré le 24 mai 2022, le ministre de l'économie, des finances et de la souveraineté industrielle et numérique conclut au rejet du pourvoi. Par un mémoire, enregistré le 10 juin 2022 au secrétariat du contentieux du Conseil d'Etat la société Ceetrus déclare se désister de son pourvoi. Par un mémoire, enregistré le 16 juin 2022 au secrétariat du contentieux du Conseil d'Etat, le ministre de l'économie, des finances et de la souveraineté industrielle et numérique conclut à ce qu'il soit donné acte de ce désistement.",plein_contentieux,desistement,ORCE_443865_20220627.xml,ORCE,2022-06-27,Ordonnance,Plein contentieux,R. 122-12-1 Désistement,2656
"Par une requête, enregistrée le 5 octobre 2020 au secrétariat du contentieux du Conseil d'Etat, la société Spartoo demande au Conseil d'Etat : 1°) à titre principal, de réformer la délibération n° SAN-2020-0003 du 28 juillet 2020 de la formation restreinte de la Commission nationale de l'informatique et des libertés (CNIL) en tant qu'elle fixe un délai de conservation de deux ans des données relatives aux prospects, pour lui substituer un délai de trois ans ou, à tout le moins, supérieur à deux ans, et en tant qu'elle interdit la conservation et ordonne la suppression des adresses électroniques hachées des anciens clients et prospects, y compris à des fins de déduplication ; 2°) à titre subsidiaire, d'annuler cette délibération sur ces mêmes points et d'enjoindre à la CNIL de reprendre une délibération en ce sens ; 3°) à titre infiniment subsidiaire, et au cas où les dispositions de la délibération seraient jugées indivisibles, d'annuler celle-ci dans son ensemble. Par un mémoire en défense, enregistré le 23 décembre 2020, la CNIL conclut au rejet de la requête. Par un mémoire, enregistré le 15 avril 2022, la société Spartoo déclare se désister purement et simplement de sa requête.",exces_de_pouvoir,desistement,ORCE_445093_20220620.xml,ORCE,2022-06-20,Ordonnance,Excès de pouvoir,R. 122-12-1 Désistement,2535
"M. A B a demandé au tribunal administratif de Rennes d'annuler une décision de la caisse d'allocations familiales du Morbihan relative à son droit au revenu de solidarité active. Par une ordonnance n° 2003399 du 5 octobre 2020, le président de la 8ème chambre du tribunal administratif de Rennes a rejeté cette demande. Par un pourvoi et deux nouveaux mémoires, enregistrés les 21 octobre 2020, 15 janvier et 23 mars 2022 au secrétariat du contentieux du Conseil d'Etat, M. B demande au Conseil d'Etat : 1°) d'annuler cette ordonnance ; 2°) réglant l'affaire au fond, de faire droit à sa demande. Par un premier courrier du 30 octobre 2020, notifié le 4 novembre suivant, la présidente de la 1ère chambre de la section du contentieux a invité M. B à régulariser son pourvoi. Par un second courrier du 8 février 2022, la présidente de la 1ère chambre de la section du contentieux a de nouveau invité M. B à régulariser son pourvoi. Par une décision du 28 avril 2022, notifié le 4 mai suivant, le président du bureau d'aide juridictionnelle a rejeté la demande d'aide juridictionnelle de M. B.",exces_de_pouvoir,defavorable_requerant,ORCE_445564_20220614.xml,ORCE,2022-06-14,Ordonnance,Excès de pouvoir,R.822-5 Rejet PAPC défaut ministère avocat,3508
"Par une requête enregistrée le 19 décembre 2020 au secrétariat du contentieux du Conseil d'Etat, Mme A B demande au Conseil d'Etat : 1°) d'annuler pour excès de pouvoir le décret n° 2020-1310 du 29 octobre 2020 prescrivant les mesures générales nécessaires pour faire face à l'épidémie de covid-19 dans le cadre de l'état d'urgence sanitaire en tant, d'une part, qu'il impose aux enfants des écoles élémentaires le port du masque de protection à l'école et dans le cadre des activités périscolaires (art. 36, II, 3° et 5°), d'autre part, qu'il "" impose "" aux enfants de plus de 6 ans le port du masque de protection "" dans la mesure du possible "" dans tous les cas où il est imposé aux enfants de plus de 11 ans et aux adultes (II de l'annexe 1 au décret) et, enfin, qu'il impose le port systématique du masque "" par tous "" dès lors que les règles de distanciation physique ne peuvent être garanties (I de l'annexe 1 au décret, dernière phrase) ; 2°) à titre subsidiaire, d'enjoindre au Premier ministre d'inscrire dans ce décret, et au ministre de l'éducation nationale dans les protocoles établis à destination des enseignants, la dispense de masque lors de la pratique des activités physiques et sportives. Par un mémoire en défense, enregistré le 6 septembre 2021, le ministre des solidarités et de la santé conclut au rejet de la requête. Par un mémoire en défense enregistré le 29 décembre 2021, le ministre de l'éducation nationale, de la jeunesse et des sports conclut au rejet de la requête. La requête a été communiquée au Premier ministre qui n'a pas produit de mémoire en défense.",exces_de_pouvoir,desistement,ORCE_447997_20220620.xml,ORCE,2022-06-20,Ordonnance,Excès de pouvoir,R. 122-12-1 Désistement,4795
"Procédure contentieuse antérieure : M. A B a demandé au tribunal administratif de Marseille de prononcer la décharge de la cotisation supplémentaire d'impôt sur le revenu à laquelle il a été assujetti au titre de l'année 2008. Par un jugement n° 1103595 du 12 juillet 2013, le tribunal administratif de Marseille a rejeté cette demande. Par un arrêt n° 13MA05089 du 11 juin 2015, la cour administrative d'appel de Marseille a rejeté l'appel formé par M. B contre ce jugement. Par une décision n° 392583 du 15 septembre 2017, le Conseil d'Etat statuant au contentieux n'a pas admis le pourvoi en cassation formé par M. B contre cet arrêt. Par une ordonnance n° 415889 du 30 août 2018, le président de la 9ème chambre de la section du contentieux du Conseil d'Etat a rejeté le recours en révision formé par M. B contre cette décision. Par une ordonnance nos 424462, 428739 du 24 juillet 2019, le président de la 8ème chambre de la section du contentieux du Conseil d'Etat a, d'une part, rayé du registre du secrétariat du contentieux du Conseil d'Etat le recours enregistré sous le n° 428739 et joint les écritures correspondant à ce recours au recours enregistré sous le n° 4244462 et, d'autre part, rejeté le recours en opposition, enregistré sous le n° 424462, formé par M. B contre l'ordonnance du 30 août 2018. Par une ordonnance n° 436300 du 25 mai 2020, le président de la 10ème chambre de la section du contentieux du Conseil d'Etat a rejeté le recours en rectification d'erreur matérielle de M. B contre l'ordonnance du 24 juillet 2019 du président de la 8ème chambre de la section du contentieux du Conseil d'Etat. Recours en rectification d'erreur matérielle : Par une requête, enregistrée le 30 août 2020 au secrétariat du contentieux, M. B demande au Conseil d'Etat de rectifier pour erreur matérielle l'ordonnance du 25 mai 2020 du président de la 10ème chambre de la section du contentieux du Conseil d'Etat. Par une décision du 25 mars 2021, notifiée le 12 avril suivant, le président du bureau d'aide juridictionnelle a rejeté la demande d'aide juridictionnelle de M. B. Par une ordonnance du 27 août 2021, notifiée le 31 août suivant, le président de la section du contentieux a",autres_recours,defavorable_requerant,ORCE_448338_20220601.xml,ORCE,2022-06-01,Ordonnance,Rectif. d'erreur matérielle,R. 122-12-4 Rejet irrecevabilité manifeste,6217
"Par un mémoire enregistré le 18 janvier 2021, M. A B demande au Conseil d'Etat d'interpréter l'article 36 du décret n° 2020-1310 du 29 octobre 2020 prescrivant les mesures générales nécessaires pour faire face à l'épidémie de COVID-19 dans le cadre de l'état d'urgence sanitaire, en ce qui concerne le port du masque des élèves des écoles élémentaires dans les espaces extérieurs. Par un mémoire en défense, enregistré le 11 janvier 2022, le ministre des solidarités et de la santé conclut à l'irrecevabilité de la requête. Par un mémoire en défense enregistré le 13 janvier 2022, le ministre de l'éducation nationale, de la jeunesse et des sports conclut au rejet de la requête. Il s'associe aux observations du ministre des solidarités et de la santé. La requête a été communiquée au Premier ministre qui n'a pas produit de mémoire en défense. Par une lettre du 1er février 2022, notifiée à cette date, M. B a été invité à régulariser son pourvoi dans un délai d'un mois à compter de la réception de cette lettre.",autres_recours,defavorable_requerant,ORCE_448770_20220607.xml,ORCE,2022-06-07,Ordonnance,Recours en interprétation,R.822-5 Rejet PAPC défaut ministère avocat,3364
"Les sociétés par actions simplifiées (SAS) Biomarqueurs et Biopass ont demandé au juge des référés du tribunal administratif de Clermont-Ferrand d'une part, d'ordonner, sur le fondement des dispositions de l'article L. 521-1 du code de justice administrative, la suspension de l'exécution de deux décisions du 6 novembre 2020 par lesquelles le conseil régional d'Auvergne-Rhône-Alpes a résilié leurs conventions attributives de subvention au titre du fonds européen de développement régional (FEDER) et déprogrammé leurs dossiers et de l'arrêté du 6 novembre 2020 du président du conseil régional d'Auvergne-Rhône-Alpes procédant à une désaffectation de crédit d'un montant de 956 135 euros, et d'autre part, d'enjoindre à la région Auvergne-Rhône-Alpes d'examiner les demandes de versement d'acompte, dans un délai de 15 jours à compter de la notification de l'ordonnance à venir. Par une ordonnance n° 2002268 du 7 janvier 2021, le juge des référés du tribunal administratif de Clermont-Ferrand a rejeté leur demande. Par un pourvoi sommaire et un mémoire complémentaire, enregistrés les 22 janvier et 5 février 2021 au secrétariat du contentieux du Conseil d'Etat, les sociétés Biomarqueurs et Biopass demandent au Conseil d'Etat : 1°) d'annuler cette ordonnance ; 2°) de mettre à la charge de la région Auvergne-Rhône-Alpes la somme de 5 000 euros au titre des dispositions de l'article L. 761-1 du code de justice administrative. Par un mémoire en défense, enregistré le 10 décembre 2021 au secrétariat du Conseil d'Etat, la région Auvergne-Rhône-Alpes conclut au rejet du pourvoi et à ce qu'il soit mis à la charge des sociétés Biomarqueurs et Biopass la somme de 4 000 euros au titre de l'article L. 761-1 du code de justice administrative. Il soutient que les moyens soulevés par les sociétés Biomarqueurs et Biopass ne sont pas fondés.",exces_de_pouvoir,non_lieu,ORCE_448992_20220622.xml,ORCE,2022-06-22,Ordonnance,Excès de pouvoir,R. 122-12-3 Non-lieu à statuer,5292
"Mme A B a demandé au tribunal administratif de Cergy-Pontoise d'enjoindre au préfet du Val-d'Oise de lui attribuer un logement correspondant à ses besoins et à ses capacités au titre du I de l'article L. 441-2-3 du code de la construction et de l'habitation. Par une ordonnance n° 2007570 du 30 décembre 2020, prise sur le fondement de l'article R. 222-1 du code de justice administrative, le premier vice-président du tribunal administratif a rejeté sa demande. Par une ordonnance n° 449263 du 15 avril 2021, prise sur le fondement de l'article R. 822-5 du même code, le président de la 5ème chambre de la section du contentieux du Conseil d'Etat a refusé d'admettre le pourvoi formé par Mme B contre cette ordonnance. Par une décision n° 454992 du 31 janvier 2022, le Conseil d'Etat a, sur le recours en rectification d'erreur matérielle formé par Mme B, déclarée non avenue l'ordonnance du 15 avril 2021 et sursis à statuer sur le pourvoi n° 449263 jusqu'à ce que le bureau d'aide juridictionnelle établi près le Conseil d'Etat ait statué sur la demande d'aide juridictionnelle de la requérante. Par une décision du 3 mars 2022, notifiée le 5 mars 2022, le bureau d'aide juridictionnelle établi près le Conseil d'Etat a rejeté la demande d'aide juridictionnelle de Mme B.",exces_de_pouvoir,defavorable_requerant,ORCE_449263_20220628.xml,ORCE,2022-06-28,Ordonnance,Excès de pouvoir,R.822-5 Rejet PAPC défaut ministère avocat,3633
"Par une requête enregistrée le 10 février 2021 au secrétariat du contentieux du Conseil d'Etat, Mme B A demande au Conseil d'Etat : 1°) à titre principal, de saisir la Cour européenne des droits de l'homme, sur le fondement de l'article 1er du protocole n° 16 à la convention européenne de sauvegarde des droits de l'homme et des libertés fondamentales, d'une demande d'avis consultatif sur la question suivante : "" L'interprétation des articles 2, 16 et 17 de la charte des droits fondamentaux de l'Union européenne, de l'article 1er du protocole additionnel de la convention européenne des droits de l'homme et des libertés fondamentales, de l'article 1er du protocole n° 12, des articles 2, 5, 7 et 14 de la convention européenne de sauvegarde des droits de l'homme et des libertés fondamentales s'oppose-t-elle aux dispositions de l'article 36 du décret du 29 octobre 2020 ' "" ; 2°) à titre subsidiaire, d'annuler pour excès de pouvoir l'article 36 du décret n° 2020-1310 du 29 octobre 2020, tel que modifié par le décret n° 2020-1454 du 27 novembre 2020 et le décret n° 2020-1582 du 14 décembre 2020 ; 3°) également à titre subsidiaire, d'enjoindre au Premier ministre de préciser les conditions d'exemption de l'obligation du port du masque dans les établissements scolaires et de prendre des mesures moins restrictives de liberté en tenant compte de l'âge des enfants et de la gravité du virus à leur égard, ainsi que toutes mesures de nature à concilier la crise sanitaire et la protection des enfants, dans un délai de 15 jours à compter de la notification de la décision à intervenir et sous astreinte de 100 euros par jour de retard. La requérante soutient que : - le décret attaqué est entaché d'un vice de procédure dès lors qu'il a été rendu en l'absence du rapport du ministre chargé de la santé en méconnaissance des dispositions de l'article L. 3131-15 du code de la santé publique ; - le décret attaqué est entaché d'erreurs de droit dès lors qu'il n'est pas assorti d'exceptions à l'obligation du port du masque et que la notion de "" groupes différents "" mentionnée à l'article 36 est imprécise ; - le décret attaqué est entaché d'erreur de droit en ce qu'il porte une atteinte",exces_de_pouvoir,favorable_requerant,ORCE_449586_20220620.xml,ORCE,2022-06-20,Ordonnance,Excès de pouvoir,R. 122-12-6 Satisfaction totale série,7427
"Par une requête enregistrée le 26 février 2021 au secrétariat du contentieux du Conseil d'Etat, M. A B demande au Conseil d'Etat : 1°) à titre principal, de saisir la Cour européenne des droits de l'homme, sur le fondement de l'article 1er du protocole n° 16 à la convention européenne de sauvegarde des droits de l'homme et des libertés fondamentales, d'une demande d'avis consultatif sur la question suivante : "" L'interprétation des articles 2, 16 et 17 de la charte des droits fondamentaux de l'Union européenne, de l'article 1er du protocole additionnel de la convention européenne des droits de l'homme et des libertés fondamentales, de l'article 1er du protocole n° 12, des articles 2, 5, 7 et 14 de la convention européenne de sauvegarde des droits de l'homme et des libertés fondamentales s'oppose-t-elle aux dispositions des articles 3 et 4 du décret du 29 octobre 2020 ' "" ; 2°) à titre subsidiaire, d'annuler pour excès de pouvoir les articles 3 et 4 du décret n° 2020-1310 du 29 octobre 2020, tel que modifié par le décret n° 2020-1454 du 27 novembre 2020. En application des dispositions de l'article R. 611-7 du code de justice administrative, les parties ont été informées de ce que la décision du Conseil d'Etat était susceptible d'être fondée sur le moyen, relevé d'office, tiré de ce que les conclusions, enregistrées au secrétariat du contentieux du Conseil d'Etat le 26 février 2021, dirigées contre le décret du 29 octobre 2020 tel que modifié par le décret du 27 novembre 2020 sont tardives, dès lors qu'elles ont été formulées après l'expiration du délai de recours contentieux de deux mois à compter de la publication de ces décrets et sont, par conséquent, irrecevables.",exces_de_pouvoir,defavorable_requerant,ORCE_450200_20220620.xml,ORCE,2022-06-20,Ordonnance,Excès de pouvoir,R. 122-12-4 Rejet irrecevabilité manifeste,4227
"Par une requête enregistrée le 27 février 2021 au secrétariat du contentieux du Conseil d'Etat, Mme B A demande au Conseil d'Etat : 1°) à titre principal, de saisir la Cour européenne des droits de l'homme, sur le fondement de l'article 1er du protocole n° 16 à la convention européenne de sauvegarde des droits de l'homme et des libertés fondamentales, d'une demande d'avis consultatif sur la question suivante : "" L'interprétation des articles 2, 16 et 17 de la charte des droits fondamentaux de l'Union européenne, de l'article 1er du protocole additionnel de la convention européenne des droits de l'homme et des libertés fondamentales, de l'article 1er du protocole n° 12, des articles 2, 5, 7 et 14 de la convention européenne de sauvegarde des droits de l'homme et des libertés fondamentales s'oppose-t-elle aux dispositions des articles 3 et 4 du décret du 29 octobre 2020 ' "" ; 2°) à titre subsidiaire, d'annuler pour excès de pouvoir les articles 3 et 4 du décret n° 2020-1310 du 29 octobre 2020, tel que modifié par le décret n° 2020-1454 du 27 novembre 2020. Par un mémoire en défense, enregistré le 7 mars 2022, le ministre des solidarités et de la santé conclut au rejet de la requête.",exces_de_pouvoir,defavorable_requerant,ORCE_450219_20220620.xml,ORCE,2022-06-20,Ordonnance,Excès de pouvoir,R. 122-12-4 Rejet irrecevabilité manifeste,3734
"Le conseil central de la section A de l'ordre des pharmaciens a demandé au juge des référés du tribunal administratif de Limoges de suspendre, sur le fondement de l'article L. 521-1 du code de justice administrative, l'exécution de l'arrêté du 9 février 2021 par lequel le directeur général de l'Agence régionale de santé de Nouvelle-Aquitaine a confirmé que la société pharmacie Labarre était autorisée à poursuivre son activité au pôle Super U - route de la Meyze à Nexon (87800), pour une durée d'un an. Par une ordonnance n° 2100576 du 30 avril 2021, le juge des référés a suspendu l'exécution de cet arrêté. Par un pourvoi sommaire et un mémoire complémentaire, enregistrés les 17 mai et 1er juin 2021 au secrétariat du contentieux du Conseil d'Etat, la société pharmacie Labarre et Me Philippe Urbain, en qualité de commissaire à l'exécution du plan de redressement de la société, demandent au Conseil d'Etat : 1°) d'annuler cette ordonnance ; 2°) statuant en référé, de rejeter la demande du conseil central de la section A de l'ordre des pharmaciens ; 3°) de mettre à la charge du conseil central de la section A de l'ordre des pharmaciens une somme de 5 000 euros au titre de l'article L. 761-1 du code de justice administrative. Par un mémoire en défense, enregistré le 14 octobre 2021, le Conseil national de l'ordre des pharmaciens conclut au rejet du pourvoi et à ce qu'une somme de 4 000 euros soit mise à la charge de la société pharmacie Labarre et de Me Philippe Urbain, en sa qualité de commissaire à l'exécution du plan de redressement, au titre de l'article L. 761-1 du code de justice administrative.",exces_de_pouvoir,non_lieu,ORCE_452656_20220628.xml,ORCE,2022-06-28,Ordonnance,Excès de pouvoir,R. 122-12-3 Non-lieu à statuer,4462
"Mme C D a demandé au tribunal administratif de Paris, d'une part, d'ordonner une expertise complémentaire afin de réévaluer son préjudice au titre des souffrances morales et son préjudice esthétique et, d'autre part, de condamner le centre hospitalier national d'ophtalmologie des Quinze-Vingts à lui verser la somme totale de 887 495,71 euros en réparation des préjudices qu'elle estime avoir subis du fait de sa prise en charge. Par un jugement n° 1920727 du 11 juin 2020, le tribunal administratif a condamné le centre hospitalier national d'ophtalmologie des Quinze-Vingts à verser la somme de 87 157,15 euros à Mme D ainsi que la somme de 3 000 euros à chacun de ses trois enfants en réparation de leurs préjudices, à verser à la caisse primaire d'assurances maladies (CPAM) de la Seine-Saint-Denis la somme de 1 077,87 euros au titre des débours exposés et la somme de 359,29 euros au titre de l'indemnité forfaitaire de gestion et a rejeté le surplus des conclusions de Mme D et de la CPAM de la Seine-Saint-Denis. Par un arrêt n°s 20PA01987, 20PA02238 du 25 mars 2021, la cour administrative d'appel de Paris a, sur appel du centre hospitalier national d'ophtalmologie des Quinze-Vingts et de Mme D, ramené à 55 155 euros et à 600 euros la somme que le centre hospitalier national d'ophtalmologie des Quinze-Vingts est condamné à verser respectivement à Mme D et à chacun de ses enfants et a rejeté le surplus des conclusions de Mme D et du centre hospitalier national d'ophtalmologie des Quinze-Vingts. Par un pourvoi sommaire et un mémoire complémentaire, enregistrés le 25 mai 2021 et le 17 janvier 2022 au secrétariat du contentieux du Conseil d'Etat, Mme D, agissant à titre personnel et en qualité de représentante légale de ses deux enfants mineurs C B et A B, demande au Conseil d'Etat : 1°) d'annuler cet arrêt en tant qu'il rejette le surplus de ses conclusions ; 2°) réglant l'affaire au fond, de faire droit à son appel ; 3°) de mettre à la charge du centre hospitalier national d'ophtalmologie des Quinze-Vingts la somme de 6 000 euros au titre des articles 37 de la loi du 10 juillet 1991 L. 761-1 du code de justice administrative. En application des dispositions de l'article",exces_de_pouvoir,autre_issue,ORCE_452931_20220617.xml,ORCE,2022-06-17,Ordonnance,Excès de pouvoir,Admission partielle en cassation,5554
"M. A B a formé une plainte le 21 février 2020 auprès de la Commission nationale de l'informatique et des libertés (CNIL) à la suite de la décision du 11 février 2020 de refus de déréférencement opposée par la société Google LLC à sa demande. Le 24 février 2020, la CNIL en a accusé réception et a indiqué informer le requérant, dans un délai de trois mois, de l'état d'avancement du dossier. Par un courriel du 3 novembre 2020, la CNIL a informé M. B de sa décision de demander à Google LLC de reconsidérer le refus de déréférencement, en indiquant que le reconfinement était susceptible d'affecter les délais de traitement. Entre le 9 décembre 2020 et le 14 avril 2021, M. B a contacté à plusieurs reprises la CNIL pour obtenir des informations sur les suites données à sa demande. Par une requête enregistrée le 14 juin 2021 au secrétariat du contentieux du Conseil d'Etat, M. B, représenté par la SCP Boulloche, demande au Conseil d'Etat : 1°) d'annuler le refus de la CNIL d'informer l'exposant des suites de sa plainte ; 2°) d'enjoindre à la CNIL de l'informer des suites données à sa plainte ; 3°) subsidiairement, d'annuler la décision de la CNIL de ne pas mettre en demeure l'exploitant du moteur de recherche Google de procéder au déréférencement visé par la plainte du 21 février 2020 ; 4°) subsidiairement, d'enjoindre à la CNIL de procéder à cette mise en demeure dans un délai d'un mois à compter de la notification de cette décision, sous astreinte de 1 000 euros par jour de retard ; 5°) de mettre à la charge de la CNIL la somme de 5 000 euros au titre de l'article L. 761-1 du code de justice administrative. Par un mémoire, enregistré le 25 octobre 2021, M. B conclut à ce que le Conseil d'Etat constate qu'il n'y a plus lieu de statuer sur ses conclusions principales, le déréférencement litigieux ayant été effectué par la société Google LLC le 13 août 2021 suite à la demande de la CNIL. Il maintient ses conclusions présentées sur le fondement de l'article L. 761-1 du code de justice administrative. Par une lettre enregistrée le 12 janvier 2022 au secrétariat du contentieux du Conseil d'Etat, la CNIL indique ne pas produire d'observations.",exces_de_pouvoir,non_lieu,ORCE_453563_20220630.xml,ORCE,2022-06-30,Ordonnance,Excès de pouvoir,R. 122-12-3 Non-lieu à statuer,4556
"M. A B a demandé à la Cour nationale du droit d'asile d'annuler la décision du 16 novembre 2020 par laquelle l'Office français de protection des réfugiés et apatrides a rejeté sa demande d'asile. Par une décision n° 21007504 du 31 mai 2021, la Cour nationale du droit d'asile a rejeté cette demande. Par un pourvoi, enregistré le 28 juin 2021 au secrétariat du contentieux du Conseil d'Etat, M. B demande au Conseil d'Etat : 1°) d'annuler cette décision ; 2°) réglant l'affaire au fond, de faire droit à la demande qu'il avait présentée devant la Cour. Par une décision du 26 août 2021, notifiée le 30 août 2021, le bureau d'aide juridictionnelle a rejeté la demande d'aide juridictionnelle de M. B. Par une ordonnance du 25 novembre 2021, notifiée le 10 décembre 2021, le président de la Section du contentieux du Conseil d'Etat a rejeté le recours formé par M. B contre cette décision du bureau d'aide juridictionnelle.",plein_contentieux,defavorable_requerant,ORCE_453979_20220602.xml,ORCE,2022-06-02,Ordonnance,Plein contentieux,R.822-5 Rejet PAPC défaut ministère avocat,3268
"M. A B a demandé au tribunal administratif de Poitiers d'annuler la décision du 25 janvier 2019 par laquelle le ministre de l'intérieur a constaté la perte de validité de son permis de conduire pour solde de points nul et d'enjoindre au ministre de lui restituer son permis de conduire. Par un jugement n° 1900420 du 4 mai 2021, le tribunal administratif a rejeté sa demande. Par un pourvoi et trois nouveaux mémoires, enregistrés les 8 et 28 juillet 2021, le 8 décembre 2021 et le 12 janvier 2022 au secrétariat du contentieux du Conseil d'Etat, M. B demande au Conseil d'Etat : 1°) d'annuler ce jugement ; 2°) réglant l'affaire au fond, de faire droit à sa demande. Par une décision du 29 décembre 2021, notifiée le 5 janvier 2022, le bureau d'aide juridictionnelle établi près le Conseil d'Etat a rejeté la demande d'aide juridictionnelle de M. B. Par une ordonnance du 25 février 2022, notifiée le 1er mars 2022, le président de la section du contentieux du Conseil d'Etat a rejeté le recours formé par M. B contre ce refus d'aide juridictionnelle.",exces_de_pouvoir,defavorable_requerant,ORCE_454378_20220623.xml,ORCE,2022-06-23,Ordonnance,Excès de pouvoir,R.822-5 Rejet PAPC défaut ministère avocat,3471
"L'association Proxidentaire a demandé au juge des référés du tribunal administratif de Dijon, sur le fondement de l'article L. 521-2 du code de justice administrative, de constater que les manquements relevés par la décision du 8 juin 2021 par laquelle le directeur général de l'agence régionale de santé de Bourgogne Franche-Comté a prononcé la suspension immédiate et totale de l'activité du centre de santé dentaire Proxidentaire de Chevigny-Saint-Sauveur ont été corrigés, de suspendre l'exécution de cette décision et d'autoriser la réouverture du centre de santé ou, subsidiairement, de trois salles de soins. Par une ordonnance n° 2101659 du 23 juin 2021, le juge des référés du tribunal administratif de Dijon, faisant application de l'article L. 522-3 du code de justice administrative, a rejeté cette demande. Par un pourvoi sommaire et un mémoire complémentaire, enregistrés les 8 et 23 juillet 2021 au secrétariat du contentieux du Conseil d'Etat, l'association Proxidentaire, représentée par la SCP Baraduc, Duhamel, Rameix, demande au Conseil d'Etat : 1°) d'annuler cette ordonnance ; 2°) statuant en référé, de faire droit à sa demande ; 3°) de mettre à la charge de l'Etat la somme de 3 000 euros au titre de l'article L. 761-1 du code de justice administrative. Par un courrier du 12 avril 2022, notifié le lendemain, en application des dispositions de l'article R. 822-5-1 du code de justice administrative, l'avocat de l'association Proxidentaire a été informé que la décision du Conseil d'Etat était susceptible d'être prise en application de l'article R. 822-5 du même code.",exces_de_pouvoir,defavorable_requerant,ORCE_454397_20220615.xml,ORCE,2022-06-15,Ordonnance,Excès de pouvoir,R.822-5-3 Rejet PAPC référé,4044
"Vu les autres pièces du dossier ; Vu : - la loi n° 91-647 du 10 juillet 1991 ; - le code de justice administrative ; Considérant ce qui suit : 1. Aux termes de l'article R. 122-12 du code de justice administrative : "" Le président de la section du contentieux, les présidents adjoints de cette section, les présidents de chambre et les conseillers d'Etat mentionnés au quatrième alinéa de l'article R. 122-7 peuvent par ordonnance : () 3°) Constater qu'il n'y a pas lieu de statuer sur une requête "". 2. Il ressort des pièces du dossier que, postérieurement à l'introduction de son pourvoi, M. A a été convoqué et reçu par les services de la préfecture du Val-de-Marne le 27 septembre 2021 en vue du dépôt de sa demande de titre de séjour. Ainsi, les conclusions du pourvoi présenté par M. A dirigé contre l'ordonnance par laquelle le juge des référés du tribunal administratif de Melun a refusé de faire droit à sa demande tendant à ce qu'il soit enjoint à la préfète du Val-de-Marne de lui accorder un rendez-vous sont devenues sans objet. Il n'y a, dès lors, plus lieu d'y statuer. 3. M. A a obtenu le bénéfice de l'aide juridictionnelle. Par suite, son avocat peut se prévaloir des dispositions des articles L. 761-1 du code de justice administrative et 37 de la loi du 10 juillet 1991. Il y a lieu, dans les circonstances de l'espèce, et sous réserve que la SCP Gatineau - Fattaccini - Rebeyrol, avocat de M. A, renonce à percevoir la somme correspondant à la part contributive de l'Etat, de mettre à la charge de l'Etat la somme de 1 500 euros à verser à cette société. O R D O N N E : Article 1er : Il n'y a pas lieu de statuer sur le pourvoi de M. A. Article 2 : L'Etat versera à la SCP Gatineau - Fattaccini - Rebeyrol une somme de 1 500 euros au titre des articles L. 761-1 du code de justice administrative et 37 de la loi du 10 juillet 1991, sous réserve que cette société renonce à percevoir la somme correspondant à la part contributive de l'Etat. Article 3 : La présente décision sera notifiée à M. A A et au ministre de l'intérieur. Fait à Paris, le 14 juin 202Signé : N. BOULOUIS La République mande et ordonne au ministre de l'intérieur, en ce qui le concerne et à tous huissiers à",exces_de_pouvoir,non_lieu,ORCE_454433_20220614.xml,ORCE,2022-06-14,Ordonnance,Excès de pouvoir,R.822-5 Non-lieu PAPC,2421
"Mme B A a demandé au juge des référés du tribunal administratif de La Réunion, sur le fondement de l'article L. 521-1 du code de justice administrative, de suspendre l'exécution de la décision du 12 mai 2021 par laquelle le directeur général du centre hospitalier universitaire de La Réunion a procédé à la fermeture du service d'urologie du site Nord de l'établissement public de santé. Par une ordonnance n° 2100646 du 28 juin 2021, le juge des référés du tribunal administratif de La Réunion a rejeté cette demande. Par un pourvoi sommaire et un mémoire complémentaire, enregistrés les 13 et 29 juillet 2021 au secrétariat du contentieux du Conseil d'Etat, Mme A, représentée par la SCP Gaschignard, demande au Conseil d'Etat : 1°) d'annuler cette ordonnance ; 2°) de mettre à la charge du centre hospitalier universitaire de La Réunion la somme de 3 000 euros au titre de l'article L. 761-1 du code de justice administrative. Par un courrier du 29 avril 2022, notifié le même jour, en application des dispositions de l'article R. 822-5-1 du code de justice administrative, l'avocat de Mme A a été informé que la décision du Conseil d'Etat était susceptible d'être prise en application de l'article R. 822-5 du même code.",exces_de_pouvoir,defavorable_requerant,ORCE_454497_20220601.xml,ORCE,2022-06-01,Ordonnance,Excès de pouvoir,R.822-5-3 Rejet PAPC référé,3434
"M. B A a demandé à la Cour nationale du droit d'asile d'annuler la décision du 30 mars 2021 par laquelle l'Office français de protection des réfugiés et apatrides a rejeté sa demande d'asile et de le convoquer à une audience. Par une ordonnance n° 21021172 du 30 juin 2021, une présidente de formation de jugement de la Cour nationale du droit d'asile a rejeté cette demande. Par un pourvoi, enregistré le 4 août 2021 au secrétariat du contentieux du Conseil d'Etat, M. A demande au Conseil d'Etat : 1°) d'annuler cette ordonnance ; 2°) réglant l'affaire au fond, de faire droit à la demande qu'il avait présentée devant la Cour. Par une décision du 20 août 2021, régulièrement notifiée, le bureau d'aide juridictionnelle a rejeté la demande d'aide juridictionnelle de M. A.",plein_contentieux,defavorable_requerant,ORCE_455248_20220602.xml,ORCE,2022-06-02,Ordonnance,Plein contentieux,R.822-5 Rejet PAPC défaut ministère avocat,3167
"Par une requête et un mémoire en réplique, enregistrés les 30 août 2021 et 11 mai 2022 au secrétariat du contentieux du Conseil d'Etat, Mme B A demande au Conseil d'Etat d'annuler pour excès de pouvoir l'article 1er du décret n° 2021-1059 du 7 août 2021 modifiant le décret n° 2021-699 du 1er juin 2021 prescrivant les mesures générales nécessaires à la gestion de la sortie de crise sanitaire. Par un mémoire en défense, enregistré le 28 avril 2022, le ministre des solidarités et de la santé conclut au rejet de la requête.",exces_de_pouvoir,desistement,ORCE_456104_20220630.xml,ORCE,2022-06-30,Ordonnance,Excès de pouvoir,R. 122-12-1 Désistement d'office,3296
"Mme B a demandé à la Cour nationale du droit d'asile d'annuler la décision du 8 février 2021 par laquelle l'Office français de protection des réfugiés et apatrides a rejeté sa demande d'asile. Par une décision n° 21016153 du 2 juillet 2021, une présidente de formation de jugement de la Cour nationale du droit d'asile a rejeté cette demande. Par un pourvoi, enregistré le 30 août 2021 au secrétariat du contentieux du Conseil d'Etat, Mme A demande au Conseil d'Etat : 1°) d'annuler cette décision ; 2°) réglant l'affaire au fond, de faire droit à la demande qu'elle avait présentée devant la Cour. Par une décision du 28 septembre 2021, notifiée le 6 octobre 2021, le bureau d'aide juridictionnelle a rejeté la demande d'aide juridictionnelle de Mme A. Par une ordonnance du 25 novembre 2021, régulièrement notifiée, le président de la Section du contentieux du Conseil d'Etat a rejeté le recours formé par Mme A contre cette décision du bureau d'aide juridictionnelle.",plein_contentieux,defavorable_requerant,ORCE_456124_20220602.xml,ORCE,2022-06-02,Ordonnance,Plein contentieux,R.822-5 Rejet PAPC défaut ministère avocat,3450
"Par une requête, enregistrée le 7 septembre 2021 au secrétariat du contentieux du Conseil d'Etat, la Fédération autonome des sapeurs-pompiers professionnels et des personnels administratifs techniques et spécialisés demande au Conseil d'Etat : 1°) d'annuler pour excès de pouvoir le décret n° 2021-1059 du 7 août 2021 modifiant le décret n° 2021-699 du 1er juin 2021 prescrivant les mesures générales nécessaires à la gestion de la sortie de crise sanitaire ; 2°) de mettre à la charge de l'Etat la somme de 4 000 euros au titre de l'article L. 761-1 du code de justice administrative.",exces_de_pouvoir,desistement,ORCE_456398_20220630.xml,ORCE,2022-06-30,Ordonnance,Excès de pouvoir,R. 122-12-1 Désistement d'office,3865
"(/p) (p)Par une requête, enregistrée le 7 septembre 2021 au secrétariat du contentieux du Conseil d'Etat, la Fédération autonome des sapeurs-pompiers professionnels et des personnels administratifs techniques et spécialisés demande au Conseil d'Etat :(/p) (p)1°) d'annuler pour excès de pouvoir le décret n° 2021-1059 du 7 août 2021 modifiant le décret n° 2021-699 du 1er juin 2021 prescrivant les mesures générales nécessaires à la gestion de la sortie de crise sanitaire ; (/p) (p)2°) de mettre à la charge de l'Etat la somme de 4 000 euros au titre de l'article L. 761-1 du code de justice administrative.(/p) (p)",exces_de_pouvoir,defavorable_requerant,ORCE_456956_20220630.xml,ORCE,2022-06-30,Ordonnance,Excès de pouvoir,R. 122-12-4 Rejet irrecevabilité manifeste,4015
"Procédure contentieuse antérieure : M. A B a demandé au tribunal administratif de Nantes d'annuler la décision du 30 octobre 2017 par laquelle le greffier en chef du tribunal d'instance de Juvisy-sur-Orge a refusé de lui délivrer un certificat de nationalité française. Par une ordonnance n° 2000772 du 29 avril 2020, le président de la 1ère chambre du tribunal administratif de Nantes a rejeté sa demande. Par une ordonnance n° 20NT01802 du 21 octobre 2020, le président de la 5ème chambre de la cour administrative d'appel de Nantes a rejeté l'appel formé par M. B contre cette ordonnance. Par une ordonnance n° 446685 du 8 juillet 2021, le président de la 2ème chambre de la Section du contentieux du Conseil d'Etat a rejeté sa demande sur le fondement de l'article R. 822-5 du code de justice administrative. Recours en révision : Par une requête, enregistrée le 10 septembre 2021 au secrétariat du contentieux du Conseil d'Etat, M. B demande au Conseil d'État d'annuler l'ordonnance du 8 juillet 2021 du président de la 2ème chambre de la Section du contentieux du Conseil d'Etat. Par une lettre du 11 octobre 2021, notifiée le 9 novembre 2021, M. B a été invité à régulariser sa requête dans un délai d'un mois à compter de la réception de cette lettre. Par une décision du 4 janvier 2022, régulièrement notifiée, le bureau d'aide juridictionnelle a rejeté la demande d'aide juridictionnelle de M. B. Par une ordonnance du 11 avril 2022, régulièrement notifiée, le président de la Section du contentieux du Conseil d'Etat a rejeté le recours formé par M. B contre cette décision du bureau d'aide juridictionnelle.",autres_recours,defavorable_requerant,ORCE_456960_20220630.xml,ORCE,2022-06-30,Ordonnance,Recours en révision,R. 122-12-4 Rejet irrecevabilité manifeste,4331
"M. A B a demandé à la Cour nationale du droit d'asile d'annuler la décision du 26 février 2021 par laquelle l'Office français de protection des réfugiés et apatrides a rejeté sa demande d'asile. Par une ordonnance n° 21018505 du 16 juillet 2021, un président de formation de jugement de la Cour nationale du droit d'asile a rejeté cette demande. Par un pourvoi, enregistré le 1er octobre 2021 au secrétariat du contentieux du Conseil d'Etat, M. B demande au Conseil d'Etat : 1°) d'annuler cette ordonnance ; 2°) réglant l'affaire au fond, de faire droit à la demande qu'il avait présentée devant la Cour. Par une décision du 14 octobre 2021, régulièrement notifiée, le bureau d'aide juridictionnelle a rejeté la demande d'aide juridictionnelle de M. B.",plein_contentieux,defavorable_requerant,ORCE_457171_20220603.xml,ORCE,2022-06-03,Ordonnance,Plein contentieux,R.822-5 Rejet PAPC défaut ministère avocat,3143
"M. B A a demandé à la Cour nationale du droit d'asile d'annuler la décision du 31 mars 2021 par laquelle l'Office français de protection des réfugiés et apatrides a rejeté sa demande d'asile. Par une ordonnance n° 21024260 du 20 juillet 2021, une présidente de formation de jugement de la Cour nationale du droit d'asile a rejeté cette demande. Par un pourvoi, enregistré le 1er octobre 2021 au secrétariat du contentieux du Conseil d'Etat, M. A demande au Conseil d'Etat : 1°) d'annuler cette ordonnance ; 2°) réglant l'affaire au fond, de faire droit à la demande qu'il avait présentée devant la Cour. Par une décision du 14 octobre 2021, notifiée le 5 novembre 2021, le bureau d'aide juridictionnelle a rejeté la demande d'aide juridictionnelle de M. A.",plein_contentieux,defavorable_requerant,ORCE_457181_20220603.xml,ORCE,2022-06-03,Ordonnance,Plein contentieux,R.822-5 Rejet PAPC défaut ministère avocat,3149
"Mme B A a demandé au tribunal administratif de Châlons-en-Champagne d'annuler pour excès de pouvoir la décision du 16 juin 2020 par laquelle la commission de médiation de la Marne a refusé de la désigner comme prioritaire pour être logée d'urgence. Par un jugement n° 2001564 du 26 juillet 2021, le tribunal administratif a rejeté sa demande. Par un pourvoi sommaire, enregistré le 1er octobre 2021 au secrétariat du contentieux du Conseil d'Etat, Mme A demande au Conseil d'Etat : 1°) d'annuler ce jugement ; 2°) réglant l'affaire au fond, de faire droit à sa demande ; 3°) de mettre à la charge de l'Etat la somme de 4 000 euros au titre de l'article L. 761-1 du code de justice administrative.",exces_de_pouvoir,desistement,ORCE_457190_20220628.xml,ORCE,2022-06-28,Ordonnance,Excès de pouvoir,R.822-5 Désistement d'office PAPC,2898
"M. B A a demandé à la Cour nationale du droit d'asile d'annuler la décision du 30 juin 2021 par laquelle l'Office français de protection des réfugiés et apatrides a rejeté sa demande d'asile. Par une ordonnance n° 21039331 du 23 septembre 2021, un président de formation de jugement de la Cour nationale du droit d'asile a rejeté cette demande. Par un pourvoi, enregistré le 4 octobre 2021 au secrétariat du contentieux du Conseil d'Etat, M. A demande au Conseil d'Etat : 1°) d'annuler cette ordonnance ; 2°) réglant l'affaire au fond, de faire droit à la demande qu'il avait présentée devant la Cour. Par une décision du 14 octobre 2021, notifiée le 2 décembre 2021, le bureau d'aide juridictionnelle a rejeté la demande d'aide juridictionnelle de M. A. Par une lettre du 7 janvier 2022, notifiée le 17 janvier 2022, M. A a été invité à régulariser son pourvoi dans un délai d'un mois à compter de la réception de cette lettre.",plein_contentieux,defavorable_requerant,ORCE_457210_20220603.xml,ORCE,2022-06-03,Ordonnance,Plein contentieux,R.822-5 Rejet PAPC défaut ministère avocat,3643
"M. B A a demandé à la Cour nationale du droit d'asile d'annuler la décision du 21 avril 2021 par laquelle l'Office français de protection des réfugiés et apatrides a rejeté sa demande d'asile. Par une décision n° 21020854 du 20 septembre 2021, un président de formation de jugement de la Cour nationale du droit d'asile a rejeté cette demande. Par un pourvoi, enregistré le 4 octobre 2021 au secrétariat du contentieux du Conseil d'Etat, M. A demande au Conseil d'Etat : 1°) d'annuler cette décision ; 2°) réglant l'affaire au fond, de faire droit à la demande qu'il avait présentée devant la Cour. Par une décision du 14 octobre 2021, notifiée le 25 octobre 2021, le bureau d'aide juridictionnelle a rejeté la demande d'aide juridictionnelle de M. A.",plein_contentieux,defavorable_requerant,ORCE_457220_20220603.xml,ORCE,2022-06-03,Ordonnance,Plein contentieux,R.822-5 Rejet PAPC défaut ministère avocat,3139
"M. B A a demandé à la commission du contentieux du stationnement payant d'annuler le titre exécutoire émis par l'Agence nationale de traitement automatisé des infractions en vue du recouvrement du forfait de post-stationnement mis à sa charge le 29 octobre 2019 par la commune de Montreuil et de la majoration dont il est assorti. Par une ordonnance n° 20040760 du 25 août 2021, le magistrat désigné par la présidente de la commission du contentieux du stationnement payant a rejeté sa requête. Par un pourvoi, enregistré le 8 octobre 2021 au secrétariat du contentieux du Conseil d'Etat, M. A demande au Conseil d'Etat : 1°) d'annuler cette ordonnance ; 2°) réglant l'affaire au fond, de faire droit à sa requête. Par une décision du 25 octobre 2021, notifiée le 30 octobre 2021, le bureau d'aide juridictionnelle établi près le Conseil d'Etat a rejeté la demande d'aide juridictionnelle de M. A.",plein_contentieux,defavorable_requerant,ORCE_457331_20220623.xml,ORCE,2022-06-23,Ordonnance,Plein contentieux,R.822-5 Rejet partiel PAPC défaut d'avocat,3213
"Par une requête sommaire, enregistrée le 8 octobre 2021 au secrétariat du contentieux du Conseil d'Etat, l'association La Quadrature du Net demande au Conseil d'Etat : 1°) d'annuler, pour excès de pouvoir, les dispositions du e) du 2° de l'article 1er du décret n° 2021-1059 du 7 août 2021 modifiant le décret n° 2021-699 du 1er juin 2021 prescrivant les mesures générales nécessaires à la gestion de la sortie de crise sanitaire ; 2°) de mettre à la charge de l'Etat la somme de 4 096 euros au titre de l'article L. 761-1 du code de justice administrative.",exces_de_pouvoir,desistement,ORCE_457347_20220620.xml,ORCE,2022-06-20,Ordonnance,Excès de pouvoir,R. 122-12-1 Désistement,2853
"M. B A a demandé au tribunal administratif de Rouen d'ordonner une nouvelle mesure d'expertise afin de réévaluer la responsabilité du centre hospitalier d'Eu quant aux préjudices qu'il estime avoir subis lors de sa prise en charge et de condamner le centre hospitalier d'Eu à lui verser la somme de 100 000 euros à titre provisionnel. Par un jugement n° 1702618 du 6 juin 2019, le tribunal administratif a rejeté sa demande. Par un arrêt n° 19DA01870 du 16 février 2021, la cour administrative d'appel a rejeté l'appel formé par M. A contre ce jugement. Par un pourvoi sommaire et un mémoire complémentaire, enregistrés les 11 octobre 2021 et 11 janvier 2022 au secrétariat du contentieux du Conseil d'Etat, M. A demande au Conseil d'Etat : 1°) d'annuler cet arrêt ; 2°) réglant l'affaire au fond, de faire droit à son appel ; 3°) de mettre à la charge du centre hospitalier d'Eu la somme de 3 500 euros au titre des articles 37 de la loi n° 91-647 du 10 juillet 1991 et L. 761-1 du code de justice administrative. En application des dispositions de l'article R. 822-5-1 du code de justice administrative, l'avocat du requérant a été informé que la décision du Conseil d'Etat était susceptible d'être prise en application de l'article R. 822-5 du même code.",plein_contentieux,defavorable_requerant,ORCE_457382_20220617.xml,ORCE,2022-06-17,Ordonnance,Plein contentieux,R.822-5 Rejet PAPC pourvoi non fondé,3030
"Par une requête et un nouveau mémoire, enregistrés les 11 octobre et 4 novembre 2021 au secrétariat du contentieux du Conseil d'Etat, M. A B demande au Conseil d'Etat d'annuler pour excès de pouvoir le décret n° 2021-1268 du 29 septembre 2021 modifiant le décret n° 2021-699 du 1er juin 2021 prescrivant les mesures générales nécessaires à la gestion de la sortie de crise sanitaire. Par une lettre du 20 octobre 2021, notifiée le 30 octobre 2021, M. B a été invité à régulariser sa requête dans un délai de quinze jours à compter de la réception de cette lettre.",exces_de_pouvoir,defavorable_requerant,ORCE_457387_20220602.xml,ORCE,2022-06-02,Ordonnance,Excès de pouvoir,R. 122-12-7 Rejet irrecevabilité (moyens),2535
"M. B A a demandé au tribunal administratif de Montreuil de condamner l'Etat à lui verser la somme de 30 000 euros en réparation des préjudices qu'il estime avoir subis du fait de son absence de relogement. Par un jugement n° 1904802 du 5 janvier 2021, le tribunal administratif a rejeté sa demande. Par un pourvoi sommaire et un mémoire complémentaire, enregistrés les 18 octobre et 27 décembre 2021 au secrétariat du contentieux du Conseil d'Etat, M. A demande au Conseil d'Etat : 1°) d'annuler ce jugement ; 2°) réglant l'affaire au fond, de faire droit à sa demande ; 3°) de mettre à la charge de l'Etat la somme de 3 000 euros au titre des articles 37 de la loi du 10 juillet 1991 et L. 761-1 du code de justice administrative. En application des dispositions de l'article R. 822-5-1 du code de justice administrative, l'avocat du requérant a été informé que la décision du Conseil d'Etat était susceptible d'être prise en application de l'article R. 822-5 du même code.",plein_contentieux,defavorable_requerant,ORCE_457599_20220628.xml,ORCE,2022-06-28,Ordonnance,Plein contentieux,R.822-5 Rejet PAPC pourvoi non fondé,3312
"Mme A B a demandé au tribunal administratif de Montreuil d'annuler l'arrêté du 20 août 2019 par lequel le préfet de la Seine-Saint-Denis a refusé de lui délivrer un titre de séjour, l'a obligée à quitter le territoire français dans un délai de trente jours et a fixé le pays de destination. Par un jugement n° 2000322 du 2 février 2021, le tribunal administratif de Montreuil a annulé cet arrêté et enjoint au préfet de la Seine-Saint-Denis de réexaminer la demande de Mme B dans un délai de trois mois. Par un arrêt n°s 21PA01152, 21PA01415 du 21 mai 2021, la cour administrative d'appel de Paris a, sur appel du préfet de la Seine-Saint-Denis, jugé qu'il n'y avait pas lieu de statuer sur les conclusions à fin de sursis à exécution du jugement du tribunal administratif de Montreuil, annulé ce jugement et rejeté la demande de Mme B devant ce tribunal. Par un pourvoi sommaire et un mémoire complémentaire, enregistrés les 18 octobre 2021 et 18 janvier 2022 au secrétariat du contentieux du Conseil d'Etat, Mme B demande au Conseil d'Etat : 1°) d'annuler cet arrêt ; 2°) réglant l'affaire au fond, de rejeter l'appel du préfet; 3°) de mettre à la charge de l'Etat la somme de 3 000 euros à verser à son avocat au titre des articles L. 761-1 du code de justice administrative et 37 de la loi du 10 juillet 1991. En application des dispositions de l'article R. 822-5-1 du code de justice administrative, l'avocat de Mme B a été informée le 16 mai 2022 que la décision du Conseil d'Etat était susceptible d'être prise en application de l'article R. 822-5 du même code.",exces_de_pouvoir,defavorable_requerant,ORCE_457615_20220607.xml,ORCE,2022-06-07,Ordonnance,Excès de pouvoir,R.822-5 Rejet PAPC pourvoi non fondé,3858
"M. B A a demandé à la Cour nationale du droit d'asile d'annuler la décision du 15 juin 2021 par laquelle l'Office français de protection des réfugiés et apatrides a rejeté sa demande d'asile et de le convoquer à une audience. Par une ordonnance n° 21031907 du 31 août 2021, une présidente de formation de jugement de la Cour nationale du droit d'asile a rejeté cette demande. Par un pourvoi, enregistré le 29 octobre 2021 au secrétariat du contentieux du Conseil d'Etat, M. A demande au Conseil d'Etat : 1°) d'annuler cette ordonnance ; 2°) réglant l'affaire au fond, de faire droit à la demande qu'il avait présentée devant la Cour. Par une décision du 15 novembre 2021, notifiée le 24 novembre 2021, le bureau d'aide juridictionnelle a rejeté la demande d'aide juridictionnelle de M. A.",plein_contentieux,defavorable_requerant,ORCE_458003_20220603.xml,ORCE,2022-06-03,Ordonnance,Plein contentieux,R.822-5 Rejet PAPC défaut ministère avocat,3181
"M. B A a demandé à la Cour nationale du droit d'asile d'annuler la décision du 27 avril 2021 par laquelle l'Office français de protection des réfugiés et apatrides a rejeté sa demande d'asile. Par une décision n° 21022716 du 17 septembre 2021, la Cour nationale du droit d'asile a rejeté cette demande. Par un pourvoi, enregistré le 29 octobre 2021 au secrétariat du contentieux du Conseil d'Etat, M. A demande au Conseil d'Etat : 1°) d'annuler cette décision ; 2°) réglant l'affaire au fond, de faire droit à la demande qu'il avait présentée devant la Cour. Par une décision du 15 novembre 2021, notifiée le 23 novembre 2021, le bureau d'aide juridictionnelle a rejeté la demande d'aide juridictionnelle de M. A.",plein_contentieux,defavorable_requerant,ORCE_458030_20220603.xml,ORCE,2022-06-03,Ordonnance,Plein contentieux,R.822-5 Rejet PAPC défaut ministère avocat,3060
"M. B A a demandé à la Cour nationale du droit d'asile d'annuler la décision du 29 avril 2021 par laquelle l'Office français de protection des réfugiés et apatrides a rejeté sa demande d'asile. Par une décision n° 21025355 du 8 octobre 2021, la Cour nationale du droit d'asile a rejeté cette demande. Par un pourvoi, enregistré le 29 octobre 2021 au secrétariat du contentieux du Conseil d'Etat, M. A demande au Conseil d'Etat : 1°) d'annuler cette décision ; 2°) réglant l'affaire au fond, de faire droit à la demande qu'il avait présentée devant la Cour. Par une décision du 15 novembre 2021, notifiée le 18 novembre 2021, le bureau d'aide juridictionnelle a rejeté la demande d'aide juridictionnelle de M. A.",plein_contentieux,defavorable_requerant,ORCE_458032_20220603.xml,ORCE,2022-06-03,Ordonnance,Plein contentieux,R.822-5 Rejet PAPC défaut ministère avocat,3057
"M. B A a demandé au tribunal administratif de Montpellier de condamner l'Office national d'indemnisation des accidents médicaux, des affections iatrogènes et des infections nosocomiales (ONIAM) à lui verser la somme globale de 470 492,45 euros en réparation des préjudices qu'il estime avoir subis lors de sa prise en charge au centre hospitalier de Béziers. Par un jugement n° 1902238 du 22 juin 2020, le tribunal administratif a rejeté sa demande. s Par une ordonnance n° 20MA02673 du 2 septembre 2021, prise sur le fondement de l'article R. 222-1 du code de justice administrative, le président de la 2ème chambre de la cour administrative d'appel de Marseille a rejeté l'appel formé par M. A contre ce jugement. Par un pourvoi sommaire et un mémoire complémentaire, enregistrés les 3 novembre 2021 et 2 février 2022 au secrétariat du contentieux du Conseil d'Etat, M. A demande au Conseil d'Etat : 1°) d'annuler cette ordonnance ; 2°) réglant l'affaire au fond, de faire droit à son appel ; 3°) de mettre à la charge de l'ONIAM la somme de 3 500 euros au titre de l'article L. 761-1 du code de justice administrative. En application des dispositions de l'article R. 822-5-1 du code de justice administrative, l'avocat du requérant a été informé que la décision du Conseil d'Etat était susceptible d'être prise en application de l'article R. 822-5 du même code.",exces_de_pouvoir,defavorable_requerant,ORCE_458132_20220617.xml,ORCE,2022-06-17,Ordonnance,Excès de pouvoir,R.822-5 Rejet PAPC pourvoi non fondé,3504
"M. B A a demandé à la Cour nationale du droit d'asile d'annuler la décision du 29 juin 2021 par laquelle l'Office français de protection des réfugiés et apatrides a rejeté sa demande d'asile et de le convoquer à une audience. Par une ordonnance n° 21037392 du 22 septembre 2021, une présidente de formation de jugement de la Cour nationale du droit d'asile a rejeté cette demande. Par un pourvoi, enregistré le 8 novembre 2021 au secrétariat du contentieux du Conseil d'Etat, M. A demande au Conseil d'Etat : 1°) d'annuler cette ordonnance ; 2°) réglant l'affaire au fond, de faire droit à la demande qu'il avait présentée devant la Cour. Par une décision du 2 décembre 2021, notifiée le 9 décembre 2021, le bureau d'aide juridictionnelle a rejeté la demande d'aide juridictionnelle de M. A.",plein_contentieux,defavorable_requerant,ORCE_458236_20220603.xml,ORCE,2022-06-03,Ordonnance,Plein contentieux,R.822-5 Rejet PAPC défaut ministère avocat,3184
"M. B A a demandé à la Cour nationale du droit d'asile d'annuler la décision du 17 février 2021 par laquelle l'Office français de protection des réfugiés et apatrides a rejeté sa demande d'asile et de le convoquer à une audience. Par une ordonnance n° 21039404 du 24 septembre 2021, une présidente de formation de jugement de la Cour nationale du droit d'asile a rejeté cette demande. Par un pourvoi, enregistré le 8 novembre 2021 au secrétariat du contentieux du Conseil d'Etat, M. A demande au Conseil d'Etat : 1°) d'annuler cette ordonnance ; 2°) réglant l'affaire au fond, de faire droit à la demande qu'il avait présentée devant la Cour. Par une décision du 2 décembre 2021, notifiée le 10 décembre 2021, le bureau d'aide juridictionnelle a rejeté la demande d'aide juridictionnelle de M. A.",plein_contentieux,defavorable_requerant,ORCE_458243_20220603.xml,ORCE,2022-06-03,Ordonnance,Plein contentieux,R.822-5 Rejet PAPC défaut ministère avocat,3188
"M. B A a demandé à la Cour nationale du droit d'asile d'annuler la décision du 26 mai 2021 par laquelle l'Office français de protection des réfugiés et apatrides a rejeté sa demande d'asile. Par une ordonnance n° 21035491 du 24 septembre 2021, un président de formation de jugement de la Cour nationale du droit d'asile a rejeté cette demande. Par un pourvoi, enregistré le 8 novembre 2021 au secrétariat du contentieux du Conseil d'Etat, M. A demande au Conseil d'Etat : 1°) d'annuler cette ordonnance ; 2°) réglant l'affaire au fond, de faire droit à la demande qu'il avait présentée devant la Cour.",plein_contentieux,defavorable_requerant,ORCE_458246_20220603.xml,ORCE,2022-06-03,Ordonnance,Plein contentieux,R.822-5 Rejet PAPC défaut ministère avocat,2954
"M. A B a demandé au tribunal administratif de Dijon d'annuler la décision du 16 septembre 2018 par laquelle le préfet de la région Bourgogne-Franche-Comté a autorisé la société du Domaine d'Ordon à exploiter les parcelles cadastrés ZI 14 et ZI 16 sur le territoire de la commune de Saint Loup d'Ordon. Par un jugement n° 1901069 du 17 mars 2020, le tribunal administratif a rejeté sa demande. Par une ordonnance n° 20LY02012 du 9 septembre 2021, prise sur le fondement de l'article R. 222-1 du code de justice administrative, le président de la 3ème chambre de la cour administrative d'appel de Lyon a rejeté l'appel formé par la société du Domaine d'Ordon contre ce jugement. Par un pourvoi sommaire et un mémoire complémentaire, enregistrés les 9 novembre 2021 et 9 février 2022 au secrétariat du contentieux du Conseil d'Etat, la société du Domaine d'Ordon demande au Conseil d'Etat : 1°) d'annuler cette ordonnance ; 2°) réglant l'affaire au fond, de faire droit à son appel ; 3°) de mettre à la charge de M. B la somme de 3 000 euros au titre de l'article L. 761-1 du code de justice administrative. En application des dispositions de l'article R. 822-5-1 du code de justice administrative, l'avocat de la société requérante a été informé que la décision du Conseil d'Etat était susceptible d'être prise en application de l'article R. 822-5 du même code.",exces_de_pouvoir,defavorable_requerant,ORCE_458300_20220617.xml,ORCE,2022-06-17,Ordonnance,Excès de pouvoir,R.822-5 Rejet PAPC pourvoi non fondé,3218
"M. B A a demandé à la Cour nationale du droit d'asile d'annuler la décision du 31 mars 2021 par laquelle l'Office français de protection des réfugiés et apatrides a rejeté sa demande d'asile et de le convoquer à une audience. Par une ordonnance n° 21022418 du 7 septembre 2021, un président de formation de jugement de la Cour nationale du droit d'asile a rejeté cette demande. Par un pourvoi, enregistré le 10 novembre 2021 au secrétariat du contentieux du Conseil d'Etat, M. A demande au Conseil d'Etat : 1°) d'annuler cette ordonnance ; 2°) réglant l'affaire au fond, de faire droit à la demande qu'il avait présentée devant la Cour. Par une décision du 2 décembre 2021, notifiée le 17 décembre 2021, le bureau d'aide juridictionnelle a rejeté la demande d'aide juridictionnelle de M. A. Par une ordonnance du 25 janvier 2022, régulièrement notifiée, le président de la Section du contentieux du Conseil d'Etat a rejeté le recours formé par M. A contre cette décision du bureau d'aide juridictionnelle.",plein_contentieux,defavorable_requerant,ORCE_458310_20220603.xml,ORCE,2022-06-03,Ordonnance,Plein contentieux,R.822-5 Rejet PAPC défaut ministère avocat,3398
"M. B A a demandé à la Cour nationale du droit d'asile d'annuler la décision du 20 août 2021 par laquelle l'Office français de protection des réfugiés et apatrides a rejeté sa demande d'asile et de le convoquer à une audience. Par une ordonnance n° 21045489 du 20 octobre 2021, un président de formation de jugement de la Cour nationale du droit d'asile a rejeté cette demande. Par un pourvoi, enregistré le 12 novembre 2021 au secrétariat du contentieux du Conseil d'Etat, M. A demande au Conseil d'Etat : 1°) d'annuler cette ordonnance ; 2°) réglant l'affaire au fond, de faire droit à la demande qu'il avait présentée devant la Cour. Par une décision du 3 décembre 2021, notifiée le 15 décembre 2021, le bureau d'aide juridictionnelle a rejeté la demande d'aide juridictionnelle de M. A.",plein_contentieux,defavorable_requerant,ORCE_458375_20220603.xml,ORCE,2022-06-03,Ordonnance,Plein contentieux,R.822-5 Rejet PAPC défaut ministère avocat,3180
"M. A B a demandé à la Cour nationale du droit d'asile d'annuler la décision du 26 mai 2021 par laquelle l'Office français de protection des réfugiés et apatrides a rejeté sa demande d'asile et de le convoquer à une audience. Par une ordonnance n° 21038695 du 8 octobre 2021, une présidente de formation de jugement de la Cour nationale du droit d'asile a rejeté cette demande. Par un pourvoi, enregistré le 12 novembre 2021 au secrétariat du contentieux du Conseil d'Etat, M. B demande au Conseil d'Etat : 1°) d'annuler cette ordonnance ; 2°) réglant l'affaire au fond, de faire droit à la demande qu'il avait présentée devant la Cour. Par une décision du 3 décembre 2021, notifiée le 17 décembre 2021, le bureau d'aide juridictionnelle a rejeté la demande d'aide juridictionnelle de M. B.",plein_contentieux,defavorable_requerant,ORCE_458380_20220603.xml,ORCE,2022-06-03,Ordonnance,Plein contentieux,R.822-5 Rejet PAPC défaut ministère avocat,3184
"M. B A a demandé à la Cour nationale du droit d'asile d'annuler la décision du 5 février 2021 par laquelle l'Office français de protection des réfugiés et apatrides a rejeté sa nouvelle demande d'asile. Par une ordonnance n° 21006594 du 15 septembre 2021, une présidente de formation de jugement de la Cour nationale du droit d'asile a rejeté cette demande. Par un pourvoi, enregistré le 15 novembre 2021 au secrétariat du contentieux du Conseil d'Etat, M. A demande au Conseil d'Etat : 1°) d'annuler cette ordonnance ; 2°) réglant l'affaire au fond, de faire droit à la demande qu'il avait présentée devant la Cour. Par une décision du 31 décembre 2021, notifiée le 8 février 2022, le bureau d'aide juridictionnelle a rejeté la demande d'aide juridictionnelle de M. A.",plein_contentieux,defavorable_requerant,ORCE_458412_20220603.xml,ORCE,2022-06-03,Ordonnance,Plein contentieux,R.822-5 Rejet PAPC défaut ministère avocat,3162
"M. B A a demandé à la Cour nationale du droit d'asile d'annuler la décision du 8 mars 2021 par laquelle l'Office français de protection des réfugiés et apatrides a rejeté sa demande d'asile. Par une ordonnance n° 21027992 du 31 août 2021, un président de formation de jugement de la Cour nationale du droit d'asile a rejeté cette demande. Par un pourvoi, enregistré le 15 novembre 2021 au secrétariat du contentieux du Conseil d'Etat, M. A demande au Conseil d'Etat : 1°) d'annuler cette ordonnance ; 2°) réglant l'affaire au fond, de faire droit à la demande qu'il avait présentée devant la Cour. Par une décision du 3 décembre 2021, notifiée le 14 décembre 2021, le bureau d'aide juridictionnelle a rejeté la demande d'aide juridictionnelle de M. A.",plein_contentieux,defavorable_requerant,ORCE_458413_20220602.xml,ORCE,2022-06-02,Ordonnance,Plein contentieux,R.822-5 Rejet PAPC défaut ministère avocat,3144
"M. A B a demandé à la Cour nationale du droit d'asile d'annuler la décision du 3 juin 2021 par laquelle l'Office français de protection des réfugiés et apatrides a rejeté sa demande d'asile et de le convoquer à une audience. Par une ordonnance n° 21035224 du 15 septembre 2021, une présidente de formation de jugement de la Cour nationale du droit d'asile a rejeté cette demande. Par un pourvoi, enregistré le 15 novembre 2021 au secrétariat du contentieux du Conseil d'Etat, M. B demande au Conseil d'Etat : 1°) d'annuler cette ordonnance ; 2°) réglant l'affaire au fond, de faire droit à la demande qu'il avait présentée devant la Cour. Par une décision du 31 décembre 2021, notifiée le 6 janvier 2022, le bureau d'aide juridictionnelle a rejeté la demande d'aide juridictionnelle de M. B.",plein_contentieux,defavorable_requerant,ORCE_458422_20220603.xml,ORCE,2022-06-03,Ordonnance,Plein contentieux,R.822-5 Rejet PAPC défaut ministère avocat,3186
"Mme B A a demandé à la Cour nationale du droit d'asile d'annuler la décision du 3 juin 2021 par laquelle l'Office français de protection des réfugiés et apatrides a rejeté sa demande d'asile et de la convoquer à une audience. Par une ordonnance n° 21035226 du 15 septembre 2021, une présidente de formation de jugement de la Cour nationale du droit d'asile a rejeté cette demande. Par un pourvoi, enregistré le 15 novembre 2021 au secrétariat du contentieux du Conseil d'Etat, Mme A demande au Conseil d'Etat : 1°) d'annuler cette ordonnance ; 2°) réglant l'affaire au fond, de faire droit à la demande qu'elle avait présentée devant la Cour. Par une décision du 31 décembre 2021, notifiée le 12 janvier 2022, le bureau d'aide juridictionnelle a rejeté la demande d'aide juridictionnelle de Mme A.",plein_contentieux,defavorable_requerant,ORCE_458425_20220603.xml,ORCE,2022-06-03,Ordonnance,Plein contentieux,R.822-5 Rejet PAPC défaut ministère avocat,3196
"Mme D B, représentée par ses parents, M. A B et Mme C en leur qualité de représentants légaux, a demandé à la Cour nationale du droit d'asile d'annuler la décision du 3 juin 2021 par laquelle l'Office français de protection des réfugiés et apatrides a rejeté sa demande d'asile. Par une ordonnance n° 21035225 du 15 septembre 2021, une présidente de formation de jugement de la Cour nationale du droit d'asile a rejeté cette demande. Par un pourvoi, enregistré le 15 novembre 2021 au secrétariat du contentieux du Conseil d'Etat, Mme B demande au Conseil d'Etat : 1°) d'annuler cette ordonnance ; 2°) réglant l'affaire au fond, de faire droit à la demande qu'elle avait présentée devant la Cour. Par une décision du 31 décembre 2021, notifiée le 12 janvier 2022, le bureau d'aide juridictionnelle a rejeté la demande d'aide juridictionnelle de Mme B.",plein_contentieux,defavorable_requerant,ORCE_458428_20220603.xml,ORCE,2022-06-03,Ordonnance,Plein contentieux,R.822-5 Rejet PAPC défaut ministère avocat,3295
"M. B A a demandé à la Cour nationale du droit d'asile d'annuler la décision du 10 mai 2021 par laquelle l'Office français de protection des réfugiés et apatrides a rejeté sa demande d'asile et de le convoquer à une audience. Par une ordonnance n° 21029089 du 25 août 2021, un président de formation de jugement de la Cour nationale du droit d'asile a rejeté cette demande. Par un pourvoi, enregistré le 16 novembre 2021 au secrétariat du contentieux du Conseil d'Etat, M. A demande au Conseil d'Etat : 1°) d'annuler cette ordonnance ; 2°) réglant l'affaire au fond, de faire droit à la demande qu'il avait présentée devant la Cour.",plein_contentieux,defavorable_requerant,ORCE_458453_20220603.xml,ORCE,2022-06-03,Ordonnance,Plein contentieux,R.822-5 Rejet PAPC défaut ministère avocat,2984
"La caisse primaire d'assurance maladie (CPAM) du Calvados a demandé au tribunal administratif de Caen de condamner le centre hospitalier universitaire de Caen à l'indemniser des débours exposés pour M. A B. Par un jugement n° 1700799 du 3 avril 2019, le tribunal administratif a rejeté sa demande. Par un arrêt n° 19NT01985 du 17 septembre 2021, la cour administrative d'appel de Nantes a, sur appel de la CPAM du Calvados, annulé ce jugement, condamné le centre hospitalier universitaire de Caen à lui verser la somme de 18 880,75 euros et à lui rembourser les frais qu'elle exposera pour le renouvellement des chaussures orthopédiques de M. B et a rejeté le surplus de ses conclusions. Par un pourvoi sommaire et un mémoire complémentaire, enregistrés les 16 novembre 2021 et 4 février 2022 au secrétariat du contentieux du Conseil d'Etat, la CPAM du Calvados demande au Conseil d'Etat : 1°) d'annuler cet arrêt en tant qu'il rejette le surplus de ses conclusions ; 2°) réglant l'affaire au fond, de faire droit à son appel ; 3°) de mettre à la charge du centre hospitalier universitaire de Caen, la somme de 4 000 euros au titre de l'article L. 761-1 du code de justice administrative. En application des dispositions de l'article R. 822-5-1 du code de justice administrative, l'avocat de la requérante a été informé que la décision du Conseil d'Etat était susceptible d'être prise en application de l'article R. 822-5 du même code.",exces_de_pouvoir,defavorable_requerant,ORCE_458473_20220617.xml,ORCE,2022-06-17,Ordonnance,Excès de pouvoir,R.822-5 Rejet PAPC pourvoi non fondé,3683
"Mme B A a demandé au tribunal administratif de Rennes d'annuler pour excès de pouvoir la décision du 4 juillet 2017 par laquelle le directeur du centre hospitalier de Guingamp a refusé de faire droit à sa demande de réintégration et de condamner l'établissement à l'indemniser des préjudices qu'elle estime avoir subis du fait de l'illégalité de cette décision. Par un jugement n° 1703916 du 17 octobre 2019, le tribunal administratif a rejeté sa demande. Par un arrêt n° 19NT04872 du 17 septembre 2021, la cour administrative d'appel de Nantes a, sur appel de Mme A, annulé ce jugement, condamné le centre hospitalier de Guingamp à lui verser la somme de 117 000 euros et enjoint à l'établissement de la réintégrer dans ses droits. Par un pourvoi sommaire et un mémoire complémentaire, enregistrés le 17 novembre 2021 et le 17 février 2022 au secrétariat du contentieux du Conseil d'Etat, le centre hospitalier de Guingamp demande au Conseil d'Etat : 1°) d'annuler cet arrêt ; 2°) réglant l'affaire au fond, de rejeter l'appel de Mme A. Par un nouveau mémoire, enregistré le 22 avril 2022, le centre hospitalier de Guingamp déclare se désister purement et simplement de son pourvoi.",exces_de_pouvoir,desistement,ORCE_458480_20220630.xml,ORCE,2022-06-30,Ordonnance,Excès de pouvoir,R.822-5 Désistement PAPC,2375
"M. B A a demandé à la Cour nationale du droit d'asile d'annuler la décision du 5 mars 2021 par laquelle l'Office français de protection des réfugiés et apatrides a rejeté sa demande d'asile. Par une ordonnance n° 21024041 du 26 juillet 2021, une présidente de formation de jugement de la Cour nationale du droit d'asile a rejeté cette demande. Par un pourvoi, enregistré le 17 novembre 2021 au secrétariat du contentieux du Conseil d'Etat, M. A demande au Conseil d'Etat : 1°) d'annuler cette ordonnance ; 2°) réglant l'affaire au fond, de faire droit à la demande qu'il avait présentée devant la Cour. Par une lettre du 18 janvier 2022, notifiée le 20 janvier 2022, M. A a été invité à régulariser son pourvoi dans un délai d'un mois à compter de la réception de cette lettre. Par une décision du 9 février 2022, notifiée le 11 février 2022, le bureau d'aide juridictionnelle a rejeté la demande d'aide juridictionnelle de M. A. Par une ordonnance du 11 avril 2022, régulièrement notifiée, le président de la Section du contentieux du Conseil d'Etat a rejeté le recours formé par M. A contre cette décision du bureau d'aide juridictionnelle.",plein_contentieux,defavorable_requerant,ORCE_458497_20220630.xml,ORCE,2022-06-30,Ordonnance,Plein contentieux,R.822-5 Rejet PAPC défaut ministère avocat,3844
"M. B A a demandé à la Cour nationale du droit d'asile d'annuler la décision du 7 juin 2021 par laquelle l'Office français de protection des réfugiés et apatrides a rejeté sa demande d'asile et de le convoquer à une audience. Par une ordonnance n° 21040885 du 24 septembre 2021, une présidente de formation de jugement de la Cour nationale du droit d'asile a rejeté cette demande. Par un pourvoi, enregistré le 19 novembre 2021 au secrétariat du contentieux du Conseil d'Etat, M. A demande au Conseil d'Etat : 1°) d'annuler cette ordonnance ; 2°) réglant l'affaire au fond, de faire droit à la demande qu'il avait présentée devant la Cour.",plein_contentieux,defavorable_requerant,ORCE_458556_20220602.xml,ORCE,2022-06-02,Ordonnance,Plein contentieux,R.822-5 Rejet PAPC défaut ministère avocat,2975
"Mme B A a saisi le tribunal administratif de Poitiers d'une demande tendant à lui accorder le bénéfice d'une pension militaire d'ayant cause. Par une ordonnance n° 2101064 du 20 septembre 2021, le président de la 2ème chambre du tribunal administratif de Poitiers a rejeté sa demande. Par un pourvoi, enregistré le 19 novembre 2021 au secrétariat du contentieux du Conseil d'Etat, Mme A demande au Conseil d'Etat d'annuler cette ordonnance. Par un courrier du 30 novembre 2021, notifié le même jour par un pli non réclamé, le greffe de la 7ème chambre a invité Mme A à régulariser son pourvoi. Par une décision du 25 janvier 2022, notifiée le 31 janvier 2022 par voie consulaire, le président du bureau d'aide juridictionnelle a rejeté la demande d'aide juridictionnelle de Mme A.",autres_recours,defavorable_requerant,ORCE_458574_20220607.xml,ORCE,2022-06-07,Ordonnance,Contentieux des pensions,R.822-5 Rejet PAPC défaut ministère avocat,3755
"M. B A a demandé à la Cour nationale du droit d'asile d'annuler la décision du 31 mai 2021 par laquelle l'Office français de protection des réfugiés et apatrides a rejeté sa demande d'asile et de le convoquer à une audience publique. Par une ordonnance n° 21041220 du 24 septembre 2021, une présidente de formation de jugement de la Cour nationale du droit d'asile a rejeté cette demande. Par un pourvoi, enregistré le 22 novembre 2021 au secrétariat du contentieux du Conseil d'Etat, M. A demande au Conseil d'Etat : 1°) d'annuler cette ordonnance ; 2°) réglant l'affaire au fond, de faire droit à la demande qu'il avait présentée devant la Cour. Par une décision du 2 février 2022, notifiée le 4 février 2022, le bureau d'aide juridictionnelle a rejeté la demande d'aide juridictionnelle de M. A. Par une ordonnance du 11 avril 2022, régulièrement notifiée, le président de la Section du contentieux du Conseil d'Etat a rejeté le recours formé par M. A contre cette décision du bureau d'aide juridictionnelle.",plein_contentieux,defavorable_requerant,ORCE_458600_20220630.xml,ORCE,2022-06-30,Ordonnance,Plein contentieux,R.822-5 Rejet PAPC défaut ministère avocat,3351
"M. B A a demandé à la Cour nationale du droit d'asile d'annuler la décision du 31 mai 2021 par laquelle l'Office français de protection des réfugiés et apatrides a rejeté sa demande d'asile. Par une ordonnance n° 21031931 du 18 octobre 2021, une présidente de formation de jugement de la Cour nationale du droit d'asile a rejeté cette demande. Par un pourvoi, enregistré le 22 novembre 2021 au secrétariat du contentieux du Conseil d'Etat, M. A demande au Conseil d'Etat : 1°) d'annuler cette ordonnance ; 2°) réglant l'affaire au fond, de faire droit à la demande qu'il avait présentée devant la Cour. Par une décision du 3 décembre 2021, notifiée le 15 décembre 2021, le bureau d'aide juridictionnelle a rejeté la demande d'aide juridictionnelle de M. A. Par une ordonnance du 11 janvier 2022, notifiée le 19 janvier 2022, le président de la Section du contentieux du Conseil d'Etat a rejeté le recours formé par M. A contre cette décision du bureau d'aide juridictionnelle.",plein_contentieux,defavorable_requerant,ORCE_458604_20220603.xml,ORCE,2022-06-03,Ordonnance,Plein contentieux,R.822-5 Rejet PAPC défaut ministère avocat,3371
"M. B A a demandé à la Cour nationale du droit d'asile d'annuler la décision du 7 mai 2021 par laquelle l'Office français de protection des réfugiés et apatrides a rejeté sa demande d'asile. Par une ordonnance n° 21033992 du 22 septembre 2021, une présidente de formation de jugement de la Cour nationale du droit d'asile a rejeté cette demande. Par un pourvoi, enregistré le 23 novembre 2021 au secrétariat du contentieux du Conseil d'Etat, M. A demande au Conseil d'Etat : 1°) d'annuler cette ordonnance ; 2°) réglant l'affaire au fond, de faire droit à la demande qu'il avait présentée devant la Cour.",plein_contentieux,defavorable_requerant,ORCE_458674_20220602.xml,ORCE,2022-06-02,Ordonnance,Plein contentieux,R.822-5 Rejet PAPC défaut ministère avocat,2940
"Mme B A a demandé à la commission du contentieux du stationnement payant d'annuler le titre exécutoire émis par l'Agence nationale de traitement informatisé des infractions en vue du recouvrement du forfait de post-stationnement mis à sa charge le 28 janvier 2020 par la commune de Bandol et de la majoration dont il est assorti. Par une ordonnance n° 21027912 du 30 septembre 2021, le magistrat désigné par la présidente de la commission du contentieux du stationnement payant a rejeté sa requête. Par un pourvoi sommaire et un mémoire complémentaire, enregistrés les 26 novembre 2021 et 21 février 2022 au secrétariat du contentieux du Conseil d'Etat, Mme A demande au Conseil d'Etat : 1°) d'annuler cette ordonnance ; 2°) réglant l'affaire au fond, de faire droit à sa requête ; 3°) de mettre à la charge de l'Etat la somme de 3 000 euros à verser à la SCP Boutet-Hourdeaux, son avocat, au titre des dispositions des articles L. 761-1 du code de justice administrative et 37 de la loi du 10 juillet 1991. En application des dispositions de l'article R. 822-5-1 du code de justice administrative, l'avocat de la requérante a été informé que la décision du Conseil d'Etat était susceptible d'être prise en application de l'article R. 822-5 du même code.",plein_contentieux,defavorable_requerant,ORCE_458682_20220628.xml,ORCE,2022-06-28,Ordonnance,Plein contentieux,R.822-5-4 Rejet PAPC,3512
"M. B A a demandé à la Cour nationale du droit d'asile d'annuler la décision du 26 mars 2021 par laquelle l'Office français de protection des réfugiés et apatrides a rejeté sa demande d'asile. Par une décision n° 21023184 du 23 septembre 2021, la Cour nationale du droit d'asile a rejeté cette demande. Par un pourvoi, enregistré le 23 novembre 2021 au secrétariat du contentieux du Conseil d'Etat, M. A demande au Conseil d'Etat : 1°) d'annuler cette décision ; 2°) réglant l'affaire au fond, de faire droit à la demande qu'il avait présentée devant la Cour. Par une décision du 3 décembre 2021, notifiée le 22 décembre 2021, le bureau d'aide juridictionnelle a rejeté la demande d'aide juridictionnelle de M. A.",plein_contentieux,defavorable_requerant,ORCE_458706_20220603.xml,ORCE,2022-06-03,Ordonnance,Plein contentieux,R.822-5 Rejet PAPC défaut ministère avocat,3059
"La société Guy Degrenne Industrie a demandé au tribunal administratif de Caen de prononcer la réduction des cotisations foncières des entreprises et des cotisations de taxe foncière sur les propriétés bâties, ainsi que des taxes annexes, auxquelles elle a été assujettie au titre des années 2017 à 2019 dans les rôles de la commune de Vire (Calvados). Par un jugement n°s 1900370, 1900371, 1900372, 2000784, 2000880, 2000881, 2001117, 2001118, 2002498, 2101354 du 1er octobre 2021, le tribunal administratif de Caen a fait droit à sa demande. Par un pourvoi sommaire et un mémoire complémentaire, enregistrés les 26 novembre 2021 et 21 février 2022 au secrétariat du contentieux du Conseil d'Etat, le ministre de l'économie, des finances et de la relance demande au Conseil d'Etat d'annuler cet arrêt en tant qu'il statue sur les cotisations de taxe foncière sur les propriétés bâties auxquelles la société Guy Degrenne Industrie a été assujettie au titre des années 2018 et 2019. Par un mémoire, enregistré le 18 mai 2022 au secrétariat du contentieux du Conseil d'État, et communiqué à la société Guy Degrenne Industrie, le ministre de l'économie, des finances et de la relance déclare se désister de son pourvoi.",plein_contentieux,desistement,ORCE_458860_20220610.xml,ORCE,2022-06-10,Ordonnance,Plein contentieux,R. 122-12-1 Désistement,2535
"M. B A a demandé à la Cour nationale du droit d'asile d'annuler la décision du 7 juillet 2021 par laquelle l'Office français de protection des réfugiés et apatrides a rejeté sa demande d'asile. Par une ordonnance n° 21041893 du 27 octobre 2021, une présidente de formation de jugement de la Cour nationale du droit d'asile a rejeté cette demande. Par un pourvoi, enregistré le 29 novembre 2021 au secrétariat du contentieux du Conseil d'Etat, M. A demande au Conseil d'Etat : 1°) d'annuler cette ordonnance ; 2°) réglant l'affaire au fond, de faire droit à la demande qu'il avait présentée devant la Cour. Par une décision du 3 décembre 2021, notifiée le 15 décembre 2021, le bureau d'aide juridictionnelle a rejeté la demande d'aide juridictionnelle de M. A. Par une ordonnance du 11 janvier 2022, notifiée le 19 janvier 2022, le président de la Section du contentieux du Conseil d'Etat a rejeté le recours formé par M. A contre cette décision du bureau d'aide juridictionnelle.",plein_contentieux,defavorable_requerant,ORCE_458898_20220603.xml,ORCE,2022-06-03,Ordonnance,Plein contentieux,R.822-5 Rejet PAPC défaut ministère avocat,3376
"M. C B A a demandé à la Cour nationale du droit d'asile d'annuler la décision du 19 mars 2021 par laquelle l'Office français de protection des réfugiés et apatrides a rejeté sa demande d'asile. Par une ordonnance n° 21019050 du 5 octobre 2021, un président de formation de jugement de la Cour nationale du droit d'asile a rejeté cette demande. Par un pourvoi, enregistré le 30 novembre 2021 au secrétariat du contentieux du Conseil d'Etat, M. B A demande au Conseil d'Etat : 1°) d'annuler cette ordonnance ; 2°) réglant l'affaire au fond, de faire droit à la demande qu'il avait présentée devant la Cour. Par une décision du 3 décembre 2021, notifiée le 17 décembre 2021, le bureau d'aide juridictionnelle a rejeté la demande d'aide juridictionnelle de M. B A. Par une ordonnance du 11 janvier 2022, notifiée le 21 janvier 2022, le président de la Section du contentieux du Conseil d'Etat a rejeté le recours formé par M. B A contre cette décision du bureau d'aide juridictionnelle.",plein_contentieux,defavorable_requerant,ORCE_458990_20220603.xml,ORCE,2022-06-03,Ordonnance,Plein contentieux,R.822-5 Rejet PAPC défaut ministère avocat,3383
"M. A B a demandé au tribunal administratif de Nantes d'annuler la décision du 29 juin 2020 par lequel le directeur des services de greffe judiciaires du pôle de la nationalité française du tribunal d'instance de Paris a refusé de lui délivrer un certificat de nationalité française. Par une ordonnance n° 2009818 du 18 novembre 2020, le président de la 1ère chambre du tribunal administratif de Nantes a rejeté sa demande. Par une ordonnance n° 20NT04127 du 27 mai 2021, le président de la 5ème chambre de la cour administrative d'appel de Nantes a rejeté l'appel formé par M. B contre l'ordonnance. Par une ordonnance n° 453782 du 7 septembre 2021, le président de la 2ème chambre de la section du contentieux du Conseil d'Etat n'a pas admis le pourvoi formé par M. B contre cette ordonnance. Par une requête, enregistrée le 26 novembre 2021 au secrétariat du contentieux du Conseil d'Etat, M. B demande au Conseil d'Etat de réviser cette ordonnance. Par un courrier du 8 décembre 2021, notifié le 27 décembre 2022, le greffe de la 7ème chambre a invité M. B à régulariser sa requête.",autres_recours,defavorable_requerant,ORCE_459039_20220629.xml,ORCE,2022-06-29,Ordonnance,Recours en révision,R. 122-12-4 Rejet irrecevabilité manifeste,3793
"Mme A B a demandé à la Cour nationale du droit d'asile d'annuler la décision du 30 juin 2021 par laquelle l'Office français de protection des réfugiés et apatrides a rejeté sa demande d'asile. Par une ordonnance n° 21042314 du 28 septembre 2021, un président de formation de jugement de la Cour nationale du droit d'asile a rejeté cette demande. Par un pourvoi, enregistré le 1er décembre 2021 au secrétariat du contentieux du Conseil d'Etat, Mme B demande au Conseil d'Etat : 1°) d'annuler cette ordonnance ; 2°) réglant l'affaire au fond, de faire droit à la demande qu'elle avait présentée devant la Cour.",plein_contentieux,defavorable_requerant,ORCE_459045_20220603.xml,ORCE,2022-06-03,Ordonnance,Plein contentieux,R.822-5 Rejet PAPC défaut ministère avocat,2965
"Mme B A a demandé à la Cour nationale du droit d'asile d'annuler la décision prise par le directeur général de l'Office français de protection des réfugiés et apatrides le 16 juillet 2021 et de lui reconnaître la qualité de réfugié ou, à défaut, de lui accorder le bénéfice de la protection subsidiaire. Cette demande a été rejetée par une ordonnance n° 21039631 du 13 octobre 2021. Par un pourvoi, enregistré le 2 décembre 2021 au secrétariat du contentieux du Conseil d'Etat, Mme A demande au Conseil d'Etat d'annuler cette ordonnance. Par une décision du 14 janvier 2022, notifiée le 1er avril 2022, le bureau d'aide juridictionnelle a rejeté la demande d'aide juridictionnelle de Mme A.",plein_contentieux,defavorable_requerant,ORCE_459068_20220613.xml,ORCE,2022-06-13,Ordonnance,Plein contentieux,R.822-5 Rejet PAPC défaut ministère avocat,2968
"M. A B a demandé au tribunal administratif de Montreuil de condamner l'Etat à lui verser la somme de 12 000 euros en réparation des préjudices qu'il estime avoir subis du fait de son absence de relogement. Par un jugement n° 2005992 du 28 septembre 2021, le tribunal administratif a condamné l'Etat à lui verser la somme de 820 euros et a rejeté le surplus de ses conclusions. Par une ordonnance n° 21VE03148 du 7 décembre 2021, enregistrée le même jour au secrétariat du contentieux du Conseil d'Etat, le président de la cour administrative d'appel de Versailles a transmis au Conseil d'Etat, en application de l'article R. 351-2 du code de justice administrative, le pourvoi, enregistré le 28 novembre 2021 au greffe de cette cour, présenté par M. B. Par ce pourvoi M. B demande au Conseil d'Etat : 1°) d'annuler le jugement du 28 septembre 2021 ; 2°) réglant l'affaire au fond, de faire droit à sa demande.",plein_contentieux,defavorable_requerant,ORCE_459182_20220623.xml,ORCE,2022-06-23,Ordonnance,Plein contentieux,R.822-5 Rejet PAPC défaut ministère avocat,3307
"M. B A a demandé à la Cour nationale du droit d'asile d'annuler la décision du 16 mars 2021 par laquelle l'Office français de protection des réfugiés et apatrides a rejeté sa demande d'asile et de le convoquer à une audience. Par une ordonnance n° 21035486 du 21 septembre 2021, une présidente de formation de jugement de la Cour nationale du droit d'asile a rejeté cette demande. Par un pourvoi, enregistré le 7 décembre 2021 au secrétariat du contentieux du Conseil d'Etat, M. A demande au Conseil d'Etat : 1°) d'annuler cette ordonnance ; 2°) réglant l'affaire au fond, de faire droit à la demande qu'il avait présentée devant la Cour. Par une lettre du 21 décembre 2021, notifiée le 29 décembre 2021, M. A a été invité à régulariser son pourvoi dans un délai d'un mois à compter de la réception de cette lettre.",plein_contentieux,defavorable_requerant,ORCE_459196_20220603.xml,ORCE,2022-06-03,Ordonnance,Plein contentieux,R.822-5 Rejet PAPC défaut ministère avocat,3493
"M. B A a demandé à la Cour nationale du droit d'asile d'annuler la décision du 27 octobre 2020 par laquelle l'Office français de protection des réfugiés et apatrides a rejeté sa demande d'asile. Par une décision n° 21000801 du 16 novembre 2021, la Cour nationale du droit d'asile a rejeté cette demande. Par un pourvoi, enregistré le 7 décembre 2021 au secrétariat du contentieux du Conseil d'Etat, M. A demande au Conseil d'Etat : 1°) d'annuler cette décision ; 2°) réglant l'affaire au fond, de faire droit à la demande qu'il avait présentée devant la Cour. Par une décision du 17 décembre 2021, notifiée le 21 décembre 2021, le bureau d'aide juridictionnelle a rejeté la demande d'aide juridictionnelle de M. A.",plein_contentieux,defavorable_requerant,ORCE_459197_20220603.xml,ORCE,2022-06-03,Ordonnance,Plein contentieux,R.822-5 Rejet PAPC défaut ministère avocat,3063
"Mme D B, agissant au nom de M. C A a demandé à la commission du contentieux du stationnement payant d'annuler les titres exécutoires émis par l'Agence nationale de traitement automatisé des infractions en vue du recouvrement des forfaits de post-stationnement mis à sa charge les 18, 22, 26, 28 et 29 mai 2020 par la Ville de Paris et des majorations dont ils sont assortis. Par une ordonnance n°s 21011959, 21011960, 21011961, 21011962 et 21011963 du 8 novembre 2021 le magistrat désigné par la présidente de la commission du contentieux du stationnement payant a rejeté ses requêtes. Par un pourvoi et un nouveau mémoire, enregistrés les 7 et 10 décembre 2021 au secrétariat du contentieux du Conseil d'Etat, Mme B demande au Conseil d'Etat : 1°) d'annuler cette ordonnance ; 2°) réglant l'affaire au fond, de faire droit à ses requêtes.",exces_de_pouvoir,defavorable_requerant,ORCE_459201_20220623.xml,ORCE,2022-06-23,Ordonnance,Excès de pouvoir,R.822-5 Rejet PAPC défaut ministère avocat,3194
"M. A B a demandé à la Cour nationale du droit d'asile d'annuler la décision du 30 mars 2021 par laquelle l'Office français de protection des réfugiés et apatrides a rejeté sa demande d'asile. Par une ordonnance n° 21033784 du 28 octobre 2021, un président de formation de jugement de la Cour nationale du droit d'asile a rejeté cette demande. Par un pourvoi, enregistré le 9 décembre 2021 au secrétariat du contentieux du Conseil d'Etat, M. B demande au Conseil d'Etat : 1°) d'annuler cette ordonnance ; 2°) réglant l'affaire au fond, de faire droit à la demande qu'il avait présentée devant la Cour. Par une lettre du 10 janvier 2022, notifiée le 25 janvier 2022, M. B a été invité à régulariser son pourvoi dans un délai d'un mois à compter de la réception de cette lettre.",plein_contentieux,defavorable_requerant,ORCE_459271_20220603.xml,ORCE,2022-06-03,Ordonnance,Plein contentieux,R.822-5 Rejet PAPC défaut ministère avocat,3434
"M. A B a demandé à la Cour nationale du droit d'asile d'annuler la décision du 4 juin 2021 par laquelle l'Office français de protection des réfugiés et apatrides a rejeté sa demande d'asile. Par une décision n° 21035975 du 12 novembre 2021, la Cour nationale du droit d'asile a rejeté cette demande. Par un pourvoi, enregistré le 10 décembre 2021 au secrétariat du contentieux du Conseil d'Etat, M. B demande au Conseil d'Etat : 1°) d'annuler cette décision ; 2°) réglant l'affaire au fond, de faire droit à la demande qu'il avait présentée devant la Cour. Par une décision du 13 décembre 2021, notifiée le 20 décembre 2021, le bureau d'aide juridictionnelle a rejeté la demande d'aide juridictionnelle de M. B.",plein_contentieux,defavorable_requerant,ORCE_459330_20220602.xml,ORCE,2022-06-02,Ordonnance,Plein contentieux,R.822-5 Rejet PAPC défaut ministère avocat,3055
"Mme C B a demandé au juge des référés du tribunal administratif de Nancy, sur le fondement des dispositions de l'article L. 521-1 du code de justice administrative, de suspendre l'exécution de la décision du 27 juillet 2021 par laquelle la directrice de la maison d'arrêt d'Epinal a refusé de lui délivrer un permis pour rendre visite M. A D. Par une ordonnance n° 2103206 du 26 novembre 2021, le juge des référés du tribunal administratif de Nancy a fait droit à sa demande. Par un pourvoi, enregistré le 10 décembre 2021 au secrétariat du contentieux du Conseil d'Etat, le garde des sceaux, ministre de la justice, demande au Conseil d'Etat : 1°) d'annuler cette ordonnance ; 2°) statuant en référé, de rejeter la demande de Mme B. Par application des dispositions de l'article R. 822-5-1 du code de justice administrative, le garde des sceaux, ministre de la justice a été informé que la décision du Conseil d'Etat était susceptible d'être prise en application de l'article R. 822-5 du même code.",exces_de_pouvoir,defavorable_requerant,ORCE_459351_20220620.xml,ORCE,2022-06-20,Ordonnance,Excès de pouvoir,R.822-5 Rejet PAPC pourvoi non fondé,3837
"M. B A a demandé à la Cour nationale du droit d'asile d'annuler la décision du 21 avril 2021 par laquelle l'Office français de protection des réfugiés et apatrides a rejeté sa demande d'asile. Par une décision n° 21035868 du 5 novembre 2021, la Cour nationale du droit d'asile a rejeté cette demande. Par un pourvoi, enregistré le 14 décembre 2021 au secrétariat du contentieux du Conseil d'Etat, M. A demande au Conseil d'Etat : 1°) d'annuler cette décision ; 2°) réglant l'affaire au fond, de faire droit à la demande qu'il avait présentée devant la Cour.",plein_contentieux,defavorable_requerant,ORCE_459439_20220602.xml,ORCE,2022-06-02,Ordonnance,Plein contentieux,R.822-5 Rejet PAPC défaut ministère avocat,2850
"M. A B a demandé à la Cour nationale du droit d'asile d'annuler la décision du 2 mars 2021 par laquelle l'Office français de protection des réfugiés et apatrides a rejeté sa demande d'asile. Par une ordonnance n° 21015524 du 29 juin 2021, un président de formation de jugement de la Cour nationale du droit d'asile a rejeté cette demande. Par un pourvoi, enregistré le 15 décembre 2021 au secrétariat du contentieux du Conseil d'Etat, M. B demande au Conseil d'Etat : 1°) d'annuler cette ordonnance ; 2°) réglant l'affaire au fond, de faire droit à la demande qu'il avait présentée devant la Cour. Par une lettre du 17 mars 2022, régulièrement notifiée, M. B a été invité à régulariser son pourvoi dans un délai d'un mois à compter de la réception de cette lettre.",plein_contentieux,defavorable_requerant,ORCE_459485_20220603.xml,ORCE,2022-06-03,Ordonnance,Plein contentieux,R.822-5 Rejet PAPC défaut ministère avocat,3423
"La société Eiffage Génie Civil, venant aux droits de la société Eiffage Travaux Publics, a demandé au tribunal administratif d'Amiens de condamner la communauté d'agglomération de la Baie de Somme, venant aux droits de la communauté de communes de l'Abbevillois, à lui verser une somme de 2 886 104,18 euros TTC au titre du solde des lots n°s 1, 5 et 7 du marché public de travaux pour l'opération de reconversion de la halle Sernam à Abbeville et de l'indemniser du préjudice qu'elle estime avoir subi en raison de l'exécution de ces travaux, assortie d'une somme de 200 000 euros au titre des intérêts moratoires à compter du 3 février 2016, et de la capitalisation de ces intérêts. Par un jugement n° 1602988 du 28 décembre 2018, le tribunal administratif d'Amiens a établi le solde du lot n° 7 "" serrurerie "" de ce marché, initialement fixé à la somme négative de 569 781,36 euros, à la somme négative de 65 397,14 euros et a rejeté le surplus des demandes de la société Eiffage Génie Civil. Par un arrêt n° 19DA00506 du 21 octobre 2021, la cour administrative d'appel de Douai a, sur appel de la société Eiffage Génie Civil, fixé le solde du lot n° 1 "" démolition-gros-œuvre "" du marché à la somme de 54 093,56 euros TTC, condamné la communauté d'agglomération de la Baie de Somme à verser à la société Eiffage Génie Civil la somme de 37 272 euros TTC assortie des intérêts moratoires, fixé le solde du lot n° 7 "" serrurerie "" du marché à la somme négative de 21 122,54 euros TTC et réformé le jugement dans ce sens. Par un pourvoi sommaire et un mémoire complémentaire, enregistrés les 17 décembre 2021 et 11 mars 2022 au secrétariat du contentieux du Conseil d'Etat, la société Eiffage Génie Civil demande au Conseil d'Etat : 1°) d'annuler cet arrêt ; 2°) réglant l'affaire au fond, de faire droit à son appel ; 3°) de mettre à la charge de la communauté d'agglomération de la Baie de Somme la somme de 4 000 euros au titre de l'article L. 761-1 du code de justice administrative. En application des dispositions de l'article R. 822-5-1 du code de justice administrative, l'avocat de la société Eiffage Génie Civil a été informé le 5 avril 2022 que la décision du Conseil d'Etat était",plein_contentieux,defavorable_requerant,ORCE_459561_20220613.xml,ORCE,2022-06-13,Ordonnance,Plein contentieux,R.822-5 Rejet PAPC pourvoi non fondé,4888
"M. B A a demandé à la Cour nationale du droit d'asile d'annuler la décision du 4 février 2021 par laquelle l'Office français de protection des réfugiés et apatrides a rejeté sa demande d'asile. Par une ordonnance n° 21009637 du 30 septembre 2021, une présidente de formation de jugement de la Cour nationale du droit d'asile a rejeté cette demande. Par un pourvoi, enregistré le 17 décembre 2021 au secrétariat du contentieux du Conseil d'Etat, M. A demande au Conseil d'Etat : 1°) d'annuler cette ordonnance ; 2°) réglant l'affaire au fond, de faire droit à la demande qu'il avait présentée devant la Cour.",plein_contentieux,defavorable_requerant,ORCE_459573_20220630.xml,ORCE,2022-06-30,Ordonnance,Plein contentieux,R.822-5 Rejet PAPC défaut ministère avocat,2964
"M. A B a demandé à la Cour nationale du droit d'asile d'annuler la décision du 22 juillet 2021 par laquelle l'Office français de protection des réfugiés et apatrides a rejeté sa demande d'asile et de le convoquer à une audience. Par une ordonnance n° 21052635 du 30 novembre 2021, une présidente de formation de jugement de la Cour nationale du droit d'asile a rejeté cette demande. Par un pourvoi, enregistré le 15 décembre 2021 au secrétariat du contentieux du Conseil d'Etat, M. B demande au Conseil d'Etat : 1°) d'annuler cette ordonnance ; 2°) réglant l'affaire au fond, de faire droit à la demande qu'il avait présentée devant la Cour. Par une décision du 29 décembre 2021, notifiée le 11 janvier 2022, le bureau d'aide juridictionnelle a rejeté la demande d'aide juridictionnelle de M. B.",plein_contentieux,defavorable_requerant,ORCE_459577_20220603.xml,ORCE,2022-06-03,Ordonnance,Plein contentieux,R.822-5 Rejet PAPC défaut ministère avocat,3188
"Mme C B, épouse D a demandé au tribunal administratif de Nantes d'annuler la décision du 15 janvier 2020 par laquelle la commission de recours contre les décisions de refus de visa d'entrée en France a rejeté son recours formé contre la décision des autorités consulaires françaises à Alger (Algérie) refusant de délivrer un visa de long séjour à M. A D en qualité de conjoint d'une ressortissante française. Par un jugement n° 2004048 du 7 décembre 2020, le tribunal administratif de Nantes a rejeté sa demande. Par une ordonnance n° 21NT00656 du 9 décembre 2021, le président de la 5ème chambre de la cour administrative d'appel de Nantes a rejeté l'appel formé par Mme B contre ce jugement. Par un pourvoi, enregistré le 19 décembre 2021 au secrétariat du contentieux du Conseil d'Etat, Mme B demande au Conseil d'Etat d'annuler cette ordonnance. Par une décision du 21 mars 2022, notifiée le 24 mars 2022, le président du bureau d'aide juridictionnelle a rejeté la demande d'aide juridictionnelle de Mme B.",exces_de_pouvoir,defavorable_requerant,ORCE_459596_20220607.xml,ORCE,2022-06-07,Ordonnance,Excès de pouvoir,R.822-5 Rejet PAPC défaut ministère avocat,3728
"Le département des Hauts-de-Seine a demandé au tribunal administratif de Cergy-Pontoise d'annuler l'arrêté de péril ordinaire du 12 octobre 2016 par lequel le maire de Sèvres l'a mis en demeure de procéder aux travaux de remise en état du mur de soutènement situé au niveau des numéros 22 à 32 de la Grande Rue à Sèvres ainsi que la décision implicite de rejet de son recours gracieux contre cet arrêté. Par un jugement n° 1703210 du 28 septembre 2018, le tribunal administratif a rejeté sa demande. Par un arrêt n° 18VE03919 du 19 octobre 2021, la cour administrative d'appel de Versailles a rejeté l'appel formé par le département des Hauts-de-Seine contre ce jugement. Par un pourvoi sommaire, enregistré le 20 décembre 2021 au secrétariat du contentieux du Conseil d'Etat, le département des Hauts-de-Seine demande au Conseil d'Etat : 1°) d'annuler cet arrêt ; 2°) réglant l'affaire au fond, de faire droit à son appel ; 3°) de mettre à la charge de la commune de Sèvres la somme de 6 000 euros au titre de l'article L. 761-1 du code de justice administrative.",exces_de_pouvoir,desistement,ORCE_459637_20220628.xml,ORCE,2022-06-28,Ordonnance,Excès de pouvoir,R.822-5 Désistement d'office PAPC,3256
"M. B A a demandé à la Cour nationale du droit d'asile d'annuler la décision du 19 juillet 2021 par laquelle l'Office français de protection des réfugiés et apatrides a rejeté sa nouvelle demande d'asile. Par une ordonnance n° 21042015 du 8 octobre 2021, un président de formation de jugement de la Cour nationale du droit d'asile a rejeté cette demande. Par une ordonnance n° 2110751 du 21 décembre 2021, enregistrée le même jour au secrétariat du contentieux du Conseil d'Etat, la présidente du tribunal administratif de Versailles a transmis au Conseil d'Etat, en application des dispositions de l'article R. 351-2 du code de justice administrative, le pourvoi, enregistré le 13 décembre 2021 au greffe du tribunal administratif de Versailles, présenté par M. A. Par ce pourvoi, M. A demande au Conseil d'Etat : 1°) d'annuler l'ordonnance du 8 octobre 2021 ; 2°) réglant l'affaire au fond, de faire droit à la demande qu'il avait présentée devant la Cour. Par une décision du 5 janvier 2022, notifiée le 19 janvier 2022, le bureau d'aide juridictionnelle a rejeté la demande d'aide juridictionnelle de M. A. Par une lettre du 5 janvier 2022, notifiée le 19 janvier 2022, M. A a été invité à régulariser son pourvoi dans un délai d'un mois à compter de la réception de cette lettre.",plein_contentieux,defavorable_requerant,ORCE_459695_20220603.xml,ORCE,2022-06-03,Ordonnance,Plein contentieux,R.822-5 Rejet PAPC défaut ministère avocat,3998
"Mme B A a demandé au tribunal administratif de Bordeaux, d'une part, d'annuler pour excès de pouvoir la décision implicite du 10 juin 2017 par laquelle le ministre de l'économie et des finances a refusé de lui communiquer les tableaux d'avancement au grade d'assistant de service social principal pour les années 2015 à 2017 ainsi que divers documents relatifs à l'avancement à ce grade au titre de l'année 2017 et, d'autre part, d'enjoindre au ministre de l'économie et des finances de lui communiquer ces documents, dans un délai d'un mois à compter de la notification du jugement. Par un jugement n° 1704002 du 3 juin 2019, le tribunal administratif de Bordeaux a, d'une part, prononcé un non-lieu à statuer sur les conclusions à fin d'annulation de la décision implicite du ministre en tant qu'elle refuse de lui communiquer les tableaux d'avancement au grade d'assistant principal de service social pour les années 2015 à 2017, les listes des agents promouvables et pour lesquels la commission administrative paritaire a émis un avis favorable et les arrêtés de nomination des agents promus en 2017 et, d'autre part, rejeté le surplus de ses conclusions. Par une ordonnance n° 19BX03265 du 22 décembre 2021, enregistrée le 24 décembre 2021 au secrétariat du contentieux du Conseil d'Etat, la présidente de la cour administrative d'appel de Bordeaux a transmis au Conseil d'Etat, en application des dispositions de l'article R. 351-2 du code de justice administrative, le pourvoi et deux mémoires, enregistrés les 1er août et 30 septembre 2019 et 6 décembre 2021 au greffe de la cour administrative d'appel de Bordeaux, présentés par Mme A. Par ce pourvoi, Mme A demande au Conseil d'Etat d'annuler ce jugement. Par une lettre du 5 janvier 2022, notifiée le 7 janvier 2022, Mme A a été invitée à régulariser son pourvoi dans un délai d'un mois à compter de la réception de cette lettre.",exces_de_pouvoir,defavorable_requerant,ORCE_459816_20220603.xml,ORCE,2022-06-03,Ordonnance,Excès de pouvoir,R.822-5 Rejet PAPC défaut ministère avocat,4451
"M. A B a demandé à la Cour nationale du droit d'asile d'annuler la décision du 8 février 2021 par laquelle l'Office français de protection des réfugiés et apatrides a rejeté sa demande d'asile. Par une ordonnance n° 21051445 du 5 novembre 2021, une présidente de formation de jugement de la Cour nationale du droit d'asile a rejeté cette demande. Par un pourvoi, enregistré le 24 décembre 2021 au secrétariat du contentieux du Conseil d'Etat, M. B demande au Conseil d'Etat : 1°) d'annuler cette ordonnance ; 2°) réglant l'affaire au fond, de faire droit à la demande qu'il avait présentée devant la Cour. Par une décision du 12 janvier 2022, notifiée le 22 février 2022, le bureau d'aide juridictionnelle a rejeté la demande d'aide juridictionnelle de M. B.",plein_contentieux,defavorable_requerant,ORCE_459826_20220630.xml,ORCE,2022-06-30,Ordonnance,Plein contentieux,R.822-5 Rejet PAPC défaut ministère avocat,3152
"M. A B a demandé au tribunal administratif de Paris de condamner l'Etat à lui verser la somme de 22 000 euros en réparation des préjudices qu'il estime avoir subis du fait de son absence de relogement. Par un jugement n° 2003516 du 7 juin 2021, le tribunal administratif a condamné l'Etat à lui verser la somme de 550 euros et a rejeté le surplus de ses conclusions. Par un pourvoi sommaire, enregistré le 27 décembre 2021 au secrétariat du contentieux du Conseil d'Etat, M. B demande au Conseil d'Etat : 1°) d'annuler ce jugement en tant qu'il rejette le surplus de ses conclusions ; 2°) réglant l'affaire au fond, de faire droit à sa demande.",exces_de_pouvoir,desistement,ORCE_459828_20220628.xml,ORCE,2022-06-28,Ordonnance,Excès de pouvoir,R.822-5 Désistement d'office PAPC,2806
"Mme B A a demandé au tribunal administratif de Paris de condamner l'Assistance Publique-Hôpitaux de Paris (AP-HP) à lui verser la somme de 20 000 euros au titre du préjudice moral. Par un jugement n° 1811635/2-2 du 16 décembre 2019, le tribunal administratif de Paris a rejeté sa demande. Par une arrêt n° 20PA00511 du 27 octobre 2021, la cour administrative d'appel de Paris a rejeté l'appel formé par Mme A contre ce jugement. Par un pourvoi sommaire et un mémoire complémentaire, enregistrés les 27 décembre 2021 et 25 mars 2022 au secrétariat du contentieux du Conseil d'Etat, Mme A demande au Conseil d'Etat : 1°) d'annuler cet arrêt ; 2°) de mettre à la charge de l'AP-HP la somme de 3 000 euros au titre de l'article L. 761-1 du code de justice administrative. En application des dispositions de l'article R. 822-5-1 du code de justice administrative, l'avocat de Mme A a été informé le 2 mai 2022 que la décision du Conseil d'Etat était susceptible d'être prise en application de l'article R. 822-5 du même code.",exces_de_pouvoir,defavorable_requerant,ORCE_459832_20220613.xml,ORCE,2022-06-13,Ordonnance,Excès de pouvoir,R.822-5 Rejet PAPC pourvoi non fondé,3535
"M. A B a demandé à la Cour nationale du droit d'asile d'annuler la décision du 24 juin 2020 par laquelle l'Office français de protection des réfugiés et apatrides a rejeté sa demande d'asile. Par une décision n° 20024576 du 7 décembre 2021, la Cour nationale du droit d'asile a rejeté cette demande. Par un pourvoi, enregistré le 27 décembre 2021 au secrétariat du contentieux du Conseil d'Etat, M. B demande au Conseil d'Etat : 1°) d'annuler cette décision ; 2°) réglant l'affaire au fond, de faire droit à la demande qu'il avait présentée devant la Cour. Par une décision du 5 janvier 2022, régulièrement notifiée, le bureau d'aide juridictionnelle a rejeté la demande d'aide juridictionnelle de M. B.",plein_contentieux,defavorable_requerant,ORCE_459843_20220630.xml,ORCE,2022-06-30,Ordonnance,Plein contentieux,R.822-5 Rejet PAPC défaut ministère avocat,3051
"M. B A a demandé à la Cour nationale du droit d'asile d'annuler la décision du 16 juin 2021 par laquelle l'Office français de protection des réfugiés et apatrides a rejeté sa demande d'asile et de le convoquer à une audience. Par une ordonnance n° 21034724 du 25 novembre 2021, une présidente de formation de jugement de la Cour nationale du droit d'asile a rejeté cette demande. Par un pourvoi, enregistré le 27 décembre 2021 au secrétariat du contentieux du Conseil d'Etat, M. A demande au Conseil d'Etat : 1°) d'annuler cette ordonnance ; 2°) réglant l'affaire au fond, de faire droit à la demande qu'il avait présentée devant la Cour. Par une décision du 5 janvier 2022, notifiée le 19 janvier 2022, le bureau d'aide juridictionnelle a rejeté la demande d'aide juridictionnelle de M. A.",plein_contentieux,defavorable_requerant,ORCE_459844_20220603.xml,ORCE,2022-06-03,Ordonnance,Plein contentieux,R.822-5 Rejet PAPC défaut ministère avocat,3183
"M. A B a demandé au tribunal administratif de Bastia d'annuler l'arrêté du 15 décembre 2020 par lequel le préfet de la Corse-du-Sud l'a obligé à quitter le territoire français dans un délai de trente jours et a fixé le pays de destination. Par un jugement n° 2001432 du 25 mars 2021, le tribunal administratif de Bastia a rejeté sa demande. Par un arrêt n° 21MA01435 du 25 octobre 2021, la cour administrative d'appel de Marseille a rejeté l'appel formé par M. B contre ce jugement. Par un pourvoi sommaire et un mémoire complémentaire, enregistrés les 27 décembre 2021 et 28 mars 2022 au secrétariat du contentieux du Conseil d'Etat, M. B demande au Conseil d'Etat : 1°) d'annuler cet arrêt ; 2°) réglant l'affaire au fond, de faire droit à son appel ; 3)° de mettre à la charge de l'Etat la somme de 3 000 euros au titre des dispositions de l'article L. 761-1 du code de justice administrative. En application des dispositions de l'article R. 822-5-1 du code de justice administrative, l'avocat de M. B a été informé le 20 mai 2022 que la décision du Conseil d'Etat était susceptible d'être prise en application de l'article R. 822-5 du même code.",exces_de_pouvoir,defavorable_requerant,ORCE_459871_20220613.xml,ORCE,2022-06-13,Ordonnance,Excès de pouvoir,R.822-5 Rejet PAPC pourvoi non fondé,4288
"M. B A a demandé à la Cour nationale du droit d'asile d'annuler la décision du 30 juillet 2021 par laquelle l'Office français de protection des réfugiés et apatrides a rejeté sa demande d'asile. Par une ordonnance n° 21048626 du 15 novembre 2021, une présidente de formation de jugement de la Cour nationale du droit d'asile a rejeté cette demande. Par un pourvoi, enregistré le 28 décembre 2021 au secrétariat du contentieux du Conseil d'Etat, M. A demande au Conseil d'Etat : 1°) d'annuler cette ordonnance ; 2°) réglant l'affaire au fond, de faire droit à la demande qu'il avait présentée devant la Cour. Par une décision du 17 janvier 2022, notifiée le 20 février 2022, le bureau d'aide juridictionnelle a rejeté la demande d'aide juridictionnelle de M. A. Par une ordonnance du 16 mars 2022, régulièrement notifiée, le président de la Section du contentieux du Conseil d'Etat a rejeté le recours formé par M. A contre cette décision du bureau d'aide juridictionnelle.",plein_contentieux,defavorable_requerant,ORCE_459887_20220630.xml,ORCE,2022-06-30,Ordonnance,Plein contentieux,R.822-5 Rejet PAPC défaut ministère avocat,3366
"M. A B a demandé à la Cour nationale du droit d'asile d'annuler la décision du 6 juillet 2021 par laquelle l'Office français de protection des réfugiés et apatrides a rejeté sa demande d'asile. Par une décision n° 21039693 du 16 décembre 2021, la Cour nationale du droit d'asile a rejeté cette demande. Par un pourvoi, enregistré le 29 décembre 2021 au secrétariat du contentieux du Conseil d'Etat, M. B demande au Conseil d'Etat : 1°) d'annuler cette décision ; 2°) réglant l'affaire au fond, de faire droit à la demande qu'il avait présentée devant la Cour. Par une décision du 5 janvier 2022, notifiée le 3 février 2022, le bureau d'aide juridictionnelle a rejeté la demande d'aide juridictionnelle de M. B. Par une ordonnance du 16 mars 2022, régulièrement notifiée, le président de la Section du contentieux du Conseil d'Etat a rejeté le recours formé par M. B contre cette décision du bureau d'aide juridictionnelle.",plein_contentieux,defavorable_requerant,ORCE_459922_20220630.xml,ORCE,2022-06-30,Ordonnance,Plein contentieux,R.822-5 Rejet PAPC défaut ministère avocat,3270
"Par une requête et un mémoire complémentaire, enregistrés le 29 décembre 2021 et le 30 mars 2022 au secrétariat du contentieux du Conseil d'Etat, le Syndicat de la magistrature, le Syndicat des avocats de France et l'Union syndicale Solidaires demandent au Conseil d'Etat : 1°) d'annuler pour excès de pouvoir le décret n° 2021-1402 du 29 octobre 2021 modifiant le code de procédure pénale et relatif au Fichier national automatisé des empreintes génétiques et au service central de préservation des prélèvements biologiques ; 2°) de surseoir à statuer et de saisir la Cour de justice de l'Union européenne de la question préjudicielle suivante : "" La directive (UE) 2016/680 du Parlement européen et du Conseil du 27 avril 2016, en tant qu'elle prévoit en son article 10, qu'est uniquement autorisé en cas de nécessité absolue, sous réserve de garanties appropriées pour les droits et libertés de la personne concernée, le traitement des données à caractère personnel qui révèle des données génétiques aux fins d'identifier une personne physique de manière unique, autorise-t-elle la mise en œuvre d'une recherche "" par parentèle "" qui consiste à comparer les résultats des analyses d'identification des traces génétiques recueillies au cours de l'enquête avec les profils ADN recensés dans le fichier en vue de l'identification des degrés de parenté ' "" ; 3°) de mettre à la charge de l'Etat la somme de 4 000 euros à verser à chacun des requérants au titre de l'article L. 761-1 du code de justice administrative. Par un mémoire distinct enregistré le 30 mars 2022 au secrétariat du contentieux du Conseil d'Etat, présenté en application de l'article 23-5 de l'ordonnance n° 58-1067 du 7 novembre 1958, le Syndicat de la magistrature, le Syndicat des avocats de France et l'Union syndicale Solidaires demandent au Conseil d'Etat, à l'appui de leur recours pour excès de pouvoir tendant à l'annulation du décret n° 2021-1402 du 29 octobre 2021, de renvoyer au Conseil constitutionnel la question de la conformité aux droits et libertés garantis par la Constitution de l'article 706-54-1 du code de procédure pénale. Par un mémoire enregistré le 14 avril 2022, le garde des sceaux, ministre de la",exces_de_pouvoir,desistement,ORCE_459945_20220628.xml,ORCE,2022-06-28,Ordonnance,Excès de pouvoir,R. 122-12-1 Désistement,4927
"Mme B A a demandé au Conseil d'Etat d'annuler le décret du 24 avril 1967 relatif à certaines dispositions concernant la nationalité française. Par une ordonnance n° 450607 du 28 avril 2021, le président de la 2ème chambre de la section du contentieux du Conseil d'Etat a rejeté sa demande. Par une requête, enregistrée le 20 décembre 2021 au secrétariat du contentieux du Conseil d'Etat, Mme A demande au Conseil d'Etat de réviser cette ordonnance. Par un courrier du 17 janvier 2022, notifiée le même jour, par un pli non réclamé, le greffe de la 7ème chambre a invité M. A à régulariser sa requête.",autres_recours,defavorable_requerant,ORCE_459968_20220607.xml,ORCE,2022-06-07,Ordonnance,Recours en révision,R.822-5 Rejet PAPC défaut ministère avocat,3268
"M. A B a demandé à la Cour nationale du droit d'asile d'annuler la décision du 24 septembre 2021 par laquelle l'Office français de protection des réfugiés et apatrides a rejeté sa demande d'asile. Par une ordonnance n° 21056074 du 1er décembre 2021, un président de formation de jugement de la Cour nationale du droit d'asile a rejeté cette demande. Par un pourvoi, enregistré le 4 janvier 2022 au secrétariat du contentieux du Conseil d'Etat, M. B demande au Conseil d'Etat : 1°) d'annuler cette ordonnance ; 2°) réglant l'affaire au fond, de faire droit à la demande qu'il avait présentée devant la Cour. Par une décision du 25 janvier 2022, notifiée le 31 janvier 2022, le bureau d'aide juridictionnelle a rejeté la demande d'aide juridictionnelle de M. B. Par une ordonnance du 16 mars 2022, régulièrement notifiée, le président de la Section du contentieux du Conseil d'Etat a rejeté le recours formé par M. B contre cette décision du bureau d'aide juridictionnelle.",plein_contentieux,defavorable_requerant,ORCE_460115_20220603.xml,ORCE,2022-06-03,Ordonnance,Plein contentieux,R.822-5 Rejet PAPC défaut ministère avocat,3476
"Le préfet de l'Essonne a demandé au tribunal administratif de Versailles de mettre fin à l'astreinte dont était assortie l'ordonnance du 27 mai 2021 par laquelle ce tribunal lui a enjoint d'assurer le relogement de Mme B A. Par une ordonnance n° 2108149 du 9 décembre 2021, le tribunal administratif a mis fin à cette astreinte. Par un pourvoi et un nouveau mémoire, enregistrés le 5 janvier et le 8 avril 2022 au secrétariat du contentieux du Conseil d'Etat, Mme A demande au Conseil d'Etat : 1°) d'annuler cette ordonnance ; 2°) réglant l'affaire au fond, de rejeter la demande du préfet de l'Essonne. Par une décision du 10 mars 2022, notifiée le 15 mars 2022, le bureau d'aide juridictionnelle établi près le Conseil d'Etat a rejeté la demande d'aide juridictionnelle de Mme A.",plein_contentieux,defavorable_requerant,ORCE_460143_20220623.xml,ORCE,2022-06-23,Ordonnance,Plein contentieux,R.822-5 Rejet partiel PAPC défaut d'avocat,3140
"M. B A a demandé à la Cour nationale du droit d'asile d'annuler la décision du 1er octobre 2021 par laquelle l'Office français de protection des réfugiés et apatrides a rejeté sa nouvelle demande d'asile et de le convoquer à une audience. Par une ordonnance n° 21058231 du 13 décembre 2021, une présidente de formation de jugement de la Cour nationale du droit d'asile a rejeté cette demande. Par un pourvoi, enregistré le 5 janvier 2022 au secrétariat du contentieux du Conseil d'Etat, M. A demande au Conseil d'Etat : 1°) d'annuler cette ordonnance ; 2°) réglant l'affaire au fond, de faire droit à la demande qu'il avait présentée devant la Cour. Par une décision du 2 mars 2022, notifiée le 7 mars 2022, le bureau d'aide juridictionnelle a rejeté la demande d'aide juridictionnelle de M. A.",plein_contentieux,defavorable_requerant,ORCE_460147_20220630.xml,ORCE,2022-06-30,Ordonnance,Plein contentieux,R.822-5 Rejet PAPC défaut ministère avocat,3190
"Mme D B A, épouse C a demandé à la Cour nationale du droit d'asile d'annuler la décision du 13 janvier 2021 par laquelle l'Office français de protection des réfugiés et apatrides a rejeté sa demande d'asile. Par une ordonnance n° 21005791 du 28 octobre 2021, une présidente de formation de jugement de la Cour nationale du droit d'asile a rejeté cette demande. Par un pourvoi, enregistré le 5 janvier 2022 au secrétariat du contentieux du Conseil d'Etat, Mme B A demande au Conseil d'Etat : 1°) d'annuler cette ordonnance ; 2°) réglant l'affaire au fond, de faire droit à la demande qu'elle avait présentée devant la Cour. Par une décision du 25 janvier 2022, régulièrement notifiée, le bureau d'aide juridictionnelle a rejeté la demande d'aide juridictionnelle de Mme B A.",plein_contentieux,defavorable_requerant,ORCE_460151_20220630.xml,ORCE,2022-06-30,Ordonnance,Plein contentieux,R.822-5 Rejet PAPC défaut ministère avocat,3189
"M. B A a demandé à la Cour nationale du droit d'asile d'annuler la décision du 26 février 2021 par laquelle l'Office français de protection des réfugiés et apatrides a rejeté sa demande d'asile. Par une décision n° 21015772 du 29 novembre 2021, un président de formation de jugement de la Cour nationale du droit d'asile a rejeté cette demande. Par un pourvoi, enregistré le 7 janvier 2022 au secrétariat du contentieux du Conseil d'Etat, M. A demande au Conseil d'Etat : 1°) d'annuler cette décision ; 2°) réglant l'affaire au fond, de faire droit à la demande qu'il avait présentée devant la Cour. Par une décision du 17 janvier 2022, notifiée le 21 janvier 2022, le bureau d'aide juridictionnelle a rejeté la demande d'aide juridictionnelle de M. A.",plein_contentieux,defavorable_requerant,ORCE_460218_20220602.xml,ORCE,2022-06-02,Ordonnance,Plein contentieux,R.822-5 Rejet PAPC défaut ministère avocat,3140
"M. B A a demandé à la Cour nationale du droit d'asile d'annuler la décision du 12 mai 2021 par laquelle l'Office français de protection des réfugiés et apatrides a rejeté sa demande d'asile. Par une ordonnance n° 21038277 du 24 septembre 2021, un président de formation de jugement de la Cour nationale du droit d'asile a rejeté cette demande. Par un pourvoi, enregistré le 10 janvier 2022 au secrétariat du contentieux du Conseil d'Etat, M. A demande au Conseil d'Etat : 1°) d'annuler cette ordonnance ; 2°) réglant l'affaire au fond, de faire droit à la demande qu'il avait présentée devant la Cour.",plein_contentieux,defavorable_requerant,ORCE_460256_20220603.xml,ORCE,2022-06-03,Ordonnance,Plein contentieux,R.822-5 Rejet PAPC défaut ministère avocat,2938
"M. B A a demandé au tribunal administratif de Lyon, d'une part, d'annuler l'arrêté du 30 décembre 2019 par lequel le préfet du Rhône a refusé de l'admettre au séjour, l'a obligé à quitter le territoire français dans un délai de trente jours et a fixé le pays à destination duquel il pourra être reconduit d'office et, d'autre part, d'enjoindre au préfet du Rhône, à titre principal, de lui délivrer un certificat de résidence et, à titre subsidiaire, de réexaminer sa situation dans un délai de quinze jours à compter de la notification du jugement, en lui délivrant durant ce réexamen une autorisation provisoire de séjour. Par un jugement n° 2000713 du 18 septembre 2020, le tribunal administratif de Lyon a rejeté cette demande. Par un arrêt n° 20LY03027 du 6 avril 2021, la cour administrative d'appel de Lyon a rejeté l'appel formé par M. A contre ce jugement. Par un pourvoi sommaire et un mémoire complémentaire, enregistrés les 10 janvier et 11 avril 2022 au secrétariat du contentieux du Conseil d'Etat, M. A demande au Conseil d'Etat : 1°) d'annuler cet arrêt ; 2°) réglant l'affaire au fond, de faire droit à son appel ; 3°) de mettre à la charge de l'Etat la somme de 3 600 euros au titre de l'article L. 761-1 du code de justice administrative. En application des dispositions de l'article R. 822-5-1 du code de justice administrative, l'avocat de M. A a été informé le 4 mai 2022 que la décision du Conseil d'Etat était susceptible d'être prise en application de l'article R. 822-5 du même code.",exces_de_pouvoir,defavorable_requerant,ORCE_460293_20220613.xml,ORCE,2022-06-13,Ordonnance,Excès de pouvoir,R.822-5 Rejet PAPC pourvoi non fondé,5088
"M. B A a demandé au tribunal administratif d'Orléans d'annuler pour excès de pouvoir la décision par laquelle le préfet d'Eure-et-Loir a refusé d'échanger son permis de conduire algérien contre un permis de conduire français et d'enjoindre au préfet de procéder à cet échange. Par une ordonnance n° 2101104 du 9 juin 2021, prise sur le fondement de l'article R. 222-1 du code de justice administrative, le magistrat désigné par le président du tribunal administratif a rejeté sa demande. Par un pourvoi, enregistré le 11 janvier 2022 au secrétariat du contentieux du Conseil d'Etat, M. A demande au Conseil d'Etat : 1°) d'annuler cette ordonnance ; 2°) réglant l'affaire au fond, de faire droit à sa demande. Par une décision du 24 mars 2022, notifiée le 26 mars 2022, le bureau d'aide juridictionnelle établi près le Conseil d'Etat a rejeté la demande d'aide juridictionnelle de M. A.",plein_contentieux,defavorable_requerant,ORCE_460317_20220623.xml,ORCE,2022-06-23,Ordonnance,Plein contentieux,R.822-5 Rejet PAPC défaut ministère avocat,3202
"Par une requête et un nouveau mémoire, enregistrés les 10 janvier et 11 février 2022 au secrétariat du contentieux du Conseil d'Etat, Mme A B doit être regardée comme demandant au Conseil d'Etat d'annuler pour excès de pouvoir le décret n° 2021-1671 du 16 décembre 2021 modifiant le décret n° 2021-699 du 1er juin 2021 prescrivant les mesures générales nécessaires à la gestion de la sortie de crise sanitaire, en tant qu'il impose de justifier d'un motif impérieux pour se déplacer au Royaume-Uni, d'"" abolir définitivement le motif impérieux "" et de condamner l'Etat à lui verser 2 000 euros en réparation de ses préjudices.",exces_de_pouvoir,defavorable_requerant,ORCE_460319_20220620.xml,ORCE,2022-06-20,Ordonnance,Excès de pouvoir,R. 122-12-7 Rejet irrecevabilité (moyens),2706
"M. A B a demandé à la Cour nationale du droit d'asile d'annuler la décision du 27 septembre 2019 par laquelle l'Office français de protection des réfugiés et apatrides a rejeté sa nouvelle demande d'asile. Par une décision n° 19051973 du 12 octobre 2021, la Cour nationale du droit d'asile a rejeté cette demande. Par un pourvoi, enregistré le 11 janvier 2022 au secrétariat du contentieux du Conseil d'Etat, M. B demande au Conseil d'Etat : 1°) d'annuler cette décision ; 2°) réglant l'affaire au fond, de faire droit à la demande qu'il avait présentée devant la Cour.",plein_contentieux,defavorable_requerant,ORCE_460323_20220630.xml,ORCE,2022-06-30,Ordonnance,Plein contentieux,R.822-5 Rejet PAPC défaut ministère avocat,2879
"M. B A a demandé à la Cour nationale du droit d'asile d'annuler la décision du 27 août 2021 par laquelle l'Office français de protection des réfugiés et apatrides a rejeté sa demande d'asile. Par une ordonnance n° 21047810 du 18 novembre 2021, une présidente de formation de jugement de la Cour nationale du droit d'asile a rejeté cette demande. Par un pourvoi, enregistré le 11 janvier 2022 au secrétariat du contentieux du Conseil d'Etat, M. A demande au Conseil d'Etat : 1°) d'annuler cette ordonnance ; 2°) réglant l'affaire au fond, de faire droit à la demande qu'il avait présentée devant la Cour. Par une décision du 25 janvier 2022, notifiée le 7 février 2022, le bureau d'aide juridictionnelle a rejeté la demande d'aide juridictionnelle de M. A. Par une ordonnance du 11 avril 2022, régulièrement notifiée, le président de la Section du contentieux du Conseil d'Etat a rejeté le recours formé par M. A contre cette décision du bureau d'aide juridictionnelle.",plein_contentieux,defavorable_requerant,ORCE_460325_20220630.xml,ORCE,2022-06-30,Ordonnance,Plein contentieux,R.822-5 Rejet PAPC défaut ministère avocat,3362
"M. B A a demandé à la Cour nationale du droit d'asile d'annuler la décision du 6 novembre 2020 par laquelle l'Office français de protection des réfugiés et apatrides a rejeté sa demande d'asile. Par une décision n° 21004813 du 8 novembre 2021, la Cour nationale du droit d'asile a rejeté cette demande. Par un pourvoi, enregistré le 12 janvier 2022 au secrétariat du contentieux du Conseil d'Etat, M. A demande au Conseil d'Etat : 1°) d'annuler cette décision ; 2°) réglant l'affaire au fond, de faire droit à la demande qu'il avait présentée devant la Cour. Par une décision du 25 janvier 2022, régulièrement notifiée, le bureau d'aide juridictionnelle a rejeté la demande d'aide juridictionnelle de M. A.",plein_contentieux,defavorable_requerant,ORCE_460341_20220603.xml,ORCE,2022-06-03,Ordonnance,Plein contentieux,R.822-5 Rejet PAPC défaut ministère avocat,3043
"M. B D C, agissant en son nom propre et au nom de son enfant mineur B A, a demandé à la Cour nationale du droit d'asile d'annuler la décision du 11 août 2021 par laquelle l'Office français de protection des réfugiés et apatrides a rejeté sa demande d'asile. Par une ordonnance n° 21045929 du 18 octobre 2021, un président de formation de jugement de la Cour nationale du droit d'asile a rejeté cette demande. Par un pourvoi, enregistré le 15 janvier 2022 au secrétariat du contentieux du Conseil d'Etat, M. C demande au Conseil d'Etat : 1°) d'annuler cette ordonnance ; 2°) réglant l'affaire au fond, de faire droit à la demande qu'il avait présentée devant la Cour. Par une lettre du 18 janvier 2022, régulièrement notifiée, M. C a été invité à régulariser son pourvoi dans un délai d'un mois à compter de la réception de cette lettre. Par une décision du 24 février 2022, régulièrement notifiée, le bureau d'aide juridictionnelle a rejeté la demande d'aide juridictionnelle de M. C. Par une ordonnance du 12 mai 2022, régulièrement notifiée, le président de la Section du contentieux du Conseil d'Etat a rejeté le recours formé par M. C contre cette décision du bureau d'aide juridictionnelle.",plein_contentieux,defavorable_requerant,ORCE_460455_20220630.xml,ORCE,2022-06-30,Ordonnance,Plein contentieux,R.822-5 Rejet PAPC défaut ministère avocat,3913
"M. B A a demandé au tribunal administratif de Montpellier d'annuler l'arrêté du 7 février 2019 par lequel le préfet de l'Hérault a refusé de lui délivrer un titre de séjour, l'a obligé à quitter le territoire français dans un délai de trente jours, a fixé le pays à destination duquel il pourra être reconduit d'office et a prononcé à son encontre une interdiction de retour d'une durée de deux ans. Par un jugement n° 1902483 du 27 juin 2019, le tribunal administratif de Montpellier a rejeté cette demande. Par un arrêt n° 19MA05597 du 5 juillet 2021, la cour administrative d'appel de Marseille a rejeté l'appel formé par M. A contre ce jugement. Par un pourvoi sommaire et un mémoire complémentaire, enregistrés les 17 janvier et 15 avril 2022 au secrétariat du contentieux du Conseil d'Etat, M. A demande au Conseil d'Etat : 1°) d'annuler cet arrêt ; 2°) de mettre à la charge de l'Etat la somme de 3 000 euros à verser à la SARL Matuchansky, Poupot, Valdelièvre, son avocat, au titre des articles L. 761-1 du code de justice administrative et 37 de la loi du 10 juillet 1991. En application des dispositions de l'article R. 822-5-1 du code de justice administrative, l'avocat de M. A a été informé le 3 mai 2022 que la décision du Conseil d'Etat était susceptible d'être prise en application de l'article R. 822-5 du même code.",exces_de_pouvoir,defavorable_requerant,ORCE_460477_20220613.xml,ORCE,2022-06-13,Ordonnance,Excès de pouvoir,R.822-5 Rejet PAPC pourvoi non fondé,3563
"M. A B a demandé au tribunal administratif de Paris de condamner le Défenseur des droits à lui verser une somme de 300 000 euros en réparation des préjudices qui résulteraient des fautes commises dans le traitement de sa dénonciation d'agissements discriminatoires par la Haute autorité de lutte contre les discriminations et pour l'égalité. Par un jugement n° 1918069/6-3 du 24 septembre 2020, le tribunal administratif de Paris a rejeté sa demande. Par un arrêt n° 20PA03533 du 18 novembre 2021, la cour administrative d'appel de Paris a rejeté l'appel formé par M. B contre ce jugement. Par un pourvoi sommaire, enregistré le 17 janvier 2022 au secrétariat du contentieux du Conseil d'Etat, M. B demande au Conseil d'Etat : 1°) d'annuler cet arrêt ; 2°) réglant l'affaire au fond, de faire droit à son appel ; 3°) de mettre à la charge de l'Etat la somme de 4 000 euros au titre de l'article L. 761-1 du code de justice administrative.",plein_contentieux,defavorable_requerant,ORCE_460507_20220603.xml,ORCE,2022-06-03,Ordonnance,Plein contentieux,R.822-5 Rejet PAPC défaut ministère avocat,3113
"M. B A a demandé au tribunal administratif de Lyon d'annuler pour excès de pouvoir la décision du 22 mars 2018 par laquelle le directeur de l'hôpital intercommunal de Bourg-Saint-Andéol-Viviers l'a radié des cadres pour abandon de poste, d'enjoindre à ce directeur de le réintégrer et de condamner l'établissement à lui verser la somme de 40 000 euros en réparation des préjudices qu'il estime avoir subis. Par un jugement n° 1803534 du 15 mai 2019, le tribunal administratif a annulé cette décision, a enjoint au directeur de l'hôpital intercommunal de Bourg-Saint-Andéol-Viviers de réintégrer M. A et a rejeté le surplus des conclusions des parties. Par un arrêt n° 19LY02443, 21LY02086 du 18 novembre 2021, la cour administrative d'appel de Lyon a rejeté les appels formés par l'hôpital intercommunal de Bourg-Saint-Andéol-Viviers et par M. A contre ce jugement. Par un pourvoi sommaire et un mémoire complémentaire, enregistrés les 18 janvier et 19 avril 2022 au secrétariat du contentieux du Conseil d'Etat, l'hôpital intercommunal de Bourg-Saint-Andéol-Viviers demande au Conseil d'Etat : 1°) d'annuler cet arrêt ; 2°) réglant l'affaire au fond, de faire droit à son appel ; 3°) de mettre à la charge de M. A la somme de 3 500 euros au titre de l'article L. 761-1 du code de justice administrative. Par un nouveau mémoire, enregistré le 3 juin 2022, l'hôpital intercommunal de Bourg-Saint-Andéol-Viviers déclare se désister purement et simplement de son pourvoi.",exces_de_pouvoir,desistement,ORCE_460546_20220630.xml,ORCE,2022-06-30,Ordonnance,Excès de pouvoir,R.822-5 Désistement PAPC,2730
"Par une requête et un nouveau mémoire, enregistrés les 17 janvier et 3 mars 2022 au secrétariat du contentieux du Conseil d'Etat, Mme B A demande au Conseil d'Etat : 1°) d'annuler les actes relatifs à sa procédure d'expulsion ; 2°) de révoquer les syndics de leur copropriété pour carence ; 3°) d'ordonner l'ouverture de leur succession et de désigner Me Puech pour y procéder ; 4°) de désigner un expert immobilier ; 5°) de délivrer à Mme A une habilitation familiale d'une durée de dix ans ; 6°) de l'indemniser de plusieurs préjudices ; 7°) de mettre à la charge de l'Etat la somme de 9 000 euros au titre de l'article L. 761-1 du code de justice administrative. Par deux nouveaux mémoires, enregistré le 31 janvier et le 12 février 2022, Mme A transmet au Conseil d'Etat deux mémoires en réplique adressés à cour d'appel de Nîmes.",exces_de_pouvoir,defavorable_requerant,ORCE_460591_20220630.xml,ORCE,2022-06-30,Ordonnance,Excès de pouvoir,R. 122-12-4 Rejet irrecevabilité manifeste,3111
"M. A B a demandé à la Cour nationale du droit d'asile d'annuler la décision du 6 août 2021 par laquelle l'Office français de protection des réfugiés et apatrides a rejeté sa demande d'asile. Par une ordonnance n° 21047455 du 16 novembre 2021, une présidente de formation de jugement de la Cour nationale du droit d'asile a rejeté cette demande. Par un pourvoi, enregistré le 19 janvier 2022 au secrétariat du contentieux du Conseil d'Etat, M. B demande au Conseil d'Etat : 1°) d'annuler cette ordonnance ; 2°) réglant l'affaire au fond, de faire droit à la demande qu'il avait présentée devant la Cour.",plein_contentieux,defavorable_requerant,ORCE_460603_20220603.xml,ORCE,2022-06-03,Ordonnance,Plein contentieux,R.822-5 Rejet PAPC défaut ministère avocat,2939
"Mme A B a demandé au tribunal administratif de Poitiers d'annuler la décision du 29 décembre 2020 par laquelle la ministre des armées a rejeté sa demande de pension d'orpheline majeure infirme et de procéder à un nouvel examen de sa demande. Par une ordonnance n° 2101824 du 17 décembre 2021, le président de la 2ème chambre du tribunal administratif de Poitiers a rejeté sa demande. Par un pourvoi, enregistré le 19 janvier 2022 au secrétariat du contentieux du Conseil d'Etat, Mme B demande au Conseil d'Etat d'annuler cette ordonnance. Par une décision du 25 janvier 2022, notifiée le 1er février 2022 par voie consulaire, le président du bureau d'aide juridictionnelle a rejeté la demande d'aide juridictionnelle de Mme B.",autres_recours,defavorable_requerant,ORCE_460621_20220607.xml,ORCE,2022-06-07,Ordonnance,Contentieux des pensions,R.822-5 Rejet PAPC défaut ministère avocat,3397
"Mme B A a demandé au juge des référés du tribunal administratif de Montpellier de suspendre, sur le fondement de l'article L. 521-1 du code de justice administrative, l'exécution de la décision du 27 septembre 2021 par laquelle le directeur du centre hospitalier d'Avignon l'a suspendue de ses fonctions et d'enjoindre à ce directeur de la réintégrer dans ses droits et de lui verser les traitements dus. Par une ordonnance n° 2106625 du 4 janvier 2022, le juge des référés a rejeté sa demande. Par un pourvoi sommaire et un mémoire complémentaire, enregistrés les 19 janvier et 2 février 2022 au secrétariat du contentieux du Conseil d'Etat, Mme A demande au Conseil d'Etat : 1°) d'annuler cette ordonnance ; 2°) statuant en référé, de faire droit à sa demande ; 3°) de mettre à la charge du centre hospitalier d'Avignon la somme de 5 000 euros au titre de l'article L. 761-1 du code de justice administrative. En application des dispositions de l'article R. 822-5-1 du code de justice administrative, l'avocat de la requérante a été informé que la décision du Conseil d'Etat était susceptible d'être prise en application de l'article R. 822-5 du même code.",exces_de_pouvoir,defavorable_requerant,ORCE_460633_20220628.xml,ORCE,2022-06-28,Ordonnance,Excès de pouvoir,R.822-5-3 Rejet PAPC référé,4212
"M. A B a demandé à la commission du contentieux du stationnement payant d'annuler l'avis de paiement du forfait de post-stationnement mis à sa charge le 26 juin 2020 par la ville de Paris. Par une ordonnance n° 20057954 du 12 janvier 2022, le président de chambre désigné par la présidente de la commission du contentieux du stationnement payant a rejeté sa requête. Par un pourvoi, enregistré le 20 janvier 2022 au secrétariat du contentieux du Conseil d'Etat, M. B demande au Conseil d'Etat : 1°) d'annuler cette ordonnance ; 2°) réglant l'affaire au fond, de faire droit à sa requête.",plein_contentieux,defavorable_requerant,ORCE_460649_20220630.xml,ORCE,2022-06-30,Ordonnance,Plein contentieux,R.822-5 Rejet PAPC défaut ministère avocat,2800
"M. B A a demandé à la Cour nationale du droit d'asile d'annuler la décision du 24 février 2021 par laquelle l'Office français de protection des réfugiés et apatrides a rejeté sa demande d'asile. Par une ordonnance n° 21009737 du 29 novembre 2021, un président de formation de jugement de la Cour nationale du droit d'asile a rejeté cette demande. Par un pourvoi, enregistré le 24 janvier 2022 au secrétariat du contentieux du Conseil d'Etat, M. A demande au Conseil d'Etat : 1°) d'annuler cette ordonnance ; 2°) réglant l'affaire au fond, de faire droit à la demande qu'il avait présentée devant la Cour. Par une décision du 2 février 2022, notifiée le 7 février 2022, le bureau d'aide juridictionnelle a rejeté la demande d'aide juridictionnelle de M. A.",plein_contentieux,defavorable_requerant,ORCE_460712_20220620.xml,ORCE,2022-06-20,Ordonnance,Plein contentieux,R.822-5 Rejet PAPC défaut ministère avocat,3147
"Par une requête, enregistrée le 24 janvier 2022 au secrétariat du contentieux du Conseil d'Etat, M. B A, se présentant comme président de l'association "" Le front populaire kalédonien "", demande au Conseil d'Etat et au tribunal administratif de Nouvelle-Calédonie : 1°) d'annuler la décision de maintenir la troisième consultation sur l'accession à la pleine souveraineté de la Nouvelle-Calédonie ainsi que ses résultats ; 2°) de condamner l'Etat à réparer le préjudice résultant de l'illégalité de cette consultation ; 3°) de condamner l'Etat à réparer le préjudice résultant des fautes commises dans sa gestion de la crise sanitaire liée à l'épidémie de covid-19.",exces_de_pouvoir,defavorable_requerant,ORCE_460717_20220620.xml,ORCE,2022-06-20,Ordonnance,Excès de pouvoir,R. 122-12-4 Rejet irrecevabilité manifeste,4286
"Mme B A a demandé à la Cour nationale du droit d'asile d'annuler la décision du 27 août 2021 par laquelle l'Office français de protection des réfugiés et apatrides a rejeté sa demande d'asile. Par une ordonnance n° 21050341 du 17 décembre 2021, un président de formation de jugement de la Cour nationale du droit d'asile a rejeté cette demande. Par un pourvoi, enregistré le 24 janvier 2022 au secrétariat du contentieux du Conseil d'Etat, Mme A demande au Conseil d'Etat : 1°) d'annuler cette ordonnance ; 2°) réglant l'affaire au fond, de faire droit à la demande qu'elle avait présentée devant la Cour.",plein_contentieux,defavorable_requerant,ORCE_460765_20220630.xml,ORCE,2022-06-30,Ordonnance,Plein contentieux,R.822-5 Rejet PAPC défaut ministère avocat,2947
"M. A B a demandé à la Cour nationale du droit d'asile d'annuler la ordonnance du 31 mai 2021 par laquelle l'Office français de protection des réfugiés et apatrides a rejeté sa demande d'asile. Par une ordonnance n° 21031192 du 12 octobre 2021, une présidente de formation de jugement de la Cour nationale du droit d'asile a rejeté cette demande. Par un pourvoi, enregistré le 24 janvier 2022 au secrétariat du contentieux du Conseil d'Etat, M. B demande au Conseil d'Etat : 1°) d'annuler cette ordonnance ; 2°) réglant l'affaire au fond, de faire droit à la demande qu'il avait présentée devant la Cour.",plein_contentieux,defavorable_requerant,ORCE_460774_20220630.xml,ORCE,2022-06-30,Ordonnance,Plein contentieux,R.822-5 Rejet PAPC défaut ministère avocat,2949
"Par une requête, enregistrée le 25 janvier 2022 au secrétariat du contentieux du Conseil d'Etat, M. A B demande au Conseil d'Etat : 1°) à titre principal, d'annuler la loi n° 2022-46 du 22 janvier 2022 renforçant les outils de gestion de la crise sanitaire et modifiant le code de la santé publique ; 2°) à titre subsidiaire, de lui permettre de choisir le produit qui doit lui être injecté ou de lui permettre de quitter le territoire sans aucune contrainte, ni menace.",exces_de_pouvoir,defavorable_requerant,ORCE_460803_20220603.xml,ORCE,2022-06-03,Ordonnance,Excès de pouvoir,R. 122-12-2 Rejet incompétence,2522
"M. A B a demandé à la commission du contentieux du stationnement payant d'annuler les titres exécutoires émis par l'Agence nationale de traitement automatisé des infractions en vue du recouvrement de forfaits de post-stationnement mis à sa charge le 10 septembre 2018, les 17, 23 et 25 octobre 2019, les 15, 21, 27 et 28 novembre 2019 et, le 2 décembre 2019 par la commune de Bois-Colombes ainsi que le 13 janvier 2020 par la commune de Saint-Germain-en-Laye et des majorations dont ils sont assortis. Par une ordonnance nos 21002817, 21010247, 21010254, 21010264, 21010268, 21010273, 21010275, 21010281, 21010286, 21010289 du 17 novembre 2021, le magistrat désigné par la présidente de la commission du contentieux du stationnement payant a rejeté sa requête. Par un pourvoi sommaire et un mémoire complémentaire, enregistrés les 25 janvier et 22 avril 2022 au secrétariat du contentieux du Conseil d'Etat, M. B demande au Conseil d'Etat : 1°) d'annuler cette ordonnance ; 2°) réglant l'affaire au fond, de faire droit à sa requête ; 3°) de mettre à la charge de l'Etat la somme de 3 500 euros au titre de l'article L. 761-1 du code de justice administrative. En application des dispositions de l'article R. 822-5-1 du code de justice administrative, l'avocat du requérant a été informé que la décision du Conseil d'Etat était susceptible d'être prise en application de l'article R. 822-5 du même code.",plein_contentieux,defavorable_requerant,ORCE_460809_20220628.xml,ORCE,2022-06-28,Ordonnance,Plein contentieux,R.822-5-4 Rejet PAPC,3831
"M. D M, Mme A M, M. F L, M. G, Mme I G, M. K B de la Garanderie, Mme H B de la Garanderie, M. J E et Mme N C ont demandé au tribunal administratif de Rouen d'annuler pour excès de pouvoir l'arrêté du 7 mai 2019 par lequel le maire de Sainte-Adresse a délivré à la SARL C2C un permis de construire un immeuble de 23 logements collectifs sur un terrain situé sur le territoire de la commune. Par un jugement n° 1903384 du 24 novembre 2020, le tribunal administratif a annulé l'arrêté contesté, sur le fondement de l'article L. 600-5 du code de l'urbanisme, en tant que la marge de recul par rapport à l'alignement de la voie était inférieure à cinq mètres sur les façades nord et ouest alors qu'une telle distance est exigée sur l'une au moins de ces façades, et en tant que les surfaces destinées aux aires de jeux et de détente n'atteignaient pas 230 m². Par un arrêt n° 21DA00178 du 26 novembre 2021, la cour administrative d'appel de Douai a annulé l'arrêté du 7 mai 2019, ainsi que l'arrêté du 23 février 2021 par lequel le maire de Sainte-Adresse a délivré à la SARL C2C un permis de construire modificatif, en tant qu'ils ne prévoient pas un nombre de places de stationnement suffisant au regard des dispositions de l'article UB 12 du plan local d'urbanisme. Par un pourvoi sommaire, enregistré le 26 janvier 2022 au secrétariat du contentieux du Conseil d'Etat, M. et Mme M, M. L, Mme G, M. et Mme B de la Garanderie, M. E et Mme C demandent au Conseil d'Etat : 1°) d'annuler cet arrêt ; 2°) de mettre à la charge de la commune de Sainte-Adresse la somme de 3 500 euros au titre de l'article L. 761-1 du code de justice administrative.",exces_de_pouvoir,desistement,ORCE_460833_20220610.xml,ORCE,2022-06-10,Ordonnance,Excès de pouvoir,R.822-5 Désistement PAPC,3847
"Mme C B A a demandé à la Cour nationale du droit d'asile d'annuler la décision du 7 septembre 2021 par laquelle l'Office français de protection des réfugiés et apatrides a rejeté sa demande d'asile. Par une ordonnance n° 21051443 du 15 novembre 2021, une présidente de formation de jugement de la Cour nationale du droit d'asile a rejeté cette demande. Par un pourvoi, enregistré le 26 janvier 2022 au secrétariat du contentieux du Conseil d'Etat, Mme B A demande au Conseil d'Etat : 1°) d'annuler cette ordonnance ; 2°) réglant l'affaire au fond, de faire droit à la demande qu'elle avait présentée devant la Cour.",plein_contentieux,defavorable_requerant,ORCE_460839_20220630.xml,ORCE,2022-06-30,Ordonnance,Plein contentieux,R.822-5 Rejet PAPC défaut ministère avocat,2967
"M. L'Hassen A a demandé au tribunal administratif de Nantes d'annuler la décision par laquelle le ministre de l'intérieur a rejeté sa demande d'acquisition de la nationalité française. Par une ordonnance n° 1910528 du 17 février 2020, le président de la 3ème chambre du tribunal administratif de Nantes a rejeté sa demande. Par une ordonnance n° 20NT01526 du 25 novembre 2021, le président de la 2ème chambre de la cour administrative d'appel de Nantes a rejeté l'appel formé par M. A contre cette ordonnance. Par un pourvoi, enregistré le 26 janvier 2022 au secrétariat du contentieux du Conseil d'Etat, M. A demande au Conseil d'Etat d'annuler cette ordonnance. Par une décision du 2 février 2022, notifiée le 4 février 2022, le bureau d'aide juridictionnelle a rejeté la demande d'aide juridictionnelle de M. A.",exces_de_pouvoir,defavorable_requerant,ORCE_460843_20220613.xml,ORCE,2022-06-13,Ordonnance,Excès de pouvoir,R.822-5 Rejet PAPC défaut ministère avocat,3076
"1° La société Sthree a demandé à la commission du contentieux du stationnement payant d'annuler les titres exécutoires émis par l'Agence nationale de traitement automatisé des infractions (ANTAI) en vue du recouvrement des forfaits de post-stationnement mis à sa charge les 2, 18, 19 et 26 mars et le 26 avril 2021 par la Ville de Paris et des majorations dont ils sont assortis. Par une ordonnance n°s 21103164, 21103289, 21103393, 21103405 et 21106877 du 29 novembre 2021, le magistrat désigné par la présidente de la commission du contentieux du stationnement payant a rejeté ses requêtes. Sous le numéro 460857, par un pourvoi sommaire, enregistré le 26 janvier 2022 au secrétariat du contentieux du Conseil d'Etat, la société Sthree demande au Conseil d'Etat : 1°) d'annuler cette ordonnance ; 2°) réglant l'affaire au fond, de faire droit à ses requêtes ; 3°) de mettre à la charge de la Ville de Paris la somme de 6 000 euros au titre de l'article L. 761-1 du code de justice administrative. 2° La société Sthree a demandé à la commission du contentieux du stationnement payant d'annuler le titre exécutoire émis par l'ANTAI en vue du recouvrement du forfait de post-stationnement mis à sa charge le 13 août 2020 par la commune de Narbonne et de la majoration dont il est assorti. Par une ordonnance n° 21064566 du 26 novembre 2021, le magistrat désigné par la présidente de la commission du contentieux du stationnement payant a rejeté sa requête. Sous le numéro 460860, par un pourvoi sommaire, enregistré le 26 janvier 2022 au secrétariat du contentieux du Conseil d'Etat, la société Sthree demande au Conseil d'Etat : 1°) d'annuler cette ordonnance ; 2°) réglant l'affaire au fond, de faire droit à sa requête ; 3°) de mettre à la charge de la commune de Narbonne la somme de 6 000 euros au titre de l'article L. 761-1 du code de justice administrative. 3° La société Sthree a demandé à la commission du contentieux du stationnement payant d'annuler les titres exécutoires émis par l'ANTAI en vue du recouvrement des forfaits de post-stationnement mis à sa charge le 21 août, le 21 octobre, les 23, 25 et 26 novembre et les 9 et 16 décembre 2020, le 21 janvier, le 23 février et le 17",plein_contentieux,desistement,ORCE_460857_20220628.xml,ORCE,2022-06-28,Ordonnance,Plein contentieux,R.822-5 Désistement d'office PAPC,5296
"M. A B a demandé au tribunal administratif de Nantes d'annuler la décision implicite par laquelle la commission de recours contre les décisions de refus de visa d'entrée en France a rejeté le recours formé le 25 juillet 2019 contre la décision du 19 juin 2019 des autorités consulaires françaises à Beyrouth refusant de délivrer un visa de court séjour à M. C. Par une ordonnance n° 1911889 du 13 janvier 2020, le président de la 9ème chambre du tribunal administratif de Nantes a rejeté sa demande. Par une ordonnance n° 20NT00817 du 25 novembre 2021, le président de la 2ème chambre de la cour administrative d'appel de Nantes a rejeté l'appel formé par M. B contre cette ordonnance. Par un pourvoi sommaire et un mémoire complémentaire, enregistrés les 26 janvier et 27 avril 2022 au secrétariat du contentieux du Conseil d'Etat, MM. Omar et B demandent au Conseil d'Etat : 1°) d'annuler cette ordonnance ; 2°) de mettre à la charge de l'Etat la somme de 3 000 euros au titre de l'article L. 761-1 du code de justice administrative. Par un mémoire, enregistré le 3 mai 2022 au secrétariat du contentieux du Conseil d'Etat, MM. Omar et B déclarent se désister purement et simplement de leur pourvoi.",exces_de_pouvoir,desistement,ORCE_460867_20220610.xml,ORCE,2022-06-10,Ordonnance,Excès de pouvoir,R.822-5 Désistement PAPC,2246
"Par une requête enregistrée le 28 janvier 2022 au secrétariat du contentieux du Conseil d'Etat, Mme A B demande au Conseil d'Etat : 1°) d'annuler pour excès de pouvoir l'article 1er du décret n° 2022-27 du 13 janvier 2022 modifiant le décret n° 2021-699 du 1er juin 2021 prescrivant les mesures générales nécessaires à la gestion de la sortie de crise sanitaire ; 2°) de mettre à la charge de l'Etat la somme de 3 000 euros au titre de l'article L. 761-1 du code de justice administrative.",exces_de_pouvoir,desistement,ORCE_460890_20220620.xml,ORCE,2022-06-20,Ordonnance,Excès de pouvoir,R. 122-12-1 Désistement d'office,3310
"Par une requête, enregistrée le 27 janvier 2022 au secrétariat du contentieux du Conseil d'Etat, M. B A demande au Conseil d'Etat d'annuler pour excès de pouvoir la décision du 27 janvier 2022 par laquelle la Commission nationale de l'informatique et des libertés (CNIL) l'a informé de la clôture de sa réclamation tendant à la rectification de ses données personnelles dans les fichiers de l'administration fiscale et de contraindre les services de la direction générale des finances publiques de produire un nouvel avis d'imposition tenant compte de ces modifications.",exces_de_pouvoir,defavorable_requerant,ORCE_460896_20220620.xml,ORCE,2022-06-20,Ordonnance,Excès de pouvoir,R. 122-12-4 Rejet irrecevabilité manifeste,2505
"Mme B A a demandé au tribunal administratif de Marseille d'annuler l'arrêté du 17 décembre 2018 par lequel le préfet des Bouches-du-Rhône a refusé de lui délivrer un titre de séjour et a assorti cette décision d'une obligation de quitter le territoire français dans un délai de trente jours mentionnant le pays de destination. Par un jugement n° 1905004 du 3 octobre 2019, le tribunal administratif de Marseille a rejeté cette demande. Par un arrêt n° 20MA01069 du 18 février 2021, la cour administrative d'appel de Marseille a rejeté l'appel formé par Mme A contre ce jugement. Par un pourvoi sommaire et un mémoire complémentaire, enregistrés les 28 janvier et 13 avril 2022 au secrétariat du contentieux du Conseil d'Etat, Mme A demande au Conseil d'Etat : 1°) d'annuler cet arrêt ; 2°) de mettre à la charge de l'Etat la somme de 3 500 à verser à la SCP Gouz-Fitoussi, son avocat, au titre des articles L. 761-1 du code de justice administrative et 37 de la loi du 10 juillet 1991. En application des dispositions de l'article R. 822-5-1 du code de justice administrative, l'avocat de Mme A a été informé le 3 mai 2022 que la décision du Conseil d'Etat était susceptible d'être prise en application de l'article R. 822-5 du même code.",exces_de_pouvoir,defavorable_requerant,ORCE_460899_20220613.xml,ORCE,2022-06-13,Ordonnance,Excès de pouvoir,R.822-5 Rejet PAPC pourvoi non fondé,3723
"Par une requête enregistrée le 28 janvier 2022 au secrétariat du contentieux du Conseil d'Etat, l'association Le Cercle droit et liberté, représentant unique désigné, et autres demandent au Conseil d'Etat : 1°) d'annuler pour excès de pouvoir le décret n° 2022-51 du 22 janvier 2022 modifiant le décret n° 2021-699 du 1er juin 2021 prescrivant les mesures générales nécessaires à la gestion de la sortie de crise sanitaire ; 2°) de mettre à la charge de l'Etat la somme de 5 000 euros au titre de l'article L. 761-1 du code de justice administrative.",exces_de_pouvoir,desistement,ORCE_460921_20220620.xml,ORCE,2022-06-20,Ordonnance,Excès de pouvoir,R. 122-12-1 Désistement,3515
"M. B A a demandé à la Cour nationale du droit d'asile d'annuler la décision du 4 août 2021 par laquelle l'Office français de protection des réfugiés et apatrides a rejeté sa demande d'asile. Par une ordonnance n° 21038841 du 7 décembre 2021, une présidente de formation de jugement de la Cour nationale du droit d'asile a rejeté cette demande. Par un pourvoi, enregistré le 2 février 2022 au secrétariat du contentieux du Conseil d'Etat, M. A demande au Conseil d'Etat : 1°) d'annuler cette ordonnance ; 2°) réglant l'affaire au fond, de faire droit à la demande qu'il avait présentée devant la Cour. Par une décision du 3 février 2022, notifiée le 7 février 2022, le bureau d'aide juridictionnelle a rejeté la demande d'aide juridictionnelle de M. A.",plein_contentieux,defavorable_requerant,ORCE_461035_20220603.xml,ORCE,2022-06-03,Ordonnance,Plein contentieux,R.822-5 Rejet PAPC défaut ministère avocat,3144
"M. B A a demandé à la Cour nationale du droit d'asile d'annuler la décision du 31 août 2021 par laquelle l'Office français de protection des réfugiés et apatrides a rejeté sa demande d'asile. Par une ordonnance n° 21049836 du 28 octobre 2021, une présidente de formation de jugement de la Cour nationale du droit d'asile a rejeté cette demande. Par un pourvoi, enregistré le 3 janvier 2022 au secrétariat du contentieux du Conseil d'Etat, M. A demande au Conseil d'Etat : 1°) d'annuler cette ordonnance ; 2°) réglant l'affaire au fond, de faire droit à la demande qu'il avait présentée devant la Cour.",plein_contentieux,defavorable_requerant,ORCE_461065_20220630.xml,ORCE,2022-06-30,Ordonnance,Plein contentieux,R.822-5 Rejet PAPC défaut ministère avocat,3073
"M. B A a demandé à la Cour nationale du droit d'asile d'annuler la décision du 13 septembre 2021 par laquelle l'Office français de protection des réfugiés et apatrides a rejeté sa demande d'asile. Par une ordonnance n° 21053067 du 8 décembre 2021, une présidente de formation de jugement de la Cour nationale du droit d'asile a rejeté cette demande. Par un pourvoi, enregistré le 4 février 2022 au secrétariat du contentieux du Conseil d'Etat, M. A demande au Conseil d'Etat : 1°) d'annuler cette ordonnance ; 2°) réglant l'affaire au fond, de faire droit à la demande qu'il avait présentée devant la Cour. Par une décision du 9 février 2022, notifiée le 23 février 2022, le bureau d'aide juridictionnelle a rejeté la demande d'aide juridictionnelle de M. A.",plein_contentieux,defavorable_requerant,ORCE_461110_20220603.xml,ORCE,2022-06-03,Ordonnance,Plein contentieux,R.822-5 Rejet PAPC défaut ministère avocat,3151
"M. B A a demandé à la Cour nationale du droit d'asile d'annuler la décision du 10 septembre 2021 par laquelle l'Office français de protection des réfugiés et apatrides a rejeté sa demande d'asile. Par une ordonnance n° 21056564 du 3 décembre 2021, un président de formation de jugement de la Cour nationale du droit d'asile a rejeté cette demande. Par un pourvoi, enregistré le 4 février 2022 au secrétariat du contentieux du Conseil d'Etat, M. A demande au Conseil d'Etat : 1°) d'annuler cette ordonnance ; 2°) réglant l'affaire au fond, de faire droit à la demande qu'il avait présentée devant la Cour.",plein_contentieux,defavorable_requerant,ORCE_461123_20220603.xml,ORCE,2022-06-03,Ordonnance,Plein contentieux,R.822-5 Rejet PAPC défaut ministère avocat,3071
"M. B A a demandé au tribunal administratif de Lyon, d'une part, d'annuler, pour excès de pouvoir, la décision implicite de rejet née du silence gardé par le directeur départemental de la protection des populations de l'Ain sur sa demande de communication du dernier rapport d'inspection de chaque établissement d'expérimentation animale situé dans ce département et, d'autre part, de lui enjoindre, dans un délai de quinze jours et sous astreinte, de communiquer ce rapport sans occulter le nom des établissements, ni les dates d'inspection et de rapport, ni les intitulés de la grille d'inspection, ni les niveaux de non-conformité, ni des passages entiers de commentaires. Par un jugement n° 2100089 du 1er décembre 2021, le tribunal administratif de Lyon a rejeté sa demande. Par un pourvoi sommaire, enregistré le 4 février 2022 au secrétariat du contentieux du Conseil d'Etat, le ministre de l'agriculture et de l'alimentation demande au Conseil d'Etat : 1°) d'annuler ce jugement ; 2°) réglant l'affaire au fond, de rejeter la demande de M. A.",exces_de_pouvoir,desistement,ORCE_461142_20220630.xml,ORCE,2022-06-30,Ordonnance,Excès de pouvoir,R.822-5 Désistement PAPC,3429
"M. B A a demandé au tribunal administratif de Lyon, d'une part, d'annuler, pour excès de pouvoir, la décision du 1er décembre 2020 par laquelle le directeur départemental de la protection des populations du Rhône a décidé de lui communiquer le dernier rapport d'inspection de chaque établissement d'expérimentation animale situé dans ce département en occultant le nom des établissements et des commentaires et, d'autre part, de lui enjoindre, dans un délai de quinze jours et sous astreinte, de communiquer ce rapport sans occulter le nom des établissements ni les commentaires. Par un jugement n° 2100090 du 1er décembre 2021, le tribunal administratif de Lyon a rejeté sa demande. Par un pourvoi sommaire, enregistré le 4 février 2022 au secrétariat du contentieux du Conseil d'Etat, le ministre de l'agriculture et de l'alimentation demande au Conseil d'Etat : 1°) d'annuler ce jugement ; 2°) réglant l'affaire au fond, de rejeter la demande de M. A.",exces_de_pouvoir,desistement,ORCE_461143_20220630.xml,ORCE,2022-06-30,Ordonnance,Excès de pouvoir,R.822-5 Désistement PAPC,3337
"M. B A a demandé au tribunal administratif de Bordeaux, d'une part, d'annuler la décision par laquelle la Caisse des dépôts et consignations a implicitement rejeté sa demande du 29 avril 2019 aux fins de remboursement des cotisations prélevées sur son traitement brut pour travaux insalubres et, d'autre part, à ce qu'il soit enjoint au ministre de l'économie, des finances et de la relance de lui rembourser les cotisations prélevées sur son traitement brut pour travaux insalubres. Par un jugement n° 1904362 du 7 décembre 2021, le tribunal administratif de Bordeaux a rejeté sa demande. Par un pourvoi sommaire, enregistré le 7 février 2022 au secrétariat du contentieux du Conseil d'Etat, M. A demande au Conseil d'Etat : 1°) d'annuler ce jugement ; 2°) réglant l'affaire au fond, de faire droit à sa demande ; 3°) de mettre à la charge de l'Etat la somme de 4 000 euros au titre de l'article L. 761-1 du code de justice administrative.",autres_recours,desistement,ORCE_461164_20220607.xml,ORCE,2022-06-07,Ordonnance,Contentieux des pensions,R.822-5 Désistement d'office PAPC,3187
"Mme A B a demandé à la Cour nationale du droit d'asile d'annuler la décision du 27 août 2019 par laquelle l'Office français de protection des réfugiés et apatrides a rejeté sa demande d'asile. Par une décision n° 19048848 du 23 décembre 2021, une présidente de formation de jugement de la Cour nationale du droit d'asile a rejeté cette demande. Par un pourvoi, enregistré le 7 février 2022 au secrétariat du contentieux du Conseil d'Etat, Mme B demande au Conseil d'Etat : 1°) d'annuler cette décision ; 2°) réglant l'affaire au fond, de faire droit à la demande qu'elle avait présentée devant la Cour. Par une décision du 4 mars 2022, notifiée le même jour, le bureau d'aide juridictionnelle a rejeté la demande d'aide juridictionnelle de Mme B. Par une lettre du 10 février 2022, notifiée le 15 mars 2022, Mme B a été invitée à régulariser son pourvoi dans un délai d'un mois à compter de la réception de cette lettre.",plein_contentieux,defavorable_requerant,ORCE_461178_20220603.xml,ORCE,2022-06-03,Ordonnance,Plein contentieux,R.822-5 Rejet PAPC défaut ministère avocat,3639
"M. B A a demandé au tribunal administratif de Paris d'annuler l'arrêté du 11 août 2021 par lequel le préfet de police a décidé de sa remise aux autorités italiennes, responsables de sa demande d'asile. Par un jugement n° 2117416/8 du 3 septembre 2021, le tribunal administratif de Paris a rejeté sa demande. Par une ordonnance n° 21PA05310 du 26 janvier 2022, le président de la 1ère chambre de la cour administrative d'appel de Paris a rejeté l'appel formé par M. A contre ce jugement. Par un pourvoi, enregistré le 7 février 2022 au secrétariat du contentieux du Conseil d'Etat, M. A demande au Conseil d'Etat d'annuler cette ordonnance. Par une décision du 21 mars 2022, notifiée le 20 avril 2022, le président du bureau d'aide juridictionnelle a rejeté la demande d'aide juridictionnelle de M. A.",exces_de_pouvoir,defavorable_requerant,ORCE_461228_20220629.xml,ORCE,2022-06-29,Ordonnance,Excès de pouvoir,R.822-5 Rejet PAPC défaut ministère avocat,3342
"M. A B a demandé à la Cour nationale du droit d'asile d'annuler la décision du 19 août 2021 par laquelle l'Office français de protection des réfugiés et apatrides a rejeté sa demande d'asile. Par une ordonnance n° 21053675 du 28 décembre 2021, une présidente de formation de jugement de la Cour nationale du droit d'asile a rejeté cette demande. Par un pourvoi, enregistré le 8 février 2022 au secrétariat du contentieux du Conseil d'Etat, M. B demande au Conseil d'Etat : 1°) d'annuler cette ordonnance ; 2°) réglant l'affaire au fond, de faire droit à la demande qu'il avait présentée devant la Cour. Par une décision du 17 février 2022, notifiée le 24 février 2022, le bureau d'aide juridictionnelle a rejeté la demande d'aide juridictionnelle de M. B.",plein_contentieux,defavorable_requerant,ORCE_461239_20220603.xml,ORCE,2022-06-03,Ordonnance,Plein contentieux,R.822-5 Rejet PAPC défaut ministère avocat,3148
"M. B A a demandé à la Cour nationale du droit d'asile d'annuler la décision du 25 mars 2019 par laquelle l'Office français de protection des réfugiés et apatrides a rejeté sa demande d'asile. Par une décision n° 19034110 du 23 décembre 2021, un président de formation de jugement de la Cour nationale du droit d'asile a rejeté cette demande. Par un pourvoi, enregistré le 8 février 2022 au secrétariat du contentieux du Conseil d'Etat, M. A demande au Conseil d'Etat : 1°) d'annuler cette décision ; 2°) réglant l'affaire au fond, de faire droit à la demande qu'il avait présentée devant la Cour. Par une décision du 4 mars 2022, notifiée le 16 mars 2022, le bureau d'aide juridictionnelle a rejeté la demande d'aide juridictionnelle de M. A.",plein_contentieux,defavorable_requerant,ORCE_461255_20220630.xml,ORCE,2022-06-30,Ordonnance,Plein contentieux,R.822-5 Rejet PAPC défaut ministère avocat,3122
"Par une requête, enregistrée le 8 février 2022 au secrétariat du contentieux du Conseil d'Etat, M. A B demande au Conseil d'Etat : 1°) à titre principal, d'abroger le décret n° 2022-51 du 22 janvier 2022 modifiant le décret n° 2021-699 du 1er juin 2021 prescrivant les mesures générales nécessaires à la gestion de la sortie de crise sanitaire ; 2°) à titre subsidiaire, de lui permettre de choisir le produit qui doit lui être injecté ou de lui permettre de quitter le territoire sans aucune contrainte, ni menace.",exces_de_pouvoir,desistement,ORCE_461269_20220630.xml,ORCE,2022-06-30,Ordonnance,Excès de pouvoir,R. 122-12-1 Désistement,3050
"Par une requête enregistrée le 8 février 2022 au secrétariat du contentieux du Conseil d'Etat, M. D B, le parti politique Les Patriotes, Mme H E, M. F A et Mme G C demandent au Conseil d'Etat : 1°) d'annuler pour excès de pouvoir le décret n° 2022-51 du 22 janvier 2022 modifiant le décret n° 2021-699 du 1er juin 2021 prescrivant les mesures générales nécessaires à la gestion de la sortie de la crise sanitaire ; 2°) de mettre à la charge de l'Etat la somme de 5 000 euros au titre de l'article L. 761-1 du code de justice administrative.",exces_de_pouvoir,desistement,ORCE_461289_20220620.xml,ORCE,2022-06-20,Ordonnance,Excès de pouvoir,R. 122-12-1 Désistement,3407
"M. A B a demandé à la Cour nationale du droit d'asile d'annuler la décision du 17 juin 2021 par laquelle l'Office français de protection des réfugiés et apatrides a rejeté sa demande d'asile. Par une décision n° 21038035 du 13 décembre 2021, la Cour nationale du droit d'asile a rejeté cette demande. Par un pourvoi, enregistré le 9 février 2022 au secrétariat du contentieux du Conseil d'Etat, M. B demande au Conseil d'Etat : 1°) d'annuler cette décision ; 2°) réglant l'affaire au fond, de faire droit à la demande qu'il avait présentée devant la Cour.",plein_contentieux,defavorable_requerant,ORCE_461304_20220603.xml,ORCE,2022-06-03,Ordonnance,Plein contentieux,R.822-5 Rejet PAPC défaut ministère avocat,2848
"M. B A a demandé à la Cour nationale du droit d'asile d'annuler la décision du 6 juillet 2020 par laquelle l'Office français de protection des réfugiés et apatrides a rejeté sa demande d'asile. Par une ordonnance n° 21058277 du 31 décembre 2021, une présidente de formation de jugement de la Cour nationale du droit d'asile a rejeté cette demande. Par un pourvoi, enregistré le 11 février 2022 au secrétariat du contentieux du Conseil d'Etat, M. A demande au Conseil d'Etat : 1°) d'annuler cette ordonnance ; 2°) réglant l'affaire au fond, de faire droit à la demande qu'il avait présentée devant la Cour.",plein_contentieux,defavorable_requerant,ORCE_461316_20220603.xml,ORCE,2022-06-03,Ordonnance,Plein contentieux,R.822-5 Rejet PAPC défaut ministère avocat,3074
"Par une requête, enregistrée le 10 février 2022 au secrétariat du contentieux du Conseil d'Etat, M. A B demande au Conseil d'Etat d'annuler le décret du 24 avril 1967 portant déchéance de la nationalité française.",exces_de_pouvoir,defavorable_requerant,ORCE_461356_20220610.xml,ORCE,2022-06-10,Ordonnance,Excès de pouvoir,R. 122-12-7 Rejet irrecevabilité (moyens),1757
"Mme B A Le, épouse C a demandé au tribunal administratif de Montreuil d'annuler pour excès de pouvoir la décision du 13 janvier 2020 par laquelle la caisse d'assurance maladie des industries électriques et gazières (CAMIEG) a refusé de lui communiquer son dossier administratif relatif aux procédures de fermeture de ses droits de la sécurité sociale et d'enjoindre à la CAMIEG de lui communiquer les courriers du 2 juin 2014, du 30 décembre 2015 et des mois d'avril et de juillet 2016, une copie des échanges de cette caisse avec le "" Sandia "" et le défenseur des droits ainsi que, subsidiairement, le bordereau d'élimination des documents dont la copie est demandée. Par un jugement n° 2003290 du 25 novembre 2021, le tribunal administratif de Montreuil a rejeté sa demande. Par une ordonnance n° 22PA00296 du 10 février 2022, enregistrée le même jour au secrétariat du contentieux du Conseil d'Etat, la présidente de la cour administrative d'appel de Paris a transmis au Conseil d'Etat, en application des dispositions de l'article R. 351-2 du code de justice administrative, le pourvoi, enregistré le 20 janvier 2022 au greffe de la cour administrative d'appel de Paris, présenté par Mme Le. Par ce pourvoi, Mme Le demande au Conseil d'Etat : 1°) d'annuler ce jugement ; 2°) réglant l'affaire au fond, de faire droit à sa demande dans un délai de quinze jours à compter de la décision à intervenir, sous astreinte de 50 euros par jour de retard ; 3°) de mettre à la charge de la CAMIEG la somme de 2 000 euros au titre de l'article L. 761-1 du code de justice administrative. Par une lettre du 22 février 2022, régulièrement notifiée, Mme Le a été invitée à régulariser son pourvoi dans un délai d'un mois à compter de la réception de cette lettre.",plein_contentieux,defavorable_requerant,ORCE_461365_20220620.xml,ORCE,2022-06-20,Ordonnance,Plein contentieux,R.822-5 Rejet PAPC défaut ministère avocat,4305
"Mme C A B a demandé à la Cour nationale du droit d'asile d'annuler la décision du 30 juillet 2021 par laquelle l'Office français de protection des réfugiés et apatrides a rejeté sa demande d'asile. Par une décision n° 21044960 du 13 décembre 2021, la Cour nationale du droit d'asile a rejeté cette demande. Par un pourvoi, enregistré le 14 février 2022 au secrétariat du contentieux du Conseil d'Etat, Mme A B demande au Conseil d'Etat : 1°) d'annuler cette décision ; 2°) réglant l'affaire au fond, de faire droit à la demande qu'elle avait présentée devant la Cour. Par une décision du 28 février 2022, notifiée le 1er avril 2022, le bureau d'aide juridictionnelle a rejeté la demande d'aide juridictionnelle de Mme A B.",plein_contentieux,defavorable_requerant,ORCE_461433_20220630.xml,ORCE,2022-06-30,Ordonnance,Plein contentieux,R.822-5 Rejet PAPC défaut ministère avocat,3084
"M. A B a demandé à la Cour nationale du droit d'asile d'annuler la décision du 30 juillet 2021 par laquelle l'Office français de protection des réfugiés et apatrides a rejeté sa demande d'asile. Par une décision n° 21044967 du 13 décembre 2021, la Cour nationale du droit d'asile a rejeté cette demande. Par un pourvoi, enregistré le 14 février 2022 au secrétariat du contentieux du Conseil d'Etat, M. B demande au Conseil d'Etat : 1°) d'annuler cette décision ; 2°) réglant l'affaire au fond, de faire droit à la demande qu'il avait présentée devant la Cour. Par une décision du 28 février 2022, notifiée le 1er avril 2022, le bureau d'aide juridictionnelle a rejeté la demande d'aide juridictionnelle de M. B.",plein_contentieux,defavorable_requerant,ORCE_461434_20220630.xml,ORCE,2022-06-30,Ordonnance,Plein contentieux,R.822-5 Rejet PAPC défaut ministère avocat,3061
"Mme A B a demandé à la Cour nationale du droit d'asile d'annuler la décision prise par le directeur général de l'Office français de protection des réfugiés et apatrides le 24 septembre 2020 et de lui reconnaître la qualité de réfugié ou, à défaut, de lui accorder le bénéfice de la protection subsidiaire. Par une décision n° 20034991 du 13 décembre 2021, la Cour nationale du droit d'asile a rejeté sa demande. Par un pourvoi, enregistré le 14 février 2022 au secrétariat du contentieux du Conseil d'Etat, Mme B demande au Conseil d'Etat d'annuler cette décision. Par une décision du 28 février 2022, notifiée le 1er avril 2022, le bureau d'aide juridictionnelle a rejeté la demande d'aide juridictionnelle de Mme B.",plein_contentieux,defavorable_requerant,ORCE_461438_20220610.xml,ORCE,2022-06-10,Ordonnance,Plein contentieux,R.822-5 Rejet PAPC défaut ministère avocat,2992
"M. B A a demandé à la Cour nationale du droit d'asile d'annuler la décision du 29 juillet 2021 par laquelle l'Office français de protection des réfugiés et apatrides a rejeté sa demande d'asile. Par une décision n° 21045862 du 17 décembre 2021, la Cour nationale du droit d'asile a rejeté cette demande. Par un pourvoi, enregistré le 14 février 2022 au secrétariat du contentieux du Conseil d'Etat, M. A demande au Conseil d'Etat : 1°) d'annuler cette décision ; 2°) réglant l'affaire au fond, de faire droit à la demande qu'il avait présentée devant la Cour. Par une décision du 28 février 2022, régulièrement notifiée, le bureau d'aide juridictionnelle a rejeté la demande d'aide juridictionnelle de M. A.",plein_contentieux,defavorable_requerant,ORCE_461450_20220630.xml,ORCE,2022-06-30,Ordonnance,Plein contentieux,R.822-5 Rejet PAPC défaut ministère avocat,3017
"Par une requête, enregistrée le 14 février 2022 au secrétariat du contentieux du Conseil d'Etat, Mme A B demande au Conseil d'Etat : 1°) d'enjoindre, avant-dire droit, au Premier ministre et au ministre des solidarités et de la santé de produire aux débats l'ensemble des éléments à leur disposition permettant d'établir ou tout du moins de corroborer que le passe vaccinal et le passe sanitaire présentent un caractère nécessaire pour la protection de la santé publique dans l'ensemble des établissements concernés ; 2°) d'annuler pour excès de pouvoir, d'une part, les articles 2-1, 2-2, 2-3, 2-4, 8, 11, 15, 27, 47-1 et l'annexe 1 du décret n° 2021-699 du 1er juin 2021 prescrivant les mesures générales nécessaires à la gestion de la sortie de crise sanitaire et, d'autre part, l'article 1er du décret n° 2022-51 du 22 janvier 2022 modifiant le décret du 1er juin 2021 ; 3°) d'enjoindre au Premier ministre et au ministre des solidarités et de la santé, dans un délai de 48 heures à compter de la décision à intervenir et sous astreinte de 500 euros par jour de retard, à titre principal, de mettre fin au passe vaccinal et au passe sanitaire dans tous les lieux, établissements, activités et transports ou celui-ci est applicable dans le cadre des dispositions en cause, d'établir un mécanisme d'indemnisation des dommages résultant de la vaccination imposée par le passe vaccinal et sanitaire dans des conditions conformes au principe d'égalité et de non-discrimination, et, à titre subsidiaire, en premier lieu, d'exclure les mineurs de moins de dix-huit ans de l'application du passe vaccinal et sanitaire, en deuxième lieu, de ne pas subordonner exclusivement la validité du passe vaccinal et sanitaire à l'injection d'une dose de vaccin à acide ribonucléique (ARN) messager ou, à tout le moins, à l'injection de vaccins utilisant des technologies différentes et produits par des laboratoires différents, en troisième lieu, d'établir une exception au passe vaccinal dans les transports publics interrégionaux en cas de motif impérieux d'ordre professionnel, en quatrième lieu, d'établir un mécanisme d'extinction du dispositif sur le modèle résultant du projet de loi issue de la première",exces_de_pouvoir,desistement,ORCE_461457_20220630.xml,ORCE,2022-06-30,Ordonnance,Excès de pouvoir,R. 122-12-1 Désistement d'office,5052
"M. B A a demandé à la commission du contentieux du stationnement payant d'annuler le titre exécutoire émis par l'Agence nationale de traitement automatisé des infractions en vue du recouvrement du forfait de post-stationnement mis à sa charge le 18 août 2020 par la commune de Nantes et de la majoration dont il est assorti. Par une ordonnance n° 21039873 du 14 janvier 2022, le magistrat désigné par la présidente de la commission du contentieux du stationnement payant a rejeté sa requête. Par un pourvoi, enregistré le 14 février 2022 au secrétariat du contentieux du Conseil d'Etat, M. A demande au Conseil d'Etat : 1°) d'annuler cette ordonnance ; 2°) réglant l'affaire au fond, de faire droit à sa requête.",plein_contentieux,defavorable_requerant,ORCE_461468_20220623.xml,ORCE,2022-06-23,Ordonnance,Plein contentieux,R.822-5 Rejet PAPC défaut ministère avocat,3059
"M. A B a demandé à la Cour nationale du droit d'asile d'annuler la décision du 10 avril 2020 par laquelle l'Office français de protection des réfugiés et apatrides a rejeté sa demande d'asile. Par une ordonnance n° 20018259 du 14 décembre 2021, un président de formation de jugement de la Cour nationale du droit d'asile a rejeté cette demande. Par un pourvoi, enregistré le 15 février 2022 au secrétariat du contentieux du Conseil d'Etat, M. B demande au Conseil d'Etat : 1°) d'annuler cette ordonnance ; 2°) réglant l'affaire au fond, de faire droit à la demande qu'il avait présentée devant la Cour.",plein_contentieux,defavorable_requerant,ORCE_461495_20220630.xml,ORCE,2022-06-30,Ordonnance,Plein contentieux,R.822-5 Rejet PAPC défaut ministère avocat,2940
"La commune de Vitry-sur-Seine et M. B A ont demandé au juge des référés du tribunal administratif de Rennes de suspendre, sur le fondement de l'article L. 521-1 du code de justice administrative, l'exécution de l'arrêté du 16 novembre 2021 par lequel le maire de la commune de la Bouëxière a retiré l'arrêté du 5 août 2021 portant nomination par voie de mutation de M. A en qualité de brigadier à temps complet. Par une ordonnance n°s 2200100, 2200243 du 31 janvier 2022, la juge des référés a suspendu l'exécution de cet arrêté et rejeté le surplus des conclusions de M. A. Par un pourvoi sommaire et un mémoire complémentaire, enregistrés les 15 et 28 février 2022 au secrétariat du contentieux du Conseil d'Etat, la commune de la Bouëxière demande au Conseil d'Etat : 1°) d'annuler cette ordonnance ; 2°) statuant en référé, de rejeter la demande de M. A et de la commune de Vitry-sur-Seine ; 3°) de mettre à la charge de M. A et de la commune de Vitry-sur-Seine la somme de 3 000 euros au titre de l'article L. 761-1 du code de justice administrative. En application des dispositions de l'article R. 822-5-1 du code de justice administrative, l'avocat de la commune requérante a été informé que la décision du Conseil d'Etat était susceptible d'être prise en application de l'article R. 822-5 du même code.",exces_de_pouvoir,defavorable_requerant,ORCE_461502_20220628.xml,ORCE,2022-06-28,Ordonnance,Excès de pouvoir,R.822-5-3 Rejet PAPC référé,3437
"M. B A a demandé au tribunal administratif de Versailles d'annuler pour excès de pouvoir la décision du 18 mai 2020 par laquelle le préfet de la Loire-Atlantique a refusé d'échanger son permis de conduire malgache contre un permis de conduire français ainsi que la décision du 29 septembre 2020 de rejet de son recours gracieux et d'enjoindre au préfet de la Loire-Atlantique de procéder à cet échange. Par un jugement n° 2007974 du 20 janvier 2022, le tribunal administratif a rejeté sa demande. Par une ordonnance n° 22VE00301 du 15 février 2022, enregistrée le même jour au secrétariat du contentieux du Conseil d'Etat, le président de la cour administrative d'appel de Versailles a transmis au Conseil d'Etat, en application de l'article R. 351-2 du code de justice administrative, le pourvoi, enregistré le 11 février 2022 au greffe de cette cour, présenté par M. A. Par ce pourvoi M. A demande au Conseil d'Etat : 1°) d'annuler le jugement du 20 janvier 2022 ; 2°) réglant l'affaire au fond, de faire droit à sa demande.",exces_de_pouvoir,defavorable_requerant,ORCE_461504_20220623.xml,ORCE,2022-06-23,Ordonnance,Excès de pouvoir,R.822-5 Rejet PAPC défaut ministère avocat,3374
"1° Sous le n° 461557, M. D B a demandé au juge des référés du tribunal administratif de Lille, statuant sur le fondement de l'article L. 521-2 du code de justice administrative, d'enjoindre au préfet du Nord de procéder à l'enregistrement de sa demande d'asile et de lui remettre une attestation de demande d'asile ainsi que le formulaire de demandeur d'asile afin qu'il puisse introduire sa demande auprès de l'Office de protection des réfugiés et apatrides, dans un délai de cinq jours à compter de l'ordonnance à intervenir et ce, sous astreinte de 50 euros par jour de retard. Par une ordonnance n° 2200624 du 31 janvier 2022, le juge des référés du tribunal administratif a rejeté sa demande. Par un pourvoi, enregistré le 16 février 2022 au secrétariat du contentieux du Conseil d'Etat, M. B demande au Conseil d'Etat : 1°) d'annuler cette ordonnance ; 2°) statuant en référé, de faire droit à sa demande ; 3°) de mettre à la charge de l'Etat la somme de 1 500 euros au titre de l'article L. 761-1 du code de justice administrative. Par une lettre du 18 février 2022, notifiée le 22 février 2022, M. B a été invité à régulariser son pourvoi dans un délai de quinze jours à compter de la réception de cette lettre. Par une décision du 5 avril 2022, notifiée le 7 avril 2022, le bureau d'aide juridictionnelle a rejeté la demande d'aide juridictionnelle de M. B. 2° Sous le n° 461558, Mme E C a demandé au juge des référés du tribunal administratif de Lille, statuant sur le fondement de l'article L. 521-2 du code de justice administrative, d'enjoindre au préfet du Nord de procéder à l'enregistrement de sa demande d'asile et de lui remettre une attestation de demande d'asile ainsi que le formulaire de demandeur d'asile afin qu'elle puisse introduire sa demande auprès de l'Office de protection des réfugiés et apatrides, dans un délai de cinq jours à compter de l'ordonnance à intervenir et ce, sous astreinte de 50 euros par jour de retard. Par une ordonnance n° 2200636 du 31 janvier 2022, le juge des référés du tribunal administratif a rejeté sa demande. Par un pourvoi, enregistré le 16 février 2022 au secrétariat du contentieux du Conseil d'Etat, Mme C demande au Conseil d'Etat :",exces_de_pouvoir,defavorable_requerant,ORCE_461557_20220610.xml,ORCE,2022-06-10,Ordonnance,Excès de pouvoir,R.822-5 Rejet PAPC défaut ministère avocat,6143
"1° Sous le n° 461557, M. D A a demandé au juge des référés du tribunal administratif de Lille, statuant sur le fondement de l'article L. 521-2 du code de justice administrative, d'enjoindre au préfet du Nord de procéder à l'enregistrement de sa demande d'asile et de lui remettre une attestation de demande d'asile ainsi que le formulaire de demandeur d'asile afin qu'il puisse introduire sa demande auprès de l'Office de protection des réfugiés et apatrides, dans un délai de cinq jours à compter de l'ordonnance à intervenir et ce, sous astreinte de 50 euros par jour de retard. Par une ordonnance n° 2200624 du 31 janvier 2022, le juge des référés du tribunal administratif a rejeté sa demande. Par un pourvoi, enregistré le 16 février 2022 au secrétariat du contentieux du Conseil d'Etat, M. A demande au Conseil d'Etat : 1°) d'annuler cette ordonnance ; 2°) statuant en référé, de faire droit à sa demande ; 3°) de mettre à la charge de l'Etat la somme de 1 500 euros au titre de l'article L. 761-1 du code de justice administrative. Par une lettre du 18 février 2022, notifiée le 22 février 2022, M. A a été invité à régulariser son pourvoi dans un délai de quinze jours à compter de la réception de cette lettre. Par une décision du 5 avril 2022, notifiée le 7 avril 2022, le bureau d'aide juridictionnelle a rejeté la demande d'aide juridictionnelle de M. A. 2° Sous le n° 461558, Mme E C a demandé au juge des référés du tribunal administratif de Lille, statuant sur le fondement de l'article L. 521-2 du code de justice administrative, d'enjoindre au préfet du Nord de procéder à l'enregistrement de sa demande d'asile et de lui remettre une attestation de demande d'asile ainsi que le formulaire de demandeur d'asile afin qu'elle puisse introduire sa demande auprès de l'Office de protection des réfugiés et apatrides, dans un délai de cinq jours à compter de l'ordonnance à intervenir et ce, sous astreinte de 50 euros par jour de retard. Par une ordonnance n° 2200636 du 31 janvier 2022, le juge des référés du tribunal administratif a rejeté sa demande. Par un pourvoi, enregistré le 16 février 2022 au secrétariat du contentieux du Conseil d'Etat, Mme C demande au Conseil d'Etat :",exces_de_pouvoir,defavorable_requerant,ORCE_461558_20220610.xml,ORCE,2022-06-10,Ordonnance,Excès de pouvoir,R.822-5 Rejet PAPC défaut ministère avocat,6143
"Mme B a demandé à la Cour nationale du droit d'asile d'annuler la décision prise par le directeur général de l'Office français de protection des réfugiés et apatrides le 30 juin 2021 et de lui reconnaître la qualité de réfugié ou, à défaut, de lui accorder le bénéfice de la protection subsidiaire. Cette demande a été rejetée par une ordonnance n° 21039052 du 10 novembre 2021. Par un pourvoi, enregistré le 16 février 2022 au secrétariat du contentieux du Conseil d'Etat, Mme A demande au Conseil d'Etat d'annuler cette ordonnance. Par une décision du 28 février 2022, notifiée le 1er avril 2022, le bureau d'aide juridictionnelle a rejeté la demande d'aide juridictionnelle de Mme A.",plein_contentieux,defavorable_requerant,ORCE_461573_20220610.xml,ORCE,2022-06-10,Ordonnance,Plein contentieux,R.822-5 Rejet PAPC défaut ministère avocat,2924
"M. B A a demandé à la Cour nationale du droit d'asile d'annuler la décision du 30 juin 2021 par laquelle l'Office français de protection des réfugiés et apatrides a rejeté sa demande d'asile. Par une ordonnance n° 21039507 du 8 octobre 2021, une présidente de formation de jugement de la Cour nationale du droit d'asile a rejeté cette demande. Par un pourvoi, enregistré le 17 février 2022 au secrétariat du contentieux du Conseil d'Etat, M. A demande au Conseil d'Etat : 1°) d'annuler cette ordonnance ; 2°) réglant l'affaire au fond, de faire droit à la demande qu'il avait présentée devant la Cour. Par une décision du 10 mars 2022, notifiée le 4 avril 2022, le bureau d'aide juridictionnelle a rejeté la demande d'aide juridictionnelle de M. A.",plein_contentieux,defavorable_requerant,ORCE_461620_20220630.xml,ORCE,2022-06-30,Ordonnance,Plein contentieux,R.822-5 Rejet PAPC défaut ministère avocat,3142
"M. A B a demandé à la Cour nationale du droit d'asile d'annuler la décision du 23 septembre 2021 par laquelle l'Office français de protection des réfugiés et apatrides a rejeté sa demande d'asile. Par une ordonnance n° 21054946 du 10 décembre 2021, une présidente de formation de jugement de la Cour nationale du droit d'asile a rejeté cette demande. Par un pourvoi, enregistré le 18 février 2022 au secrétariat du contentieux du Conseil d'Etat, M. B demande au Conseil d'Etat : 1°) d'annuler cette ordonnance ; 2°) réglant l'affaire au fond, de faire droit à la demande qu'il avait présentée devant la Cour. Par une décision du 4 mars 2022, notifiée le 17 mars 2022, le bureau d'aide juridictionnelle a rejeté la demande d'aide juridictionnelle de M. B.",plein_contentieux,defavorable_requerant,ORCE_461723_20220630.xml,ORCE,2022-06-30,Ordonnance,Plein contentieux,R.822-5 Rejet PAPC défaut ministère avocat,3148
"M. B A a demandé à la Cour nationale du droit d'asile d'annuler la décision prise par le directeur général de l'Office français de protection des réfugiés et apatrides le 26 octobre 2021 et de lui reconnaître la qualité de réfugié ou, à défaut, de lui accorder le bénéfice de la protection subsidiaire. Cette demande a été rejetée par une ordonnance n° 21060220 du 20 décembre 2021. Par un pourvoi, enregistré le 21 février 2022 au secrétariat du contentieux du Conseil d'Etat, M. A demande au Conseil d'Etat d'annuler cette ordonnance. Par une décision du 4 mars 2022, notifiée le 4 avril 2022, le bureau d'aide juridictionnelle a rejeté la demande d'aide juridictionnelle de M. A.",plein_contentieux,defavorable_requerant,ORCE_461728_20220610.xml,ORCE,2022-06-10,Ordonnance,Plein contentieux,R.822-5 Rejet PAPC défaut ministère avocat,2954
"Mme A B a demandé au tribunal administratif de Montreuil d'enjoindre au préfet de la Seine-Saint-Denis d'exécuter la décision du 24 février 2021 par laquelle la commission de médiation de la Seine-Saint-Denis l'a reconnue comme prioritaire pour être logée d'urgence. Par une ordonnance n° 2200373 du 12 janvier 2022, prise sur le fondement de l'article R. 222-1 du code de justice administrative, le président du tribunal administratif a rejeté sa demande. Par une ordonnance n° 2202149 du 14 février 2022, enregistrée le 21 février 2022 au secrétariat du contentieux du Conseil d'Etat, le président du tribunal administratif de Montreuil a transmis au Conseil d'Etat, en application de l'article R. 351-2 du code de justice administrative, le pourvoi, enregistré le 9 février 2022 au greffe de ce tribunal, présenté par Mme B. Par ce pourvoi, Mme B demande au Conseil d'Etat : 1°) d'annuler l'ordonnance du 12 janvier 2022 ; 2°) réglant l'affaire au fond, de faire droit à sa demande.",exces_de_pouvoir,defavorable_requerant,ORCE_461730_20220623.xml,ORCE,2022-06-23,Ordonnance,Excès de pouvoir,R.822-5 Rejet PAPC défaut ministère avocat,3385
"La société Autocaz a demandé au juge des référés du tribunal administratif de Clermont-Ferrand de suspendre, sur le fondement de l'article L. 521-1 du code de justice administrative, l'exécution de la décision du 6 décembre 2021 par laquelle le préfet du Puy-de-Dôme lui a retiré son habilitation l'autorisant à intervenir sur le système d'immatriculation des véhicules. Par une ordonnance n° 2200158 du 7 février 2022, le juge des référés a rejeté sa demande. Par un pourvoi sommaire et un mémoire complémentaire, enregistrés les 22 février et 9 mars 2022 au secrétariat du contentieux du Conseil d'Etat, la société Autocaz demande au Conseil d'Etat : 1°) d'annuler cette ordonnance ; 2°) statuant en référé, de faire droit à sa demande ; 3°) de mettre à la charge de l'Etat la somme de 3 500 euros au titre de l'article L. 761-1 du code de justice administrative. En application des dispositions de l'article R. 822-5-1 du code de justice administrative, l'avocat de la société requérante a été informé que la décision du Conseil d'Etat était susceptible d'être prise en application de l'article R. 822-5 du même code.",exces_de_pouvoir,defavorable_requerant,ORCE_461766_20220630.xml,ORCE,2022-06-30,Ordonnance,Excès de pouvoir,R.822-5-3 Rejet PAPC référé,3191
"Mme B A a demandé à la Cour nationale du droit d'asile d'annuler la décision du 10 août 2021 par laquelle l'Office français de protection des réfugiés et apatrides a rejeté sa demande d'asile. Par une décision n° 21055500 du 30 décembre 2021, un président de formation de jugement de la Cour nationale du droit d'asile a rejeté cette demande. Par un pourvoi, enregistré le 22 février 2022 au secrétariat du contentieux du Conseil d'Etat, Mme A demande au Conseil d'Etat : 1°) d'annuler cette décision ; 2°) réglant l'affaire au fond, de faire droit à la demande qu'elle avait présentée devant la Cour.",plein_contentieux,defavorable_requerant,ORCE_461769_20220630.xml,ORCE,2022-06-30,Ordonnance,Plein contentieux,R.822-5 Rejet PAPC défaut ministère avocat,2936
"M. B A a demandé à la Cour nationale du droit d'asile d'annuler la décision du 29 avril 2019 par laquelle l'Office français de protection des réfugiés et apatrides a rejeté sa demande d'asile. Par une décision n° 19034142 du 23 décembre 2021, une présidente de formation de jugement de la Cour nationale du droit d'asile a rejeté cette demande. Par un pourvoi, enregistré le 22 février 2022 au secrétariat du contentieux du Conseil d'Etat, M. A demande au Conseil d'Etat : 1°) d'annuler cette décision ; 2°) réglant l'affaire au fond, de faire droit à la demande qu'il avait présentée devant la Cour. Par une décision du 4 mars 2022, notifiée le 17 mars 2022, le bureau d'aide juridictionnelle a rejeté la demande d'aide juridictionnelle de M. A.",plein_contentieux,defavorable_requerant,ORCE_461771_20220630.xml,ORCE,2022-06-30,Ordonnance,Plein contentieux,R.822-5 Rejet PAPC défaut ministère avocat,3141
"M. B A a demandé au tribunal administratif de Montreuil d'annuler pour excès de pouvoir la décision du 3 mars 2021 par laquelle la commission de médiation de Seine-Saint-Denis a refusé de le désigner comme prioritaire pour être logé d'urgence. Par un jugement n° 2107029 du 18 février 2022, le tribunal administratif a rejeté sa demande. Par un pourvoi enregistré le 18 février 2022 au secrétariat du contentieux du Conseil d'Etat, M. A demande au Conseil d'Etat : 1°) d'annuler cette ordonnance ; 2°) réglant l'affaire au fond, de faire droit à sa demande. Par un nouveau mémoire, enregistré le 16 mars 2022, M. A déclare se désister purement et simplement de son pourvoi.",exces_de_pouvoir,desistement,ORCE_461778_20220628.xml,ORCE,2022-06-28,Ordonnance,Excès de pouvoir,R.822-5 Désistement PAPC,1799
"M. A B a demandé à la commission du contentieux du stationnement payant d'annuler les titres exécutoires émis par l'Agence nationale de traitement automatisé des infractions entre le 12 décembre 2019 et le 20 juillet 2020 en vue du recouvrement de forfaits de post-stationnement mis à sa charge par la ville de Paris et des majorations dont ils sont assortis. Par une ordonnance n°s 21041263, 21041265, 21041273, 21041285, 21041293, 21041301, 21041302, 21041309, 21041316, 21041317 et 21041327 du 18 février 2022, le magistrat désigné par la présidente de la commission du contentieux du stationnement payant a rejeté sa requête. Par un pourvoi, enregistré le 22 février 2022 au secrétariat du contentieux du Conseil d'Etat, M. B demande au Conseil d'Etat : 1°) d'annuler cette ordonnance ; 2°) réglant l'affaire au fond, de faire droit à sa requête. Par une décision du 11 mai 2022, notifiée le 3 juin 2022, le bureau d'aide juridictionnelle établi près le Conseil d'Etat a rejeté la demande d'aide juridictionnelle de M. B.",plein_contentieux,defavorable_requerant,ORCE_461779_20220630.xml,ORCE,2022-06-30,Ordonnance,Plein contentieux,R.822-5 Rejet PAPC défaut ministère avocat,3392
"M. B A a demandé à la Cour nationale du droit d'asile d'annuler la décision du 22 avril 2021 par laquelle l'Office français de protection des réfugiés et apatrides a rejeté sa demande d'asile. Par une ordonnance n° 21064088 du 13 janvier 2022, un président de formation de jugement de la Cour nationale du droit d'asile a rejeté cette demande. Par un pourvoi, enregistré le 24 février 2022 au secrétariat du contentieux du Conseil d'Etat, M. A demande au Conseil d'Etat : 1°) d'annuler cette ordonnance ; 2°) réglant l'affaire au fond, de faire droit à la demande qu'il avait présentée devant la Cour. Par une décision du 4 mars 2022, notifiée le 16 mars 2022, le bureau d'aide juridictionnelle a rejeté la demande d'aide juridictionnelle de M. A.",plein_contentieux,defavorable_requerant,ORCE_461844_20220630.xml,ORCE,2022-06-30,Ordonnance,Plein contentieux,R.822-5 Rejet PAPC défaut ministère avocat,3139
"Mme A B a demandé au tribunal administratif de Rennes d'annuler pour excès de pouvoir la décision du 18 mai 2020 par laquelle le préfet de la Loire-Atlantique a refusé d'échanger son permis de conduire burkinabé contre un permis de conduire français et d'enjoindre au préfet de procéder à cet échange. Par un jugement n° 2002741 du 22 décembre 2021, le tribunal administratif a rejeté sa demande. Par une ordonnance n° 22NT00515 du 23 février 2022, enregistrée le 24 février 2022 au secrétariat du contentieux du Conseil d'Etat, le président de la cour administrative d'appel de Nantes a transmis au Conseil d'Etat, en application de l'article R. 351-2 du code de justice administrative, le pourvoi, enregistré le 14 février 2022 au greffe de cette cour, présenté par Mme B. Par ce pourvoi Mme B demande au Conseil d'Etat : 1°) d'annuler le jugement du 22 décembre 2021 ; 2°) réglant l'affaire au fond, de faire droit à sa demande.",exces_de_pouvoir,defavorable_requerant,ORCE_461865_20220623.xml,ORCE,2022-06-23,Ordonnance,Excès de pouvoir,R.822-5 Rejet PAPC défaut ministère avocat,3296
"La société par actions simplifiée Automobile de l'Alliance a demandé au tribunal administratif de Lille de prononcer la décharge des cotisations primitives de taxe sur les surfaces commerciales auxquelles elle a été assujettie au titre des années 2015 et 2016 à raison d'un établissement sis à Saint-Léonard, ainsi que des pénalités correspondantes. Par un jugement nos 1906167, 1906614 du 31 décembre 2021, le tribunal administratif de Lille a rejeté ses demandes. Par un pourvoi sommaire, enregistré le 28 février 2022 au secrétariat du contentieux du Conseil d'Etat, la société Automobile de l'Alliance demande au Conseil d'Etat d'annuler ce jugement.",plein_contentieux,desistement,ORCE_461938_20220615.xml,ORCE,2022-06-15,Ordonnance,Plein contentieux,R.822-5 Désistement PAPC,3140
"La société Kennel Tonnelier a demandé au tribunal administratif de Toulon d'assurer, sur le fondement de l'article L. 911-4 du code de justice administrative, l'exécution du jugement n° 1302259 du 2 juin 2016 par lequel ce tribunal a annulé la délibération du 19 juin 2013 par laquelle le conseil municipal de la Londe-les-Maures a approuvé le plan local d'urbanisme, en ce qu'il classe les parcelles cadastrées section BA n° 107 et 226 appartenant à la société Kennel Tonnelier en zone UE. Par un jugement n° 1800241 du 19 juin 2018, le tribunal administratif de Toulon a enjoint à la commune de la Londe-les-Maures d'adopter une délibération approuvant un nouveau classement de ces parcelles. Par un arrêt n° 21MA02787 du 28 décembre 2021, la cour administrative d'appel de Marseille, statuant sur renvoi du Conseil d'Etat après cassation, a rejeté l'appel de la commune de la Londe-les-Maures et porté à six mois le délai laissé au conseil municipal pour procéder à cette modification. Par un pourvoi sommaire, enregistré le 28 février 2022 au secrétariat du contentieux du Conseil d'Etat, la commune de la Londe-les-Maures demande au Conseil d'Etat : 1°) d'annuler cet arrêt ; 2°) réglant l'affaire au fond, de faire droit à son appel ; 3°) de mettre à la charge de la société Kennel Tonnelier la somme de 5 000 euros au titre de l'article L. 761-1 du code de justice administrative. Par un nouveau mémoire, enregistré le 30 mai 2022, la commune de la Londe-les-Maures déclare se désister purement et simplement de son pourvoi.",exces_de_pouvoir,desistement,ORCE_461956_20220630.xml,ORCE,2022-06-30,Ordonnance,Excès de pouvoir,R.822-5 Désistement PAPC,2795
"M. B A a demandé à la Cour nationale du droit d'asile d'annuler la décision du 26 octobre 2021 par laquelle l'Office français de protection des réfugiés et apatrides a rejeté sa demande d'asile. Par une ordonnance n° 21065569 du 14 janvier 2022, un président de formation de jugement de la Cour nationale du droit d'asile a rejeté cette demande. Par un pourvoi, enregistré le 1er mars 2022 au secrétariat du contentieux du Conseil d'Etat, M. A demande au Conseil d'Etat : 1°) d'annuler cette ordonnance ; 2°) réglant l'affaire au fond, de faire droit à la demande qu'il avait présentée devant la Cour. Par une décision du 2 mars 2022, notifiée le 4 avril 2022, le bureau d'aide juridictionnelle a rejeté la demande d'aide juridictionnelle de M. A.",plein_contentieux,defavorable_requerant,ORCE_461983_20220630.xml,ORCE,2022-06-30,Ordonnance,Plein contentieux,R.822-5 Rejet PAPC défaut ministère avocat,3139
"M. B A a demandé au tribunal administratif de Cergy-Pontoise, qui a transmis sa requête au tribunal administratif de Montreuil, d'annuler, pour excès de pouvoir, l'arrêté notifié le 3 septembre 2019 par lequel le préfet des Hauts-de-Seine a refusé de lui délivrer une attestation de demande d'asile et lui a rappelé son obligation de quitter le territoire français, en date du 24 juillet 2019, à destination du pays dont il a la nationalité ou de tout autre pays dans lequel il est légalement admissible. Par une ordonnance n° 1910535 du 5 octobre 2020, la présidente de la 2ème chambre du tribunal administratif de Montreuil a rejeté sa demande. Par une ordonnance n° 20PA03062 du 31 janvier 2022, le président de la 1ère chambre de la cour administrative d'appel de Paris a rejeté l'appel formé par M. A contre cette ordonnance. Par un pourvoi, enregistré le 28 février 2022 au secrétariat du contentieux du Conseil d'Etat, M. A demande au Conseil d'Etat : 1°) d'annuler l'ordonnance du 31 janvier 2022 ; 2°) réglant l'affaire au fond, de faire droit à son appel. Par une décision du 10 mars 2022, notifiée le 18 mars 2022, le bureau d'aide juridictionnelle a rejeté la demande d'aide juridictionnelle de M. A.",exces_de_pouvoir,defavorable_requerant,ORCE_462006_20220630.xml,ORCE,2022-06-30,Ordonnance,Excès de pouvoir,R.822-5 Rejet PAPC défaut ministère avocat,3431
"Par une requête sommaire, enregistrée le 2 mars 2022 au secrétariat du contentieux du Conseil d'Etat, la société par actions simplifiée Jung demande au Conseil d'Etat : 1°) d'annuler l'article 1 du décret n° 2021-1943 du 31 décembre 2021 en tant qu'il crée les articles R. 111-4-2 et R. 111-4-3 du code de la consommation ; 2°) de mettre à la charge de l'Etat la somme de 5 000 euros au titre de l'article L. 761-1 du code de justice administrative.",exces_de_pouvoir,desistement,ORCE_462025_20220615.xml,ORCE,2022-06-15,Ordonnance,Excès de pouvoir,R. 122-12-1 Désistement,2716
"1° L'association Agir ensemble pour nos droits a demandé au juge des référés du tribunal administratif de Melun d'enjoindre au préfet de Seine-et-Marne, sur le fondement l'article L. 521-2 du code de justice administrative, de remettre à la fille de M. A les clefs de sa boîte aux lettres. Par une ordonnance n° 2201872 du 25 février 2022, prise sur le fondement de l'article L. 522-3 du même code, le juge des référés a rejeté sa demande et l'a condamnée à une amende de 500 euros au titre de l'article R. 741-12 du même code. Sous le numéro 462029, par un pourvoi et un nouveau mémoire, enregistrés les 3 mars et 24 mai 2022 au secrétariat du contentieux du Conseil d'Etat, l'association Agir ensemble pour nos droits demande au Conseil d'Etat : 1°) d'annuler cette ordonnance ; 2°) statuant en référé, de faire droit à sa demande. 2° L'association Agir ensemble pour nos droits a demandé au juge des référés du tribunal administratif de Melun d'enjoindre au préfet de Seine-et-Marne, sur le fondement l'article L. 521-2 du code de justice administrative, de produire les coordonnées de l'avocat et du notaire instructeur. Par une ordonnance n° 2201871 du 25 février 2022, prise sur le fondement de l'article L. 522-3 du même code, le juge des référés a rejeté sa demande et l'a condamnée à une amende de 500 euros au titre de l'article R. 741-12 du même code. Sous le numéro 462187, par un pourvoi et un nouveau mémoire, enregistrés les 3 mars et 24 mai 2022 au secrétariat du contentieux du Conseil d'Etat, l'association Agir ensemble pour nos droits demande au Conseil d'Etat : 1°) d'annuler cette ordonnance ; 2°) statuant en référé, de faire droit à sa demande. Par deux décisions du 21 mars 2022, notifiées le 24 mars 2022, le bureau d'aide juridictionnelle établi près le Conseil d'Etat a rejeté les demandes d'aide juridictionnelle présentées par l'association Agir ensemble pour nos droits au soutien de ses pourvois. Vu les autres pièces des dossiers ; Vu le code de justice administrative ;",exces_de_pouvoir,defavorable_requerant,ORCE_462029_20220630.xml,ORCE,2022-06-30,Ordonnance,Excès de pouvoir,R.822-5 Rejet PAPC défaut ministère avocat,4646
"M. B A a demandé au tribunal administratif de Paris de prononcer la décharge des cotisations supplémentaires d'impôt sur le revenu mises à sa charge au titre des années 2005 et 2006, ainsi que des pénalités correspondantes. Par un jugement n° 1408729 du 10 février 2015, le tribunal administratif a rejeté sa demande. Par un arrêt n° 15PA01442 du 29 septembre 2016, la cour administrative d'appel de Paris a rejeté l'appel formé par M. A contre ce jugement. Par une décision n° 405681 du 15 septembre 2017, le Conseil d'Etat a rejeté le pourvoi formé par M. A contre cet arrêt. Par une requête, enregistrée le 26 février 2022 au secrétariat du contentieux du Conseil d'Etat, M. A demande au Conseil d'Etat de rectifier pour erreur matérielle la décision du Conseil d'Etat du 15 septembre 2017. Par une décision du 29 mars 2022, notifiée le 12 avril 2022, le bureau d'aide juridictionnelle a rejeté la demande d'aide juridictionnelle de M. A. Par une lettre du 12 mai 2022, notifiée le 13 mai 2022, M. A a été invité à régulariser son pourvoi dans un délai de quinze jours à compter de la réception de cette lettre.",autres_recours,defavorable_requerant,ORCE_462075_20220610.xml,ORCE,2022-06-10,Ordonnance,Recours en révision,R. 122-12-7 Rejet irrecevabilité (moyens),3614
"M. C B B A a demandé à la Cour nationale du droit d'asile d'annuler la décision prise par le directeur général de l'Office français de protection des réfugiés et apatrides le 24 août 2021 et de lui reconnaître la qualité de réfugié ou, à défaut, de lui accorder le bénéfice de la protection subsidiaire. Par une décision n° 21047351 du 5 janvier 2022, la Cour nationale du droit d'asile a rejeté sa demande. Par un pourvoi, enregistré le 7 mars 2022 au secrétariat du contentieux du Conseil d'Etat, M. B A demande au Conseil d'Etat d'annuler cette décision. Par une décision du 19 avril 2022, notifiée le 20 avril 2022, le bureau d'aide juridictionnelle a rejeté la demande d'aide juridictionnelle de M. B A.",plein_contentieux,defavorable_requerant,ORCE_462108_20220614.xml,ORCE,2022-06-14,Ordonnance,Plein contentieux,R.822-5 Rejet PAPC défaut ministère avocat,2987
"Par une requête, enregistrée le 5 mars 2022 au secrétariat du contentieux du Conseil d'Etat, Mme B A demande au Conseil d'Etat d'annuler pour excès de pouvoir le décret n° 2022-51 du 22 janvier 2022 modifiant le décret n° 2021-699 du 1er juin 2021 prescrivant les mesures générales nécessaire à la gestion de la sortie de crise sanitaire.",exces_de_pouvoir,defavorable_requerant,ORCE_462130_20220620.xml,ORCE,2022-06-20,Ordonnance,Excès de pouvoir,R. 122-12-4 Rejet irrecevabilité manifeste,2241
"M. A B a demandé à la commission du contentieux du stationnement payant d'annuler l'avis de paiement du forfait de post-stationnement mis à sa charge le 13 janvier 2021 par la Ville de Paris. Par une ordonnance n° 21014233 du 25 février 2022, le président de chambre désigné par la présidente de la commission du contentieux du stationnement payant a rejeté sa requête. Par un pourvoi, enregistré le 9 mars 2022 au secrétariat du contentieux du Conseil d'Etat, M. B demande au Conseil d'Etat : 1°) d'annuler cette ordonnance ; 2°) réglant l'affaire au fond, de faire droit à sa requête.",plein_contentieux,defavorable_requerant,ORCE_462191_20220623.xml,ORCE,2022-06-23,Ordonnance,Plein contentieux,R.822-5 Rejet PAPC défaut ministère avocat,2801
"Mme A B a demandé au tribunal administratif de Melun d'annuler la décision du 27 octobre 2020 par laquelle le directeur de la caisse d'allocations familiales du Val-de-Marne ne l'a déchargée que partiellement de la somme de 511,16 euros mise à sa charge au titre d'un indu d'allocation de logement social. Par un jugement n° 2010204 du 16 février 2022, le tribunal administratif de Melun a rejeté sa demande. Par un pourvoi, enregistré le 10 mars 2022 au secrétariat du contentieux du Conseil d'Etat, Mme B demande au Conseil d'Etat : 1°) d'annuler ce jugement ; 2°) réglant l'affaire au fond, de faire droit à sa demande.",plein_contentieux,defavorable_requerant,ORCE_462225_20220623.xml,ORCE,2022-06-23,Ordonnance,Plein contentieux,R.822-5 Rejet PAPC défaut ministère avocat,2938
"M. B A a demandé au tribunal administratif de Cergy-Pontoise d'annuler pour excès de pouvoir la décision du 22 juillet 2020 par laquelle la commission de médiation des Hauts-de-Seine a refusé de le désigner comme prioritaire pour être logé d'urgence. Par un jugement n° 2007366 du 11 février 2022, le tribunal administratif a rejeté sa demande. Par un pourvoi, enregistré le 11 mars 2022 au secrétariat du contentieux du Conseil d'Etat, M. A demande au Conseil d'Etat : 1°) d'annuler ce jugement ; 2°) réglant l'affaire au fond, de faire droit à sa demande.",exces_de_pouvoir,defavorable_requerant,ORCE_462242_20220623.xml,ORCE,2022-06-23,Ordonnance,Excès de pouvoir,R.822-5 Rejet PAPC défaut ministère avocat,2816
"1° M. B A a demandé à la commission du contentieux du stationnement payant d'annuler le titre exécutoire émis par l'Agence nationale de traitement automatisé des infractions (ANTAI) en vue du recouvrement du forfait de post-stationnement mis à sa charge le 15 juin 2020 par la commune de Strasbourg et de la majoration dont il est assorti. Par une ordonnance n° 21001745 du 24 février 2022, le président de chambre désigné par la présidente de la commission du contentieux du stationnement payant a rejeté sa requête. Sous le numéro 462247, par un pourvoi, enregistré le 11 mars 2022 au secrétariat du contentieux du Conseil d'Etat, M. A demande au Conseil d'Etat : 1°) d'annuler cette ordonnance ; 2°) réglant l'affaire au fond, de faire droit à sa requête. 2° M. A a demandé à la commission du contentieux du stationnement payant d'annuler le titre exécutoire émis par l'ANTAI en vue du recouvrement du forfait de post-stationnement mis à sa charge le 1er juillet 2020 par la commune de Strasbourg et de la majoration dont il est assorti. Par une ordonnance n° 21079481 du 24 février 2022, le président de chambre désigné par la présidente de la commission du contentieux du stationnement payant a rejeté sa requête. Sous le numéro 462248, par un pourvoi, enregistré le 11 mars 2022 au secrétariat du contentieux du Conseil d'Etat, M. A demande au Conseil d'Etat : 1°) d'annuler cette ordonnance ; 2°) réglant l'affaire au fond, de faire droit à sa requête. 3° M. A a transmis à la commission du contentieux du stationnement payant des documents au nombre desquels un courrier attestant de la vente de son véhicule. Par une ordonnance n° 21079902 du 24 février 2022, le président de chambre désigné par la présidente de la commission du contentieux du stationnement lui a donné acte de son désistement. Sous le numéro 462249, par un pourvoi, enregistré le 11 mars 2022 au secrétariat du contentieux du Conseil d'Etat, M. A demande au Conseil d'Etat : 1°) d'annuler cette ordonnance ; 2°) réglant l'affaire au fond, de faire droit à sa requête. Vu les autres pièces des dossiers ; Vu le code de justice administrative ;",plein_contentieux,defavorable_requerant,ORCE_462247_20220623.xml,ORCE,2022-06-23,Ordonnance,Plein contentieux,R.822-5 Rejet PAPC défaut ministère avocat,4461
"M. B A a demandé à la Cour nationale du droit d'asile d'annuler la décision prise par le directeur général de l'Office français de protection des réfugiés et apatrides le 12 octobre 2021 et de lui reconnaître la qualité de réfugié ou, à défaut, de lui accorder le bénéfice de la protection subsidiaire. Cette demande a été rejetée par une ordonnance n° 21065555 du 2 février 2022. Par un pourvoi, enregistré le 14 mars 2022 au secrétariat du contentieux du Conseil d'Etat, M. A demande au Conseil d'Etat d'annuler cette ordonnance. Par une décision du 30 mars 2022, notifiée le 22 avril 2022, le bureau d'aide juridictionnelle a rejeté la demande d'aide juridictionnelle de M. A.",plein_contentieux,defavorable_requerant,ORCE_462290_20220614.xml,ORCE,2022-06-14,Ordonnance,Plein contentieux,R.822-5 Rejet PAPC défaut ministère avocat,2951
"Mme B A a demandé à la commission du contentieux du stationnement payant d'annuler le titre exécutoire émis par l'Agence nationale de traitement automatisé des infractions en vue du recouvrement d'un forfait de post-stationnement mis à sa charge par la commune de Nice et de la majoration dont il est assorti. Par une ordonnance n° 21035867, la commission du contentieux du stationnement payant a rejeté sa requête. Par un pourvoi, enregistré le 14 mars 2022 au secrétariat du contentieux du Conseil d'Etat, Mme A demande au Conseil d'Etat : 1°) d'annuler cette ordonnance ; 2°) réglant l'affaire au fond, de faire droit à sa requête.",exces_de_pouvoir,defavorable_requerant,ORCE_462299_20220623.xml,ORCE,2022-06-23,Ordonnance,Excès de pouvoir,R.822-5 Rejet PAPC défaut ministère avocat,2852
"La société à responsabilité limitée Elise a demandé au tribunal administratif de Paris de prononcer la décharge des cotisations supplémentaires d'impôt sur les sociétés auxquelles elle a été assujettie au titre des exercices clos les 31 décembre 2009, 31 décembre 2010 et 31 décembre 2011 et des rappels de taxe sur la valeur ajoutée auxquels elle a été assujettie au titre des années 2009 à 2011, ainsi que des pénalités correspondantes. Par un jugement n° 1520918 du 7 juin 2017, le tribunal administratif de Paris a rejeté ses demandes. Par un arrêt n° 17PA02684 du 14 mars 2019, la cour administrative d'appel de Paris a rejeté la requête formée par la société Elise tendant à l'annulation de ce jugement et à la décharge des impositions supplémentaires et rappels de TVA auxquels elle a été assujettie, y compris l'amende fiscale infligée sur le fondement de l'article 1759 du code général des impôts. Par une décision n° 430739 du 8 mars 2021, le Conseil d'Etat a fait droit aux conclusions de la société Elise tendant à l'annulation de cet arrêt en tant qu'il a statué sur ses conclusions tendant à la décharge de l'amende infligée sur le fondement de l'article 1759 du code général des impôts et a renvoyé, dans cette mesure, l'affaire à la cour administrative de Paris. Par un arrêt n° 21PA01272 du 14 janvier 2022, la cour administrative d'appel de Paris a annulé le jugement du tribunal administratif de Paris du 7 juin 2017 en tant qu'il a statué sur l'amende prévue par l'article 1759 du code général des impôts, a déchargé la société Elise de cette amende qui lui a été infligée au titre de l'année 2009 et a rejeté le surplus des conclusions de sa requête. Par un pourvoi sommaire, enregistré le 14 mars 2022 au secrétariat du contentieux du Conseil d'Etat, la société Elise demande au Conseil d'Etat : 1°) d'annuler cet arrêt en tant qu'il a rejeté le surplus des conclusions de sa requête ; 2°) réglant l'affaire au fond, de faire droit à son appel. Par un mémoire, enregistré le 16 juin 2022 au secrétariat du contentieux du Conseil d'Etat, la société Elise déclare se désister de son pourvoi.",plein_contentieux,desistement,ORCE_462313_20220621.xml,ORCE,2022-06-21,Ordonnance,Plein contentieux,R.822-5 Désistement PAPC,3406
"M. A B a demandé au tribunal administratif de Versailles de prononcer la décharge de l'obligation solidaire de payer les cotisations supplémentaires d'impôt sur les sociétés et les contributions à l'impôt sur les sociétés, ainsi que des pénalités correspondantes, dues par la société anonyme Eurodefhi au titre des exercices clos en 1999 et 2000, à laquelle il a été assujetti. Par un jugement n° 1708161 du 25 octobre 2019, le tribunal administratif de Versailles a rejeté sa demande. Par un arrêt n° 19VE04173 du 11 janvier 2022, la cour administrative d'appel de Versailles a rejeté l'appel formé par M. B contre ce jugement. Par un pourvoi sommaire, enregistré le 14 mars 2022 au secrétariat du contentieux du Conseil d'Etat, M. B demande au Conseil d'Etat d'annuler cet arrêt. Par un mémoire, enregistré le 14 juin 2022 au secrétariat du contentieux du Conseil d'Etat, M. B déclare se désister de son pourvoi.",plein_contentieux,desistement,ORCE_462325_20220621.xml,ORCE,2022-06-21,Ordonnance,Plein contentieux,R.822-5 Désistement PAPC,2150
"M. A B a demandé à la Cour nationale du droit d'asile d'annuler la décision du 5 février 2018 par laquelle le directeur général de l'Office français de protection des réfugiés et apatrides a mis fin à son statut de réfugié. Par une décision n° 21024906 du 16 février 2022, la Cour nationale du droit d'asile a rejeté sa demande. Par un pourvoi, enregistré le 15 mars 2022 au secrétariat du contentieux du Conseil d'Etat, M. B demande au Conseil d'Etat d'annuler cette décision. Par une décision du 21 mars 2022, notifiée le 5 avril 2022, le bureau d'aide juridictionnelle a rejeté la demande d'aide juridictionnelle de M. B.",plein_contentieux,defavorable_requerant,ORCE_462342_20220610.xml,ORCE,2022-06-10,Ordonnance,Plein contentieux,R.822-5 Rejet PAPC défaut ministère avocat,2893
"Mme A B a demandé à la commission du contentieux du stationnement payant d'annuler les titres exécutoires émis par l'Agence nationale de traitement automatisé des infractions en vue du recouvrement de forfaits de post-stationnement mis à sa charge par la commune d'Amiens et des majorations dont ils sont assortis. Par une ordonnance n° 21093741 du 17 février 2022, la magistrate désignée par la présidente de la commission du contentieux du stationnement payant a rejeté sa requête. Par un pourvoi, enregistré le 16 mars 2022 au secrétariat du contentieux du Conseil d'Etat, Mme B demande au Conseil d'Etat : 1°) d'annuler cette ordonnance ; 2°) réglant l'affaire au fond, de faire droit à sa requête.",exces_de_pouvoir,defavorable_requerant,ORCE_462379_20220630.xml,ORCE,2022-06-30,Ordonnance,Excès de pouvoir,R.822-5 Rejet PAPC défaut ministère avocat,2920
"La société à responsabilité limitée Rokoutaki a demandé au juge des référés du tribunal administratif de Versailles de suspendre, sur le fondement de l'article L. 521-1 du code de justice administrative, l'exécution de l'arrêté du 4 février 2022 par lequel le maire de Saint-Rémy-lès-Chevreuse a refusé sa demande de permis de construire sur une parcelle dont elle est propriétaire et d'enjoindre sous astreinte à la commune de procéder à une nouvelle instruction de sa demande dans un délai de quinze jours. Par une ordonnance n° 2201584 du 2 mars 2022, le juge des référés du tribunal administratif de Versailles a rejeté cette demande. Par un pourvoi sommaire et un mémoire complémentaire, enregistrés les 18 mars et 4 avril 2022 au secrétariat du contentieux du Conseil d'Etat, la société Rokoutaki, représentée par Me Balat, demande au Conseil d'Etat : 1°) d'annuler cette ordonnance ; 2°) statuant en référé, de faire droit à sa demande ; 3°) de mettre à la charge de la commune de Saint-Rémy-lès-Chevreuse la somme de 3 500 euros au titre de l'article L. 761-1 du code de justice administrative. Par un courrier du 3 mai 2022, notifié le 5 mai 2022, en application des dispositions de l'article R. 822-5-1 du code de justice administrative, l'avocat de la société Rokoutaki a été informé que la décision du Conseil d'Etat était susceptible d'être prise en application de l'article R. 822-5 du même code.",exces_de_pouvoir,defavorable_requerant,ORCE_462433_20220615.xml,ORCE,2022-06-15,Ordonnance,Excès de pouvoir,R.822-5-3 Rejet PAPC référé,4103
"La société à responsabilité limitée JFT INARI a demandé au juge des référés du tribunal administratif de Versailles de suspendre, sur le fondement de l'article L. 521-1 du code de justice administrative, l'exécution de l'arrêté du 8 février 2022 par lequel le maire de Saint-Rémy-lès-Chevreuse a refusé sa demande de permis de construire sur une parcelle dont elle est propriétaire et d'enjoindre sous astreinte à la commune de procéder à une nouvelle instruction de sa demande dans un délai de quinze jours. Par une ordonnance n° 2201583 du 2 mars 2022, le juge des référés du tribunal administratif de Versailles a rejeté cette demande. Par un pourvoi sommaire et un mémoire complémentaire, enregistrés les 18 mars et 4 avril 2022 au secrétariat du contentieux du Conseil d'Etat, la société JFT INARI, représentée par Me Balat, demande au Conseil d'Etat : 1°) d'annuler cette ordonnance ; 2°) statuant en référé, de faire droit à sa demande ; 3°) de mettre à la charge de la commune de Saint-Rémy-lès-Chevreuse la somme de 3 500 euros au titre de l'article L. 761-1 du code de justice administrative. Par un courrier du 3 mai 2022, notifié le 5 mai 2022, en application des dispositions de l'article R. 822-5-1 du code de justice administrative, l'avocat de la société JFT INARI a été informé que la décision du Conseil d'Etat était susceptible d'être prise en application de l'article R. 822-5 du même code.",exces_de_pouvoir,defavorable_requerant,ORCE_462437_20220615.xml,ORCE,2022-06-15,Ordonnance,Excès de pouvoir,R.822-5-2 Rejet PAPC,3793
"M. B A a demandé au tribunal administratif de Paris de condamner l'Etat à lui verser la somme globale de 98 963 euros en réparation des préjudices qu'il estime avoir subis du fait du temps de travail qui lui a été imposé lors des missions de surveillance accomplies sur l'ensemble du territoire. Par un jugement n° 1901138 du 17 juin 2020, le tribunal administratif a rejeté sa demande. Par un arrêt n° 20PA02371 du 19 janvier 2022, la cour administrative d'appel de Paris a, sur appel de M. A, annulé ce jugement et sursis à statuer dans l'attente de la réponse des parties au supplément d'instruction ordonné sur les conclusions indemnitaires présentées par M. A. Par un pourvoi sommaire, enregistré le 21 mars 2022 au secrétariat du contentieux du Conseil d'Etat, le ministre de l'intérieur demande au Conseil d'Etat : 1°) d'annuler cet arrêt ; 2°) réglant l'affaire au fond, de rejeter l'appel formé par M. A. Par un nouveau mémoire, enregistré le 21 juin 2022, le ministre de l'intérieur déclare se désister purement et simplement de son pourvoi.",exces_de_pouvoir,desistement,ORCE_462548_20220630.xml,ORCE,2022-06-30,Ordonnance,Excès de pouvoir,R.822-5 Désistement PAPC,2216
"M. B A a demandé à la Cour nationale du droit d'asile d'annuler la décision prise par le directeur général de l'Office français de protection des réfugiés et apatrides le 15 décembre 2021 et de lui reconnaître la qualité de réfugié ou, à défaut, de lui accorder le bénéfice de la protection subsidiaire. Cette demande a été rejetée par une ordonnance n° 22001745 du 17 février 2022. Par un pourvoi, enregistré le 22 mars 2022 au secrétariat du contentieux du Conseil d'Etat, M. A demande au Conseil d'Etat d'annuler cette ordonnance. Par une décision du 29 mars 2022, le bureau d'aide juridictionnelle a rejeté la demande d'aide juridictionnelle de M. A.",plein_contentieux,defavorable_requerant,ORCE_462553_20220613.xml,ORCE,2022-06-13,Ordonnance,Plein contentieux,R.822-5 Rejet PAPC défaut ministère avocat,2926
"Mme B A a demandé au tribunal administratif d'Orléans d'annuler pour excès de pouvoir la décision du 19 octobre 2021 par laquelle la commission de médiation d'Indre-et-Loire a refusé de la désigner comme prioritaire pour être logée d'urgence. Par un jugement n° 2104014 du 2 mars 2022, le tribunal administratif a rejeté sa demande. Par une ordonnance n° 2200900 du 23 mars 2022, enregistrée le même jour au secrétariat du contentieux du Conseil d'Etat, le président du tribunal administratif d'Orléans a transmis au Conseil d'Etat, en application de l'article R. 351-2 du code de justice administrative, le pourvoi, enregistré le 17 mars 2022 au greffe de ce tribunal, présenté par Mme A. Par ce pourvoi Mme A demande au Conseil d'Etat : 1°) d'annuler le jugement du 2 mars 2022 ; 2°) réglant l'affaire au fond, de faire droit à sa demande.",exces_de_pouvoir,defavorable_requerant,ORCE_462561_20220623.xml,ORCE,2022-06-23,Ordonnance,Excès de pouvoir,R.822-5 Rejet PAPC défaut ministère avocat,3243
"M. E A B et Mme C D ont demandé au juge des référés du tribunal administratif de Nice de suspendre, sur le fondement des dispositions de l'article L. 521-1 du code de justice administrative, l'exécution de l'arrêté du 21 septembre 2021 par lequel le maire de Peille a refusé de leur délivrer un permis de construire, ensemble la décision implicite de rejet de leur recours gracieux reçu en mairie le 12 octobre 2021, et d'enjoindre à la commune de Peille de réexaminer leur demande de permis de construire sous astreinte. Par une ordonnance n° 2200721 du 7 mars 2022, le juge des référés du tribunal administratif de Nice a rejeté cette demande. Par un pourvoi sommaire et un mémoire complémentaire, enregistrés les 22 mars et 7 avril 2022 au secrétariat du contentieux du Conseil d'Etat, M. A B et Mme D, représentés par la SCP Zribi, Texier, demandent au Conseil d'Etat : 1°) d'annuler cette ordonnance ; 2°) de mettre à la charge de la commune de Peille la somme de 3 000 euros au titre de l'article L. 761-1 du code de justice administrative. Par un courrier du 3 mai 2022, notifié le même jour, en application des dispositions de l'article R. 822-5-1 du code de justice administrative, l'avocat de M. A B et Mme D a été informé que la décision du Conseil d'Etat était susceptible d'être prise en application de l'article R. 822-5 du même code.",exces_de_pouvoir,defavorable_requerant,ORCE_462564_20220603.xml,ORCE,2022-06-03,Ordonnance,Excès de pouvoir,R.822-5 Rejet PAPC pourvoi non fondé,3599
"M. B A a demandé à la Cour nationale du droit d'asile, d'une part, d'annuler la décision prise par le directeur général de l'Office français de protection des réfugiés et apatrides le 24 novembre 2021 et de lui reconnaître la qualité de réfugié ou, à défaut, de lui accorder le bénéfice de la protection subsidiaire et, d'autre part, de le convoquer à une audience publique. Cette demande a été rejetée par une ordonnance n° 21067888 du 9 février 2022. Par un pourvoi, enregistré le 23 mars 2022 au secrétariat du contentieux du Conseil d'Etat, M. A demande au Conseil d'Etat d'annuler cette ordonnance. Par une décision du 15 avril 2022, notifiée le 29 avril 2022, le bureau d'aide juridictionnelle a rejeté la demande d'aide juridictionnelle de M. A.",plein_contentieux,defavorable_requerant,ORCE_462579_20220614.xml,ORCE,2022-06-14,Ordonnance,Plein contentieux,R.822-5 Rejet PAPC défaut ministère avocat,3024
"M. A B a demandé au tribunal administratif de Toulouse d'annuler la décision du 21 août 2021 par laquelle le directeur de la caisse d'allocations familiales du Tarn a interrompu le versement du revenu de solidarité active pour le mois d'août 2021. Par une ordonnance n° 2106640 du 16 mars 2022, prise sur le fondement de l'article R. 222-1 du code de justice administrative, le magistrat désigné par le président du tribunal administratif a rejeté sa demande. Par un pourvoi, enregistré le 24 mars 2022 au secrétariat du contentieux du Conseil d'Etat, M. B demande au Conseil d'Etat : 1°) d'annuler cette ordonnance ; 2°) réglant l'affaire au fond, de faire droit à sa demande.",plein_contentieux,defavorable_requerant,ORCE_462619_20220623.xml,ORCE,2022-06-23,Ordonnance,Plein contentieux,R.822-5 Rejet PAPC défaut ministère avocat,2911
"La société par actions simplifiée L'Estacade a demandé au juge des référés du tribunal administratif de Nantes de suspendre, sur le fondement de l'article L. 521-1 du code de justice administrative, l'exécution des décisions du 20 décembre 2021 par lesquelles la commune de Barbâtre a exercé le droit de préemption urbain sur les parcelles cadastrées section ZN n° 21 et section ZN n° 22. Par une ordonnance n° 2202014, 2202015 du 9 mars 2022, le juge des référés du tribunal administratif de Nantes a rejeté ces demandes. Par un pourvoi sommaire et un mémoire complémentaire, enregistrés les 24 mars et 7 avril 2022 au secrétariat du contentieux du Conseil d'Etat, la société L'Estacade, représentée par la SCP Piwnica, Molinié, demande au Conseil d'Etat : 1°) d'annuler cette ordonnance ; 2°) statuant en référé, de faire droit à sa demande ; 3°) de mettre à la charge de la commune de Barbâtre la somme de 6 000 euros au titre de l'article L. 761-1 du code de justice administrative. Par un courrier du 12 mai 2022, notifié le même jour, en application des dispositions de l'article R. 822-5-1 du code de justice administrative, l'avocat de la société L'Estacade a été informé que la décision du Conseil d'Etat était susceptible d'être prise en application de l'article R. 822-5 du même code. L'avocat de la société L'Estacade a, en réponse à cet avis, présenté des observations le 15 juin 2022.",exces_de_pouvoir,defavorable_requerant,ORCE_462626_20220617.xml,ORCE,2022-06-17,Ordonnance,Excès de pouvoir,R.822-5-3 Rejet PAPC référé,4225
"Par une requête, enregistrée le 24 mars 2022 au secrétariat du contentieux du Conseil d'Etat, M. A B demande au Conseil d'Etat d'annuler le décret du 24 avril 1967 portant déchéance de la nationalité française.",exces_de_pouvoir,defavorable_requerant,ORCE_462627_20220610.xml,ORCE,2022-06-10,Ordonnance,Excès de pouvoir,R. 122-12-7 Rejet irrecevabilité (moyens),1708
"Par une requête, enregistrée le 28 mars 2022 au secrétariat du contentieux du Conseil d'Etat, le Groupement des Industriels et Professionnels de l'Aviation Générale (GIPAG) demande au Conseil d'Etat : 1°) d'annuler la décision implicite de rejet née du silence conservé par la ministre de la transition écologique, chargée des transports (DGAC) sur sa demande adressée le 8 septembre 2021 tendant à l'abrogation de l'article 13 de l'arrêté interministériel du 28 décembre 2005 relatif aux redevances pour services rendus par l'Etat pour la sécurité et la sûreté de l'aviation civile et pris pour l'application des articles R. 611-3, R. 611-4 et R. 611-5 du code de l'aviation civile dans sa version consolidée à ce jour et concernant la redevance de qualification d'entraineur synthétique de vol ; 2°) de mettre à la charge de l'Etat la somme de 3 000 euros au titre de l'article L. 761-1 du code de justice administrative. Par un mémoire, enregistré le 17 mai 2022, le GIPAG déclare se désister purement et simplement de sa requête.",exces_de_pouvoir,desistement,ORCE_462730_20220613.xml,ORCE,2022-06-13,Ordonnance,Excès de pouvoir,R. 122-12-1 Désistement,2177
"M. A B a demandé au juge des référés du tribunal administratif de Rennes de suspendre, sur le fondement de l'article L. 521-1 du code de justice administrative, l'exécution de la décision du 30 décembre 2021 par laquelle le ministre de l'intérieur a constaté la perte de validité de son permis de conduire pour solde de points nul et lui a enjoint de restituer son titre de conduite. Par une ordonnance n° 2200979 du 11 mars 2022, le juge des référés du tribunal administratif a rejeté sa demande. Par un pourvoi sommaire et un mémoire complémentaire, enregistrés les 28 mars et 12 avril 2022 au secrétariat du contentieux du Conseil d'Etat, M. B demande au Conseil d'Etat : 1°) d'annuler cette ordonnance ; 2°) statuant en référé, de faire droit à sa demande ; 3°) de mettre à la charge de l'Etat la somme de 4 000 euros au titre de l'article L. 761-1 du code de justice administrative. En application des dispositions de l'article R. 822-5-1 du code de justice administrative, l'avocat du requérant a été informé que la décision du Conseil d'Etat était susceptible d'être prise en application de l'article R. 822-5 du même code.",exces_de_pouvoir,defavorable_requerant,ORCE_462732_20220628.xml,ORCE,2022-06-28,Ordonnance,Excès de pouvoir,R.822-5 Rejet PAPC pourvoi non fondé,3246
"M. A B a demandé à la Cour nationale du droit d'asile d'annuler la décision du 29 octobre 2021 par laquelle l'Office français de protection des réfugiés et apatrides a rejeté sa demande d'asile. Par une ordonnance n° 21065701 du 31 janvier 2022, une présidente de formation de jugement de la Cour nationale du droit d'asile a rejeté cette demande. Par un pourvoi, enregistré le 31 mars 2022 au secrétariat du contentieux du Conseil d'Etat, M. B demande au Conseil d'Etat : 1°) d'annuler cette ordonnance ; 2°) réglant l'affaire au fond, de faire droit à la demande qu'il avait présentée devant la Cour. Par une décision du 15 avril 2022, notifiée le 25 avril 2022, le bureau d'aide juridictionnelle a rejeté la demande d'aide juridictionnelle de M. B.",plein_contentieux,defavorable_requerant,ORCE_462782_20220603.xml,ORCE,2022-06-03,Ordonnance,Plein contentieux,R.822-5 Rejet PAPC défaut ministère avocat,3258
"M. C B A a demandé à la commission du contentieux du stationnement payant d'annuler l'avis de paiement du forfait de post-stationnement mis à sa charge le 13 novembre 2019 par la commune de Marseille. Par une ordonnance n° 20020824 du 24 février 2022, la présidente de la commission du contentieux du stationnement payant lui a donné acte de son désistement. Par un pourvoi, enregistré le 1er avril 2022 au secrétariat du contentieux du Conseil d'Etat, M. B A demande au Conseil d'Etat : 1°) d'annuler cette ordonnance ; 2°) réglant l'affaire au fond, de faire droit à sa requête. Par une décision du 21 avril 2022, notifiée le 29 avril 2022, le bureau d'aide juridictionnelle établi près le Conseil d'Etat a rejeté la demande d'aide juridictionnelle de M. B A.",plein_contentieux,defavorable_requerant,ORCE_462820_20220623.xml,ORCE,2022-06-23,Ordonnance,Plein contentieux,R.822-5 Rejet PAPC défaut ministère avocat,3084
"M. A B a demandé au tribunal administratif de Caen d'annuler la décision du 1er juillet 2021 par laquelle le chef du service des réclamations relatives au chèque énergie du ministère de la transition écologique lui a demandé de compléter sa demande d'attribution d'un chèque énergie dans un délai de trois mois. Par une ordonnance n° 2101952 du 10 mars 2022, prise sur le fondement de l'article R. 222-1 du code de justice administrative, le président du tribunal administratif a rejeté sa demande. Par un pourvoi, enregistré le 1er avril 2022 au secrétariat du contentieux du Conseil d'Etat, M. B demande au Conseil d'Etat : 1°) d'annuler cette ordonnance ; 2°) réglant l'affaire au fond, de faire droit à sa demande.",plein_contentieux,defavorable_requerant,ORCE_462825_20220623.xml,ORCE,2022-06-23,Ordonnance,Plein contentieux,R.822-5 Rejet PAPC défaut ministère avocat,2982
"Par une requête, enregistrée le 1er avril 2022 au secrétariat du contentieux du Conseil d'Etat, Mme B A demande au Conseil d'Etat d'enjoindre au gouvernement de prendre un acte réglementaire tendant à assurer un meilleur contrôle de la gestion des syndicats de copropriété.",exces_de_pouvoir,defavorable_requerant,ORCE_462827_20220628.xml,ORCE,2022-06-28,Ordonnance,Excès de pouvoir,R. 122-12-4 Rejet irrecevabilité manifeste,2050
"M. B A a demandé à la Cour nationale du droit d'asile d'annuler la décision prise par le directeur général de l'Office français de protection des réfugiés et apatrides le 30 juillet 2021 et de lui reconnaître la qualité de réfugié ou, à défaut, de lui accorder le bénéfice de la protection subsidiaire. Cette demande a été rejetée par une ordonnance n° 21042760 du 26 janvier 2022. Par un pourvoi, enregistré le 4 avril 2022 au secrétariat du contentieux du Conseil d'Etat, M. A demande au Conseil d'Etat d'annuler cette ordonnance. Par une décision du 21 avril 2022, notifiée le 29 avril 2022, le bureau d'aide juridictionnelle a rejeté la demande d'aide juridictionnelle de M. A.",plein_contentieux,defavorable_requerant,ORCE_462879_20220613.xml,ORCE,2022-06-13,Ordonnance,Plein contentieux,R.822-5 Rejet PAPC défaut ministère avocat,2953
"M. B A a demandé à la commission du contentieux du stationnement payant d'annuler le titre exécutoire émis par l'Agence nationale de traitement automatisé des infractions en vue du recouvrement d'un forfait de post-stationnement mis à sa charge par la commune de Rouen et de la majoration dont il est assorti. Par une ordonnance n° 19092471 du 30 mars 2022, le président de chambre désigné par la présidente de la commission du contentieux du stationnement payant lui a donné acte de son désistement. Par un pourvoi, enregistré le 5 avril 2022 au secrétariat du contentieux du Conseil d'Etat, M. A demande au Conseil d'Etat : 1°) d'annuler cette ordonnance ; 2°) réglant l'affaire au fond, de faire droit à sa requête.",plein_contentieux,defavorable_requerant,ORCE_462933_20220623.xml,ORCE,2022-06-23,Ordonnance,Plein contentieux,R.822-5 Rejet PAPC défaut ministère avocat,2933
"La société à responsabilité limitée Pierreval Ingénierie, la société à responsabilité limitée Pierreval Ingénierie Old et la société civile de construction vente Villemomble Fredy ont demandé au juge des référés du tribunal administratif de Montreuil, sur le fondement de l'article L. 521-1 du code de justice administrative, de suspendre l'exécution de la décision du 20 décembre 2021 par laquelle le maire de Villemomble a exercé le droit de préemption urbain sur la parcelle située 11, avenue de Fredy, cadastrée section AQ n° 11 et de les autoriser, ainsi que la société Fredy 11, à poursuivre la vente à son terme. Par une ordonnance n° 2202860 du 22 mars 2022, le juge des référés du tribunal administratif de Montreuil a rejeté cette demande. Par un pourvoi sommaire et un mémoire complémentaire, enregistrés les 5 et 14 avril 2021 au secrétariat du contentieux du Conseil d'Etat, la société Pierreval Ingénierie, la société Pierreval Ingénierie Old et la société Villemomble Fredy, représentés par la SCP Poulet, Odent, demandent au Conseil d'Etat : 1°) d'annuler cette ordonnance ; 2°) statuant en référé, de faire droit à leur demande ; 3°) de mettre à la charge de la commune de Villemomble la somme de 4 000 euros au titre de l'article L. 761-1 du code de justice administrative. Par un courrier du 3 mai 2022, notifié le même jour, en application des dispositions de l'article R. 822-5-1 du code de justice administrative, l'avocat des sociétés Pierreval Ingénierie, Pierreval Ingénierie Old et Villemomble Fredy a été informé que la décision du Conseil d'Etat était susceptible d'être prise en application de l'article R. 822-5 du même code.",exces_de_pouvoir,defavorable_requerant,ORCE_462935_20220614.xml,ORCE,2022-06-14,Ordonnance,Excès de pouvoir,R.822-5 Rejet PAPC pourvoi non fondé,4025
"M. D B et Mme C A ont demandé au juge des référés du tribunal administratif d'Amiens de suspendre l'exécution de l'arrêté du 1er février 2022 par lequel le maire de Quend a décidé d'exercer le droit de préemption urbain sur la partie classée en zone UB au plan local d'urbanisme de l'immeuble cadastré section AW n° 77, n° 78, n° 79p, n° 80, n° 83 et n° 223, d'une superficie totale de 18 979 m², au prix de 100 000 euros. Par une ordonnance n° 2200535 du 21 mars 2022, le juge des référés du tribunal administratif d'Amiens a rejeté cette demande. Par un pourvoi sommaire et un mémoire complémentaire, enregistrés les 5 et 20 avril 2022 au secrétariat du contentieux du Conseil d'Etat, M. B et Mme A, représentés par la SCP Foussard, Froger, demandent au Conseil d'Etat : 1°) d'annuler cette ordonnance ; 2°) statuant en référé, de faire droit à leur demande ; 3°) de mettre à la charge de la commune de Quend la somme de 4 000 euros au titre de l'article L. 761-1 du code de justice administrative. Par un courrier du 12 mai 2022, notifié le même jour, en application des dispositions de l'article R. 822-5-1 du code de justice administrative, l'avocat de M. B et Mme A a été informé que la décision du Conseil d'Etat était susceptible d'être prise en application de l'article R. 822-5 du même code. Par un nouveau mémoire, enregistré le 23 mai 2022, M. B et Mme A reprennent les conclusions de leur pourvoi et les mêmes moyens.",exces_de_pouvoir,defavorable_requerant,ORCE_462948_20220601.xml,ORCE,2022-06-01,Ordonnance,Excès de pouvoir,R.822-5-3 Rejet PAPC référé,4529
"M. et Mme C A B ont demandé au tribunal administratif de Paris de prononcer, d'une part, la décharge de l'obligation de payer les cotisations d'impôt sur le revenu et de prélèvements sociaux auxquels ils ont été assujettis au titre des années 1999 à 2001 et 2006 à 2009 et des cotisations de taxe d'habitation auxquelles ils ont été assujettis au titre des années 2009 et 2010 et, d'autre part, la décharge de l'obligation de payer les rappels de taxe sur la valeur ajoutée qui leur ont été réclamés au titre des périodes du 1er janvier au 31 décembre 1999 et du 1er janvier au 31 décembre 2001, ainsi que des pénalités correspondantes. Par un jugement n°s 2004009, 2007336 du 14 décembre 2021, le tribunal administratif de Paris a rejeté sa demande. Par une ordonnance n° 22PA01158 du 1er avril 2022, enregistrée le 7 avril 2022 au secrétariat du contentieux du Conseil d'Etat, la présidente de la cour administrative d'appel de Paris a transmis au Conseil d'Etat, en application de l'article R. 351-2 du code de justice administrative, les conclusions du pourvoi formé par M. et Mme A B contre ce jugement, enregistré au greffe de cette cour le 13 février 2022. Par ce pourvoi, M. et Mme A B demandent au Conseil d'Etat : 1°) d'annuler ce jugement ; 2°) réglant l'affaire au fond, de faire droit à leur demande ; 3°) de mettre à la charge de l'Etat la somme de 3 000 euros au titre de l'article L. 761-1 du code de justice administrative. Par une lettre du 11 avril 2022, notifiée le 14 avril 2022, M. et Mme A B ont été invités à régulariser leur pourvoi dans un délai d'un mois à compter de la réception de cette lettre.",plein_contentieux,defavorable_requerant,ORCE_462987_20220610.xml,ORCE,2022-06-10,Ordonnance,Plein contentieux,R.822-5 Rejet PAPC défaut ministère avocat,4365
"Mme B A a demandé à la commission du contentieux du stationnement payant d'annuler l'avis de paiement du forfait de post-stationnement mis à sa charge le 16 septembre 2021 par la Ville de Paris. Par une ordonnance n° 21127788 du 18 mars 2022, la magistrate désignée par la présidente de la commission du contentieux du stationnement payant a rejeté sa requête. Par un pourvoi, enregistré le 7 avril 2022 au secrétariat du contentieux du Conseil d'Etat, Mme A demande au Conseil d'Etat : 1°) d'annuler cette ordonnance ; 2°) réglant l'affaire au fond, de faire droit à sa requête.",plein_contentieux,defavorable_requerant,ORCE_462996_20220623.xml,ORCE,2022-06-23,Ordonnance,Plein contentieux,R.822-5 Rejet PAPC défaut ministère avocat,2797
"Mme B A a demandé au tribunal administratif de Châlons-en-Champagne d'annuler pour excès de pouvoir la décision du 22 octobre 2021 par laquelle le préfet de la Loire-Atlantique a refusé d'échanger son permis de conduire gabonais contre un permis de conduire français. Par une ordonnance n° 2102887 du 31 janvier 2022, prise sur le fondement de l'article R. 222-1 du code de justice administrative, le président de la 2ème chambre du tribunal administratif a rejeté sa demande. Par une ordonnance n° 22NC00553 du 7 avril 2022, enregistrée le 8 avril 2022 au secrétariat du contentieux du Conseil d'Etat, la présidente de la cour administrative d'appel de Nancy a transmis au Conseil d'Etat, en application de l'article R. 351-2 du code de justice administrative, le pourvoi, enregistré le 2 mars 2022 au greffe de cette cour, présenté par Mme A. Par ce pourvoi Mme A demande au Conseil d'Etat : 1°) d'annuler cette ordonnance ; 2°) réglant l'affaire au fond, de faire droit à sa demande ; 3°) de mettre à la charge de l'Etat la somme de 2 400 euros au titre de l'article L. 761-1 du code de justice administrative.",exces_de_pouvoir,defavorable_requerant,ORCE_463020_20220623.xml,ORCE,2022-06-23,Ordonnance,Excès de pouvoir,R.822-5 Rejet PAPC défaut ministère avocat,3328
"Mme B A a demandé au tribunal administratif de Montreuil d'annuler la décision du 25 février 2019 par laquelle le directeur de la caisse d'allocations familiales de la Seine-Saint-Denis a refusé de la décharger de la somme de 181,26 euros dont la récupération avait été décidée au titre d'indus d'aide personnalisée au logement. Par une ordonnance n° 1903135 du 22 mars 2022, prise sur le fondement de l'article R. 222-1 du code de justice administrative, le président de la 5ème chambre du tribunal administratif a rejeté cette demande. Par un pourvoi, enregistré le 8 avril 2022 au secrétariat du contentieux du Conseil d'Etat, Mme A demande au Conseil d'Etat : 1°) d'annuler cette ordonnance ; 2°) réglant l'affaire au fond, de faire droit à sa demande.",exces_de_pouvoir,defavorable_requerant,ORCE_463044_20220623.xml,ORCE,2022-06-23,Ordonnance,Excès de pouvoir,R.822-5 Rejet PAPC défaut ministère avocat,3023
"Par une requête, enregistrée le 6 avril 2022 au secrétariat du contentieux du Conseil d'Etat, M. A B demande au Conseil d'Etat de prononcer la récusation de M. Didier Artus, président de la 3ème chambre de la cour administrative d'appel de Bordeaux pour suspicion légitime et insuffisance professionnelle. Il soutient que dans la procédure qui a fait l'objet de l'arrêt de la cour administrative d'appel de Bordeaux n°19BX02588, 19BX05038 du 1er février 2021, le président de la 3ème chambre de cette cour n'a pas procédé à un examen suffisamment approfondi du dossier et a cherché à satisfaire la partie adverse.",autres_recours,defavorable_requerant,ORCE_463050_20220613.xml,ORCE,2022-06-13,Ordonnance,Récusation,R. 122-12 Rejet Pourvoi non fondé,2441
"Mme A B a demandé au juge des référés du tribunal administratif de Paris d'annuler, sur le fondement de l'article L. 521-2 du code de justice administrative, les décisions du 22 décembre 2021 et du 11 février 2022 par lesquelles son chef de service l'a mutée dans un autre secteur ainsi que la décision implicite rejetant son recours gracieux contre ces décisions, d'ordonner à l'Assistance Publique - Hôpitaux de Paris (AP-HP) de la rétablir dans ses activités de médecin réanimateur au sein du service réanimation de l'hôpital Cochin et d'enjoindre à l'AP-HP de prendre les mesures nécessaires pour faire cesser les actes de harcèlement moral qu'elle estime subir. Par une ordonnance n° 2206964 du 25 mars 2022, prise sur le fondement de l'article L. 522-3 du même code, le juge des référés a rejeté sa demande. Par un pourvoi sommaire, un mémoire complémentaire et un nouveau mémoire, enregistrés les 11 et 22 avril et le 20 mai 2022 au secrétariat du contentieux du Conseil d'Etat, Mme B demande au Conseil d'Etat : 1°) d'annuler cette ordonnance ; 2°) statuant en référé, de faire droit à sa demande ; 3°) de mettre à la charge de l'AP-HP la somme de 3 500 euros au titre de l'article L. 761-1 du code de justice administrative. En application des dispositions de l'article R. 822-5-1 du code de justice administrative, l'avocat de la requérante a été informé que la décision du Conseil d'Etat était susceptible d'être prise en application de l'article R. 822-5 du même code.",exces_de_pouvoir,defavorable_requerant,ORCE_463109_20220628.xml,ORCE,2022-06-28,Ordonnance,Excès de pouvoir,R.822-5-3 Rejet PAPC référé,3425
"M. B A a demandé à la commission du contentieux du stationnement payant d'annuler le titre exécutoire émis par l'Agence nationale de traitement automatisé des infractions en vue du recouvrement d'un forfait de post-stationnement mis à sa charge par la Ville de Paris et de la majoration dont il est assorti. Par une ordonnance n° 21027577 du 18 mars 2022, le président de chambre désigné par la présidente de la commission du contentieux du stationnement payant lui a donné acte de son désistement. Par un pourvoi, enregistré le 12 avril 2022 au secrétariat du contentieux du Conseil d'Etat, M. A demande au Conseil d'Etat : 1°) d'annuler cette ordonnance ; 2°) réglant l'affaire au fond, de faire droit à sa requête.",plein_contentieux,defavorable_requerant,ORCE_463119_20220623.xml,ORCE,2022-06-23,Ordonnance,Plein contentieux,R.822-5 Rejet PAPC défaut ministère avocat,2932
"M. A D, Mme C E et M. B E ont demandé au juge des référés du tribunal administratif de Marseille de suspendre, sur le fondement de l'article L. 521-1 du code de justice administrative, l'exécution des arrêtés des 14 janvier et 26 février 2021 par lesquels le maire de La Ciotat a délivré deux permis de construire à la société civile de construction vente Les Cerisiers, ainsi que des décisions par lesquelles ce maire et le préfet des Bouches-du-Rhône ont rejeté les recours gracieux formés à l'encontre de ces arrêtés. Par une ordonnance n° 2201242 du 29 mars 2022, le juge des référés du tribunal administratif de Marseille a fait droit à cette demande en tant qu'elle porte sur l'arrêté du 26 février 2021 et les rejets des recours gracieux contre cet arrêté et a rejeté le surplus des conclusions de la demande. Par un pourvoi sommaire et un mémoire complémentaire, enregistrés les 14 avril et 2 mai 2022 au secrétariat du contentieux du Conseil d'Etat, la société Les Cerisiers, représentée par la SCP Gaschignard, demande au Conseil d'Etat : 1°) d'annuler cette ordonnance ; 2°) statuant en référé, de rejeter la demande de première instance ; 3°) de mettre à la charge de M. D et de M. et Mme E la somme de 2 000 euros au titre de l'article L. 761-1 du code de justice administrative. Par un courrier du 30 mai 2022, notifié le même jour, en application des dispositions de l'article R. 822-5-1 du code de justice administrative, l'avocat de la société Les Cerisiers a été informé que la décision du Conseil d'Etat était susceptible d'être prise en application de l'article R. 822-5 du même code.",exces_de_pouvoir,defavorable_requerant,ORCE_463196_20220617.xml,ORCE,2022-06-17,Ordonnance,Excès de pouvoir,R.822-5-3 Rejet PAPC référé,4314
"M. H I et Mme C I, M. B D et Mme M D, M. N G et Mme K G, M. A O et Mme L J, ainsi que Mme F E ont demandé au juge des référés du tribunal administratif de Marseille de suspendre, sur le fondement de l'article L. 521-1 du code de justice administrative, l'exécution de l'arrêté du 26 février 2021 par lequel le maire de La Ciotat a délivré un permis de construire à la société civile de construction vente Les Cerisiers, ainsi que de la décision rejetant leur recours gracieux. Par une ordonnance n° 2201317 du 29 mars 2022, le juge des référés du tribunal administratif de Marseille a fait droit à cette demande. Par un pourvoi sommaire et un mémoire complémentaire, enregistrés les 14 avril et 2 mai 2022 au secrétariat du contentieux du Conseil d'Etat, la société Les Cerisiers, représentée par la SCP Gaschignard, demande au Conseil d'Etat : 1°) d'annuler cette ordonnance ; 2°) statuant en référé, de rejeter la demande de première instance ; 3°) de mettre à la charge de M. et Mme I la somme de 2 000 euros au titre de l'article L. 761-1 du code de justice administrative. Par un courrier du 30 mai 2022, notifié le même jour, en application des dispositions de l'article R. 822-5-1 du code de justice administrative, l'avocat de la société Les Cerisiers a été informé que la décision du Conseil d'Etat était susceptible d'être prise en application de l'article R. 822-5 du même code.",exces_de_pouvoir,defavorable_requerant,ORCE_463197_20220617.xml,ORCE,2022-06-17,Ordonnance,Excès de pouvoir,R.822-5-3 Rejet PAPC référé,4114
"1° Mme A B a demandé à la commission du contentieux du stationnement payant d'annuler les titres exécutoires émis par l'Agence nationale de traitement automatisé des infractions (ANTAI) en vue du recouvrement des forfaits de post-stationnement mis à sa charge les 29 octobre et 9, 10, 12 et 20 novembre 2020 par la ville de Paris et des majorations dont ils sont assortis. Par une ordonnance n°s 21068096, 21077362, 21077416, 21077425, 21077446 du 20 janvier 2022, la magistrate désignée par la présidente de la commission du contentieux du stationnement payant a rejeté ses requêtes. Sous le numéro 463202, par un pourvoi, enregistré le 14 avril 2022 au secrétariat du contentieux du Conseil d'Etat, Mme B demande au Conseil d'Etat : 1°) d'annuler cette ordonnance ; 2°) réglant l'affaire au fond, de faire droit à ses requêtes. 2° Mme B a demandé à la commission du contentieux du stationnement payant d'annuler les titres exécutoires émis par l'Agence nationale de traitement automatisé des infractions (ANTAI) en vue du recouvrement des forfaits de post-stationnement mis à sa charge les 2, 6, 13 et 19 novembre 2020 par la ville de Paris et des majorations dont ils sont assortis. Par une ordonnance n°s 21077453, 21077461, 21077472, 21077481 du 20 janvier 2022, la magistrate désignée par la présidente de la commission du contentieux du stationnement payant a rejeté ses requêtes. Sous le numéro 464348, par un pourvoi, enregistré le 14 avril 2022 au secrétariat du contentieux du Conseil d'Etat, Mme B demande au Conseil d'Etat : 1°) d'annuler cette ordonnance 2°) réglant l'affaire au fond, de faire droit à ses requêtes. Vu les autres pièces des dossiers ; Vu le code de justice administrative ;",plein_contentieux,defavorable_requerant,ORCE_463202_20220630.xml,ORCE,2022-06-30,Ordonnance,Plein contentieux,R.822-5 Rejet PAPC irrecevabilité,3519
"M. A B a demandé à la commission du contentieux du stationnement payant d'annuler le titre exécutoire émis par l'Agence nationale de traitement automatisé des infractions en vue du recouvrement du forfait de post-stationnement mis à sa charge le 21 juin 2019 par la commune de Dreux et de la majoration dont il est assorti. Par une ordonnance n° 19142549 du 5 avril 2022, le magistrat désigné par la présidente de la commission du contentieux du stationnement payant a rejeté sa requête. Par un pourvoi, enregistré le 14 avril 2022 au secrétariat du contentieux du Conseil d'Etat, M. B demande au Conseil d'Etat : 1°) d'annuler cette ordonnance ; 2°) réglant l'affaire au fond, de faire droit à sa requête.",plein_contentieux,defavorable_requerant,ORCE_463205_20220623.xml,ORCE,2022-06-23,Ordonnance,Plein contentieux,R.822-5 Rejet PAPC défaut ministère avocat,2921
"M. A B a demandé à la commission du contentieux du stationnement payant d'annuler le titre exécutoire émis par l'Agence nationale de traitement automatisé des infractions en vue du recouvrement du forfait de post-stationnement mis à sa charge le 4 août 2019 par la commune de Collioure et de la majoration dont il est assorti. Par une ordonnance n° 20026456 du 25 mars 2022, le magistrat désigné par la présidente de la commission du contentieux du stationnement payant a dit qu'il n'y avait pas lieu de statuer sur sa requête. Par un pourvoi, enregistré le 15 avril 2022 au secrétariat du contentieux du Conseil d'Etat, M. B demande au Conseil d'Etat : 1°) d'annuler cette ordonnance ; 2°) réglant l'affaire au fond, de faire droit à sa requête.",plein_contentieux,defavorable_requerant,ORCE_463226_20220623.xml,ORCE,2022-06-23,Ordonnance,Plein contentieux,R.822-5 Rejet PAPC défaut ministère avocat,2961
"La société civile de construction vente La Baule 117 a demandé au juge des référés du tribunal administratif de Nantes, sur le fondement des dispositions de l'article L. 521-1 du code de justice administrative, de suspendre l'exécution de l'arrêté du 9 février 2022 par lequel le maire de La Baule, agissant au nom de l'Etat, a ordonné l'interruption des travaux de construction qu'elle a entrepris sur la parcelle cadastrée section AD numéro 185, située au 117, avenue de Lattre de Tassigny. Par une ordonnance n° 2203082 du 31 mars 2022, le juge des référés du tribunal administratif de Nantes a rejeté cette demande. Par un pourvoi sommaire et un mémoire complémentaire, enregistrés les 15 avril et 2 mai 2022 au secrétariat du contentieux du Conseil d'Etat, la société La Baule 117, représentée par la SCP Lyon-Caen, Thiriez, demande au Conseil d'Etat : 1°) d'annuler cette ordonnance ; 2°) statuant en référé, de faire droit à sa demande de première instance ; 3°) de mettre à la charge de l'Etat la somme de 5 000 euros au titre de l'article L. 761-1 du code de justice administrative. Par un courrier du 12 mai 2022, notifié le même jour, en application des dispositions de l'article R. 822-5-1 du code de justice administrative, l'avocat de la société La Baule 117 a été informé que la décision du Conseil d'Etat était susceptible d'être prise en application de l'article R. 822-5 du même code.",exces_de_pouvoir,defavorable_requerant,ORCE_463252_20220614.xml,ORCE,2022-06-14,Ordonnance,Excès de pouvoir,R.822-5 Rejet PAPC pourvoi non fondé,3407
"M. C B dit Mme A B a demandé au juge des référés du tribunal administratif d'Amiens, sur le fondement des dispositions de l'article L. 521-1 du code de justice administrative, de suspendre l'exécution de la décision du 2 mars 2022 par laquelle la cheffe d'établissement du centre pénitentiaire de Beauvais l'a placé à l'isolement pour une durée de trois mois. Par une ordonnance n° 2200926 du 31 mars 2022, le juge des référés du tribunal administratif d'Amiens a fait droit à sa demande. Par un pourvoi et un nouveau mémoire, enregistrés les 15 avril et 24 mai 2022 au secrétariat du contentieux du Conseil d'Etat, le garde des sceaux, ministre de la justice demande au Conseil d'Etat : 1°) d'annuler cette ordonnance ; 2°) statuant en référé, de rejeter la demande de M. B. Par application des dispositions de l'article R. 822-5-1 du code de justice administrative, le garde des sceaux, ministre de la justice a été informé que la décision du Conseil d'Etat était susceptible d'être prise en application de l'article R. 822-5 du même code.",exces_de_pouvoir,defavorable_requerant,ORCE_463253_20220603.xml,ORCE,2022-06-03,Ordonnance,Excès de pouvoir,R.822-5-3 Rejet PAPC référé,3253
"M. B a demandé à la Cour nationale du droit d'asile d'annuler la décision prise par le directeur général de l'Office français de protection des réfugiés et apatrides le 31 décembre 2019 et de lui reconnaître la qualité de réfugié ou, à défaut, de lui accorder le bénéfice de la protection subsidiaire. Par une décision n° 20005225 du 16 février 2022, la Cour nationale du droit d'asile a rejeté sa demande. Par un pourvoi, enregistré le 19 avril 2022 au secrétariat du contentieux du Conseil d'Etat, M. A demande au Conseil d'Etat d'annuler cette décision.",plein_contentieux,defavorable_requerant,ORCE_463304_20220610.xml,ORCE,2022-06-10,Ordonnance,Plein contentieux,R.822-5 Rejet PAPC défaut ministère avocat,2767
"Mme C A B a demandé au juge des référés du tribunal administratif de Paris, sur le fondement de l'article L. 521-3 du code de justice administrative, d'enjoindre au préfet de police de lui délivrer un rendez-vous dans un délai de quinze jours à compter de la notification de l'ordonnance afin de pouvoir déposer sa demande de titre de séjour, sous astreinte de 100 euros par jour de retard ou, à défaut, d'enjoindre au préfet de police de lui permettre de déposer sa demande de titre de séjour par tout autre moyen que le rendez-vous physique dans les mêmes conditions de délai et d'astreinte et de lui délivrer le récépissé correspondant. Par une ordonnance n° 2206858/9 du 1er avril 2022, le juge des référés du tribunal administratif a rejeté sa demande. Par un pourvoi sommaire, enregistré le 19 avril 2022 au secrétariat du contentieux du Conseil d'Etat, Mme A B demande au Conseil d'Etat : 1°) d'annuler cette ordonnance ; 2°) statuant en référé, de faire droit à sa demande.",exces_de_pouvoir,desistement,ORCE_463339_20220629.xml,ORCE,2022-06-29,Ordonnance,Excès de pouvoir,R.822-5 Désistement PAPC,3478
"M. A B a demandé au tribunal administratif de Nantes d'annuler la décision par laquelle le greffier en chef du service de la nationalité des Français nés et établis hors de France du tribunal d'instance du 1er arrondissement de Paris a refusé de lui délivrer un certificat de nationalité française, ainsi que la décision du 21 septembre 2016 du directeur des affaires civiles et du sceau rejetant le recours gracieux formé à l'encontre de cette décision. Par une ordonnance n° 2107523 du 6 septembre 2021, le président de la 1ère chambre du tribunal administratif de Nantes a rejeté sa demande. Par une ordonnance n° 21NT02799 du 24 mars 2022, le président de la 2ème chambre de la cour administrative d'appel de Nantes a rejeté l'appel formé par M. B contre cette ordonnance. Par un pourvoi, enregistré le 20 avril 2022 au secrétariat du contentieux du Conseil d'Etat, M. B demande au Conseil d'Etat d'annuler cette ordonnance.",exces_de_pouvoir,defavorable_requerant,ORCE_463350_20220613.xml,ORCE,2022-06-13,Ordonnance,Excès de pouvoir,R.822-5 Rejet PAPC défaut ministère avocat,3127
"Mme A B a demandé au tribunal administratif de Nantes d'annuler la décision du 30 novembre 2018 par laquelle le directeur des services de greffe judiciaires du pôle de la nationalité française du tribunal d'instance de Paris a refusé de lui délivrer un certificat de nationalité française. Par une ordonnance n° 2104441 du 10 mai 2021, le président de la 1ère chambre du tribunal administratif de Nantes a rejeté sa demande. Par une ordonnance n° 21NT01705 du 24 mars 2022, le président de la 2ème chambre de la cour administrative d'appel de Nantes a rejeté l'appel formé par Mme B contre cette ordonnance. Par un pourvoi, enregistré le 20 avril 2022 au secrétariat du contentieux du Conseil d'Etat, Mme B demande au Conseil d'Etat d'annuler cette ordonnance.",exces_de_pouvoir,defavorable_requerant,ORCE_463355_20220610.xml,ORCE,2022-06-10,Ordonnance,Excès de pouvoir,R.822-5 Rejet PAPC défaut ministère avocat,2963
"M. B A a demandé au juge des référés du tribunal administratif de Toulouse, sur le fondement de l'article L. 521-1 du code de justice administrative, en premier lieu, de suspendre l'exécution de l'arrêté du 4 avril 2022 de la préfète du Tarn en tant qu'il porte refus de titre de séjour, jusqu'à ce qu'il soit statué au fond sur la légalité de cette décision, en deuxième lieu, d'enjoindre au préfet du Tarn de réexaminer sa situation au titre de son activité professionnelle et de sa vie privée et familiale dans un délai de deux mois suivant la notification de l'ordonnance et de lui délivrer, dans l'attente, une autorisation provisoire de séjour l'autorisant à travailler, dès la notification de l'ordonnance, sous astreinte de 100 euros par jour de retard, en troisième lieu, d'enjoindre au préfet du Tarn, le cas échéant, de lui restituer les documents d'état civil et d'identité originaux sollicités par ses services dans le cadre de l'instruction de sa demande de titre de séjour. Par une ordonnance n° 2201366 du 5 avril 2022, le juge des référés du tribunal administratif de Toulouse a rejeté sa demande. Par un pourvoi sommaire, enregistré le 20 avril 2022 au secrétariat du contentieux du Conseil d'Etat, M. A demande au Conseil d'Etat d'annuler cette ordonnance.",exces_de_pouvoir,desistement,ORCE_463360_20220629.xml,ORCE,2022-06-29,Ordonnance,Excès de pouvoir,R.822-5 Désistement d'office PAPC,3755
"La société civile immobilière D2A a demandé au juge des référés du tribunal administratif de Lille de suspendre, sur le fondement de l'article L. 521-1 du code de justice administrative, l'exécution de la décision du 20 janvier 2022 par laquelle le maire de Flers-en-Escrebieux a exercé le droit de préemption urbain sur un ensemble bâti situé rue d'Auby, cadastré section B n° 3928, n° 5683, n° 5684 et n° 5685, situé rue d'Auby. Par une ordonnance n° 2202094 du 7 avril 2022, le juge des référés du tribunal administratif de Lille a fait droit à cette demande. Par un pourvoi sommaire, enregistré le 22 avril 2022 au secrétariat du contentieux du Conseil d'Etat, la commune de Flers-en-Escrebieux, représentée par la SCP Didier, Pinet, demande au Conseil d'Etat : 1°) d'annuler cette ordonnance ; 2°) de mettre à la charge de la société D2A la somme de 3 500 euros au titre de l'article L. 761-1 du code de justice administrative. Par un mémoire, enregistré le 9 mai 2022, la commune de Flers-en-Escrebieux déclare se désister purement et simplement de son pourvoi.",exces_de_pouvoir,desistement,ORCE_463422_20220603.xml,ORCE,2022-06-03,Ordonnance,Excès de pouvoir,R.822-5 Désistement PAPC,2287
"M. B A a demandé au tribunal administratif de Cergy-Pontoise de condamner l'Etat à réparer le préjudice qu'il estime avoir subi du fait de l'annulation de son permis de conduire. Par une ordonnance n° 2107840 du 31 mars 2022, prise sur le fondement de l'article R. 222-1 du code de justice administrative, le président par intérim du tribunal administratif a rejeté sa demande. Par une ordonnance n° 22VE00856 du 21 avril 2022, enregistrée le 22 avril 2022 au secrétariat du contentieux du Conseil d'Etat, le président de la cour administrative d'appel de Versailles a transmis au Conseil d'Etat, en application de l'article R. 351-2 du code de justice administrative, le pourvoi, enregistré le 13 avril 2022 au greffe de cette cour, présenté par M. A. Par ce pourvoi M. A demande au Conseil d'Etat : 1°) d'annuler l'ordonnance du 31 mars 2022 ; 2°) réglant l'affaire au fond, de faire droit à sa demande.",plein_contentieux,defavorable_requerant,ORCE_463466_20220630.xml,ORCE,2022-06-30,Ordonnance,Plein contentieux,R.822-5 Rejet PAPC défaut ministère avocat,3243
"M. A B a demandé au juge des référés du tribunal administratif de Toulon, sur le fondement de l'article L. 551-1 du code de justice administrative, à titre principal, en premier lieu, de constater les manquements de la commune de Cavalaire-sur-Mer à ses obligations de publicité et de mise en concurrence en méconnaissant les règles qu'elle a elle-même édictées dans le règlement de la consultation lors de l'attribution du lot n° 8 de la délégation de service public pour l'exploitation de 9 lots de plages de la commune, en deuxième lieu, d'annuler, d'une part, l'attribution par délibération du 28 février 2022 du lot n° 8 à la société Marina Viva et, d'autre part, le rejet de son offre, en troisième lieu, d'enjoindre à la commune de Cavalaire-sur-Mer de réintégrer son offre dans la phase de sélection des offres et de le désigner comme attributaire du lot n° 8, et, à titre subsidiaire, d'enjoindre à la commune de procéder à un nouveau classement des offres. Par une ordonnance n° 2200668 du 9 avril 2022, le juge des référés du tribunal administratif de Toulon a rejeté sa demande. Par un pourvoi sommaire et un mémoire complémentaire, enregistrés les 25 avril et 9 mai 2022 au secrétariat du contentieux du Conseil d'Etat, M. B demande au Conseil d'Etat : 1°) d'annuler cette ordonnance 2°) de mettre à charge de la commune de Cavalaire-sur-Mer et de la société Marina Viva la somme de 4 000 euros au titre de l'article L. 761-1 du code de justice administrative. Par un mémoire enregistré le 31 mai 2022, M. B déclare se désister purement et simplement de son pourvoi.",exces_de_pouvoir,desistement,ORCE_463501_20220629.xml,ORCE,2022-06-29,Ordonnance,Excès de pouvoir,R.822-5 Désistement PAPC,2894
"M. A B a demandé à la Cour nationale du droit d'asile d'annuler la décision prise par le directeur général de l'Office français de protection des réfugiés et apatrides le 20 septembre 2021 et de lui reconnaître la qualité de réfugié ou, à défaut, de lui accorder le bénéfice de la protection subsidiaire. Par une décision n° 21053767 du 21 mars 2022, la Cour nationale du droit d'asile a rejeté sa demande. Par un pourvoi, enregistré le 26 avril 2022 au secrétariat du contentieux du Conseil d'Etat, M. B demande au Conseil d'Etat d'annuler cette décision.",plein_contentieux,defavorable_requerant,ORCE_463512_20220610.xml,ORCE,2022-06-10,Ordonnance,Plein contentieux,R.822-5 Rejet PAPC défaut ministère avocat,2769
"M. B A a demandé au tribunal administratif de Nantes d'annuler la décision du 9 juillet 2019 par laquelle le directeur des services de greffe judiciaires du pôle de la nationalité française du tribunal d'instance de Paris a refusé de lui délivrer un certificat de nationalité française. Par une ordonnance n° 2013379 du 5 février 2021, le président de la 1ère chambre du tribunal administratif de Nantes a rejeté sa demande. Par une ordonnance n° 21NT00916 du 24 mars 2022, le président de la 2ème chambre de la cour administrative d'appel de Nantes a rejeté l'appel formé par M. A contre cette ordonnance. Par un pourvoi, enregistré le 27 avril 2022 au secrétariat du contentieux du Conseil d'Etat, M. A demande au Conseil d'Etat d'annuler cette ordonnance.",exces_de_pouvoir,defavorable_requerant,ORCE_463533_20220614.xml,ORCE,2022-06-14,Ordonnance,Excès de pouvoir,R.822-5 Rejet PAPC défaut ministère avocat,2957
"M. B A a demandé à la Cour nationale du droit d'asile d'annuler la décision prise par le directeur général de l'Office français de protection des réfugiés et apatrides le 21 janvier 2021 et de lui reconnaître la qualité de réfugié ou, à défaut, de lui accorder le bénéfice de la protection subsidiaire. Par une décision n° 21012946 du 21 mars 2022, la Cour nationale du droit d'asile a rejeté sa demande. Par un pourvoi, enregistré le 27 avril 2022 au secrétariat du contentieux du Conseil d'Etat, M. A demande au Conseil d'Etat d'annuler cette décision.",plein_contentieux,defavorable_requerant,ORCE_463541_20220614.xml,ORCE,2022-06-14,Ordonnance,Plein contentieux,R.822-5 Rejet PAPC défaut ministère avocat,2767
"Mme A B a demandé à la commission du contentieux du stationnement payant d'annuler les titres exécutoires émis par l'Agence nationale de traitement automatisé des infractions en vue du recouvrement des forfaits de post-stationnement mis à sa charge les 10 et 11 mars 2022 par la commune de Marseille et des majorations dont ils sont assortis. Par une ordonnance n° 21008580 du 8 avril 2022, le magistrat désigné par la présidente de la commission du contentieux du stationnement payant a rejeté sa requête. Par un pourvoi enregistré le 27 avril 2022 au secrétariat du contentieux du Conseil d'Etat, Mme B demande au Conseil d'Etat : 1°) d'annuler cette ordonnance ; 2°) réglant l'affaire au fond, de faire droit à sa requête.",plein_contentieux,defavorable_requerant,ORCE_463544_20220630.xml,ORCE,2022-06-30,Ordonnance,Plein contentieux,R.822-5 Rejet PAPC défaut ministère avocat,2943
"M. B A a demandé au tribunal administratif de Paris d'annuler le jugement par lequel le juge judiciaire n'a pas fait droit à son recours tendant à ce que lui soit reconnue la nationalité française. Par une ordonnance n° 2117279 du 24 novembre 2021, le président du tribunal administratif de Paris a rejeté sa demande comme portée devant une juridiction incompétente pour en connaître. Par une ordonnance n° 22PA00629 du 24 février 2022, le président de la 1ère chambre de la cour administrative d'appel de Paris a rejeté l'appel formé par M. A contre cette ordonnance. Par un pourvoi, enregistré le 28 avril 2022 au secrétariat du contentieux du Conseil d'Etat, M. A demande au Conseil d'Etat d'annuler cette ordonnance.",exces_de_pouvoir,defavorable_requerant,ORCE_463560_20220610.xml,ORCE,2022-06-10,Ordonnance,Excès de pouvoir,R.822-5 Rejet PAPC défaut ministère avocat,2918
"M. C A a demandé à la Cour nationale du droit d'asile d'annuler la décision prise par le directeur général de l'Office français de protection des réfugiés et apatrides rejetant sa demande d'asile et de lui reconnaître la qualité de réfugié ou, à défaut, de lui accorder le bénéfice de la protection subsidiaire. Par une décision n° 21065507 du 6 avril 2022, la Cour nationale du droit d'asile a rejeté sa demande. Par un pourvoi, enregistré le 28 avril 2022 au secrétariat du contentieux du Conseil d'Etat, M. A demande au Conseil d'Etat d'annuler cette décision.",plein_contentieux,defavorable_requerant,ORCE_463564_20220614.xml,ORCE,2022-06-14,Ordonnance,Plein contentieux,R.822-5 Rejet PAPC défaut ministère avocat,2774
"Par une requête, enregistrée le 28 avril 2022 au secrétariat du contentieux du Conseil d'Etat, M. B A doit être regardé comme demandant l'annulation de l'ordonnance n° 461018 du 14 avril 2022 par laquelle le président de la section du contentieux a rejeté sa demande d'annulation de la décision n° 2103837 du 31 décembre 2021 du bureau d'aide juridictionnelle établi près le Conseil d'Etat.",autres_recours,defavorable_requerant,ORCE_463615_20220603.xml,ORCE,2022-06-03,Ordonnance,Autres,R. 122-12-4 Rejet irrecevabilité manifeste,2081
"M. A B a demandé à la Cour nationale du droit d'asile d'annuler la décision prise par le directeur général de l'Office français de protection des réfugiés et apatrides le 15 juin 2021 et de lui reconnaître la qualité de réfugié ou, à défaut, de lui accorder le bénéfice de la protection subsidiaire. Par une décision n° 21034435 du 5 avril 2022, la Cour nationale du droit d'asile a rejeté sa demande. Par un pourvoi, enregistré le 2 mai 2022 au secrétariat du contentieux du Conseil d'Etat, M. B demande au Conseil d'Etat d'annuler cette décision.",plein_contentieux,defavorable_requerant,ORCE_463634_20220610.xml,ORCE,2022-06-10,Ordonnance,Plein contentieux,R.822-5 Rejet PAPC défaut ministère avocat,2761
"Mme B A a demandé au tribunal administratif de Melun d'annuler la décision en date du 9 février 2018 par laquelle le directeur départemental des finances publiques du Val-de-Marne a rejeté sa demande de remise gracieuse relative à la cotisation de la taxe d'habitation au titre de l'année 2017. Par un jugement n° 1809022 du 7 avril 2022, le tribunal administratif de Melun a rejeté sa demande. Par une ordonnance n° 22PA01908 du 2 mai 2022, enregistrée le même jour au secrétariat du contentieux du Conseil d'Etat, le président de la cour administrative d'appel de Paris a transmis au Conseil d'Etat, en application de l'article R. 351-2 du code de justice administrative, le pourvoi formé par Mme A contre ce jugement, enregistré au greffe de cette cour le 22 avril 2022. Par ce pourvoi, Mme A demande au Conseil d'Etat d'annuler ce jugement. Par une lettre du 6 mai 2022, notifiée le 10 mai 2022, Mme A a été invitée à régulariser son pourvoi dans un délai d'un mois à compter de la réception de cette lettre.",plein_contentieux,defavorable_requerant,ORCE_463690_20220615.xml,ORCE,2022-06-15,Ordonnance,Plein contentieux,R.822-5 Rejet PAPC défaut ministère avocat,3697
"M. C A B a demandé à la Cour nationale du droit d'asile d'annuler la décision prise par le directeur général de l'Office français de protection des réfugiés et apatrides le 31 août 2021 et de lui reconnaître la qualité de réfugié ou, à défaut, de lui accorder le bénéfice de la protection subsidiaire. Cette demande a été rejetée par une ordonnance n° 21066634 du 31 mars 2022. Par un pourvoi, enregistré le 3 mai 2022 au secrétariat du contentieux du Conseil d'Etat, M. A B demande au Conseil d'Etat d'annuler cette ordonnance.",plein_contentieux,defavorable_requerant,ORCE_463706_20220614.xml,ORCE,2022-06-14,Ordonnance,Plein contentieux,R.822-5 Rejet PAPC défaut ministère avocat,2752
"Le directeur général de l'agence régionale de santé de Normandie a porté plainte contre Mme B A devant la chambre disciplinaire de première instance de Normandie de l'ordre des infirmiers. Par une décision du 7 décembre 2020, la chambre disciplinaire de première instance a infligé à Mme A la sanction de l'interdiction d'exercer d'une durée de trois ans, dont deux ans et six mois assortis du sursis. Par une décision du 21 février 2022, la chambre disciplinaire nationale de l'ordre des infirmiers a, sur appel de Mme A, annulé cette décision et infligée à Mme A la sanction de l'interdiction d'exercer de 3 mois assortis du sursis. Par un pourvoi, enregistré le 3 mai 2022 au secrétariat du contentieux du Conseil d'Etat, le conseil interdépartemental de Basse-Normandie de l'ordre des infirmiers demande au Conseil d'Etat : 1°) d'annuler cette décision ; 2°) réglant l'affaire au fond, de faire droit à son appel. Par un nouveau mémoire, enregistré le 9 mai 2022, le conseil interdépartemental de Basse-Normandie de l'ordre des infirmiers déclare se désister purement et simplement de son pourvoi.",plein_contentieux,desistement,ORCE_463722_20220630.xml,ORCE,2022-06-30,Ordonnance,Plein contentieux,R.822-5 Désistement PAPC,2385
"Mme A B a demandé à la commission du contentieux du stationnement payant d'annuler le titre exécutoire émis par l'Agence nationale de traitement automatisé des infractions en vue du recouvrement du forfait de post-stationnement mis à sa charge le 7 janvier 2019 par la commune de Montpellier et de la majoration dont il est assorti. Par une ordonnance n° 19141005 du 23 mars 2022, le magistrat désigné par la présidente de la commission du contentieux du stationnement payant a rejeté sa requête. Par un pourvoi, enregistré le 4 mai 2022 au secrétariat du contentieux du Conseil d'Etat, Mme B demande au Conseil d'Etat : 1°) d'annuler cette ordonnance ; 2°) réglant l'affaire au fond, de faire droit à sa requête.",plein_contentieux,defavorable_requerant,ORCE_463733_20220623.xml,ORCE,2022-06-23,Ordonnance,Plein contentieux,R.822-5 Rejet partiel PAPC défaut d'avocat,2931
"M. B A a demandé au tribunal administratif de Grenoble d'annuler l'arrêté du 10 décembre 2021 par lequel le préfet de la Drôme a décidé de son expulsion au terme de sa détention. Par un jugement n° 2108511 du 24 février 2022, le tribunal administratif a rejeté sa demande. Par une ordonnance n° 22LY00757 du 27 avril 2022, le président de la 3ème chambre de la cour administrative d'appel de Lyon a rejeté l'appel formé par M. A contre ce jugement. Par un pourvoi, enregistré le 4 mai 2022 au secrétariat du contentieux du Conseil d'Etat, M. A demande au Conseil d'Etat d'annuler cette ordonnance.",exces_de_pouvoir,defavorable_requerant,ORCE_463740_20220614.xml,ORCE,2022-06-14,Ordonnance,Excès de pouvoir,R.822-5 Rejet PAPC défaut ministère avocat,2794
"Mme A B a demandé à la commission du contentieux du stationnement payant d'annuler le titre exécutoire émis par l'Agence nationale de traitement automatisé des infractions en vue du recouvrement d'un forfait de post-stationnement mis à sa charge le 8 février 2021 par la commune de Saint-Denis et de la majoration dont il est assorti. Par une ordonnance n° 21099012, le magistrat désigné par la présidente de la commission du contentieux du stationnement payant a rejeté sa requête. Par un pourvoi, enregistré le 1er mai 2022 au secrétariat du contentieux du Conseil d'Etat, Mme B demande au Conseil d'Etat : 1°) d'annuler cette ordonnance ; 2°) réglant l'affaire au fond, de faire droit à sa requête.",exces_de_pouvoir,defavorable_requerant,ORCE_463748_20220623.xml,ORCE,2022-06-23,Ordonnance,Excès de pouvoir,R.822-5 Rejet PAPC défaut ministère avocat,2911
"M. C A B a demandé à la commission du contentieux du stationnement payant d'annuler le titre exécutoire émis par l'Agence nationale de traitement automatisé des infractions en vue du recouvrement d'un forfait de post-stationnement mis à sa charge par la commune de Saint-Denis et de la majoration dont il est assorti. Par une ordonnance n° 20045501, la commission du contentieux du stationnement payant a rejeté sa requête. Par un pourvoi, enregistré le 5 mai 2022 au secrétariat du contentieux du Conseil d'Etat, M. A B demande au Conseil d'Etat : 1°) d'annuler cette ordonnance ; 2°) réglant l'affaire au fond, de faire droit à sa requête.",plein_contentieux,defavorable_requerant,ORCE_463763_20220623.xml,ORCE,2022-06-23,Ordonnance,Plein contentieux,R.822-5 Rejet PAPC défaut ministère avocat,2862
"La société Construction Thelemaque a demandé au juge des référés du tribunal administratif de la Guadeloupe, sur le fondement des dispositions de l'article L. 521-1 du code de justice administrative, de suspendre l'exécution de la décision implicite née le 22 décembre 2021 par laquelle le maire du Lamentin a refusé de lui verser la somme de 90 897,79 euros, correspondant à la retenue de garantie de 5 % relative au lot n° 3 du marché public de travaux conclu le 23 mai 2013, et d'enjoindre à la commune de lui allouer cette provision. Par une ordonnance n° 2200413 du 21 avril 2022, le juge des référés du tribunal administratif de la Guadeloupe a rejeté sa demande. Par un pourvoi sommaire et un mémoire complémentaire, enregistrés les 6 et 20 mai 2022 au secrétariat du contentieux du Conseil d'Etat, la société Construction Thelemaque demande au Conseil d'Etat : 1°) d'annuler cette ordonnance ; 2°) de mettre à la charge de la commune du Lamentin la somme de 3 000 euros au titre de l'article L. 761-1 du code de justice administrative. En application des dispositions de l'article R. 822-5-1 du code de justice administrative, l'avocat de la société Construction Thelemaque a été informé le 15 juin 2022 que la décision du Conseil d'Etat était susceptible d'être prise en application de l'article R. 822-5 du même code.",exces_de_pouvoir,defavorable_requerant,ORCE_463791_20220629.xml,ORCE,2022-06-29,Ordonnance,Excès de pouvoir,R.822-5 Rejet PAPC pourvoi non fondé,3521
"M. A C B a demandé au juge des référés du tribunal administratif de Paris, sur le fondement de l'article L. 521-3 du code de justice administrative, d'enjoindre au préfet de lui délivrer un rendez-vous afin qu'il puisse déposer sa demande de titre de séjour. Par une ordonnance n° 2209149/8 du 21 avril 2022, le juge des référés du tribunal administratif de Paris a rejeté sa demande. Par un pourvoi, enregistré le 9 mai 2022 au secrétariat du contentieux du Conseil d'Etat, M. B demande au Conseil d'Etat d'annuler cette ordonnance.",exces_de_pouvoir,defavorable_requerant,ORCE_463810_20220629.xml,ORCE,2022-06-29,Ordonnance,Excès de pouvoir,R.822-5 Rejet PAPC défaut ministère avocat,3025
"Mme B A a demandé au tribunal administratif de Poitiers d'annuler la décision du 19 avril 2019 par laquelle la ministre des armées a rejeté sa demande de pension militaire d'ayant cause. Par une ordonnance n° 1902309 du 2 juillet 2021, la présidente de la 2ème chambre du tribunal administratif de Poitiers a rejeté sa demande. Par un pourvoi, enregistré le 9 mai 2022 au secrétariat du contentieux du Conseil d'Etat, Mme A demande au Conseil d'Etat d'annuler cette ordonnance.",autres_recours,defavorable_requerant,ORCE_463823_20220629.xml,ORCE,2022-06-29,Ordonnance,Contentieux des pensions,R.822-5 Rejet PAPC irrecevabilité,2918
"M. A B a demandé à la commission du contentieux du stationnement payant d'annuler le titre exécutoire émis par l'Agence nationale de traitement automatisé des infractions en vue du recouvrement d'un forfait de post-stationnement. Par une ordonnance n° 20050532 du 30 avril 2022, la présidente de la commission du contentieux du stationnement payant a rejeté sa requête. Par un pourvoi, enregistré le 9 mai 2022 au secrétariat du contentieux du Conseil d'Etat, M. B demande au Conseil d'Etat : 1°) d'annuler cette ordonnance ; 2°) réglant l'affaire au fond, de faire droit à sa requête.",plein_contentieux,defavorable_requerant,ORCE_463833_20220630.xml,ORCE,2022-06-30,Ordonnance,Plein contentieux,R.822-5 Rejet PAPC défaut ministère avocat,2800
"Par une requête, enregistrée le 10 mai 2022 au secrétariat du contentieux du Conseil d'Etat, M. B A demande au Conseil d'Etat de rectifier pour erreur matérielle l'ordonnance n° 460601 du 20 avril 2022 par laquelle le président de la section du contentieux a rejeté sa demande d'annulation de la décision n° 2104240 du 3 décembre 2021 par laquelle le bureau d'aide juridictionnelle établi près le Conseil d'Etat a refusé de l'admettre au bénéfice de l'aide juridictionnelle en vue de soutenir son pourvoi enregistré sous le numéro 458450.",autres_recours,defavorable_requerant,ORCE_463890_20220603.xml,ORCE,2022-06-03,Ordonnance,Rectif. d'erreur matérielle,R. 122-12-4 Rejet irrecevabilité manifeste,2658
"Mme C A B a demandé au tribunal administratif de Paris d'enjoindre au préfet d'Île-de-France d'exécuter la décision du 25 février 2021 par laquelle la commission de médiation de Paris l'a reconnue comme prioritaire pour être logée d'urgence. Par une ordonnance n° 2200694 du 8 avril 2022, prise sur le fondement de l'article R. 222-1 du code de justice administrative, la présidente de la 4ème section du tribunal administratif a rejeté sa demande. Par un pourvoi, enregistré le 11 mai 2022 au secrétariat du contentieux du Conseil d'Etat, Mme A B demande au Conseil d'Etat : 1°) d'annuler cette ordonnance ; 2°) réglant l'affaire au fond, de faire droit à sa demande.",plein_contentieux,defavorable_requerant,ORCE_463901_20220630.xml,ORCE,2022-06-30,Ordonnance,Plein contentieux,R.822-5 Rejet PAPC défaut ministère avocat,2940
"Mme A B a demandé au tribunal administratif de Grenoble d'annuler pour excès de pouvoir la décision du 20 février 2020 par laquelle la commission de médiation de la Haute-Savoie a refusé de le désigner comme prioritaire pour être logée d'urgence. Par un jugement n° 2007032 du 27 avril 2022 le tribunal administratif a rejeté sa demande. Par un pourvoi, enregistré le 11 mai 2022 au secrétariat du contentieux du Conseil d'Etat, Mme B demande au Conseil d'Etat : 1°) d'annuler ce jugement ; 2°) réglant l'affaire au fond, de faire droit à sa demande.",exces_de_pouvoir,defavorable_requerant,ORCE_463909_20220623.xml,ORCE,2022-06-23,Ordonnance,Excès de pouvoir,R.822-5 Rejet PAPC défaut ministère avocat,2814
"Par une requête sommaire, enregistrée le 12 mai 2022 au secrétariat du contentieux du Conseil d'Etat, les sociétés par actions simplifiées Compagnie Hôtelière de Nice, Couronne Arenas, Hotelop Nice Grand Arenas et Balm Restaurant demandent au Conseil d'Etat : 1°) d'annuler pour excès de pouvoir le décret n° 2022-349 du 12 mars 2022 instituant au titre du mois de novembre2021 une aide dite "" nouvelle entreprise novembre "" visant à compenser les charges fixes non couvertes des entreprises dont l'activité est particulièrement affectée par les mesures sanitaires de lutte contre l'épidémie de covid-19, en tant qu'il retient les périodes de référence contestées ; 2°) d'enjoindre à l'Etat de modifier les modalités de calcul de la perte de chiffres d'affaires pour les entreprises récemment créées ; 3°) de mettre à la charge de l'Etat une somme de 2 000 euros au titre de l'article L. 761-1 du code de justice administrative. Par un mémoire, enregistré le 13 juin 2022, les sociétés Compagnie Hôtelière de Nice, Couronne Arenas, Hotelop Nice Grand Arenas et Balm Restaurant déclarent se désister de leur requête.",exces_de_pouvoir,desistement,ORCE_463963_20220627.xml,ORCE,2022-06-27,Ordonnance,Excès de pouvoir,R. 122-12-1 Désistement,2639
"M. B A a demandé au tribunal administratif de Marseille d'annuler pour excès de pouvoir la décision du 10 novembre 2021 par laquelle la commission de médiation des Bouches-du-Rhône a refusé de le désigner comme prioritaire pour être logé d'urgence. Par une ordonnance n° 2200063 du 29 avril 2022, prise sur le fondement de l'article R. 222-1 du code de justice administrative, la présidente du tribunal administratif a rejeté sa demande. Par un pourvoi, enregistré le 13 mai 2022 au secrétariat du contentieux du Conseil d'Etat, M. A demande au Conseil d'Etat : 1°) d'annuler cette ordonnance ; 2°) réglant l'affaire au fond, de faire droit à sa demande.",exces_de_pouvoir,defavorable_requerant,ORCE_463977_20220630.xml,ORCE,2022-06-30,Ordonnance,Excès de pouvoir,R.822-5 Rejet PAPC défaut ministère avocat,2918
"Mme A B a demandé à la commission du contentieux du stationnement payant d'annuler le titre exécutoire émis par l'Agence nationale de traitement automatisé des infractions en vue du recouvrement du forfait de post-stationnement mis à sa charge le 3 juin 2021 par la commune de Grenoble et de la majoration dont il est assorti. Par une ordonnance n° 21141015 du 21 avril 2022, la magistrate désignée par la présidente de la commission du contentieux du stationnement payant a rejeté sa requête. Par un pourvoi, enregistré le 13 mai 2022 au secrétariat du contentieux du Conseil d'Etat, Mme B demande au Conseil d'Etat : 1°) d'annuler cette ordonnance ; 2°) réglant l'affaire au fond, de faire droit à sa requête.",plein_contentieux,defavorable_requerant,ORCE_463992_20220630.xml,ORCE,2022-06-30,Ordonnance,Plein contentieux,R.822-5 Rejet PAPC défaut ministère avocat,2929
"Mme B A a demandé à la commission du contentieux du stationnement payant d'annuler les titres exécutoires émis par l'Agence nationale de traitement automatisé des infractions en vue du recouvrement des forfaits de post-stationnement mis à sa charge les 7 et 10 novembre 2020 par la ville de Paris et des majorations dont ils sont assortis. Par une ordonnance n°s 21067947, 21096257 du 9 mai 2022, le magistrat désigné par la présidente de la commission du contentieux du stationnement payant a rejeté ses requêtes. Par un pourvoi, enregistré le 17 mai 2022 au secrétariat du contentieux du Conseil d'Etat, Mme A demande au Conseil d'Etat : 1°) d'annuler cette ordonnance ; 2°) réglant l'affaire au fond, de faire droit à ses requêtes.",plein_contentieux,defavorable_requerant,ORCE_464114_20220630.xml,ORCE,2022-06-30,Ordonnance,Plein contentieux,R.822-5 Rejet PAPC défaut ministère avocat,2952
"Par une requête, enregistrée le 17 mai 2022 au secrétariat du contentieux du Conseil d'Etat, M. A B demande au Conseil d'Etat : 1°) d'annuler pour excès de pouvoir le décret n° 2022-515 du 8 avril 2022 relatif à la publication des mesures de gel de biens immobiliers prises en application du règlement UE n° 269/2014 du Conseil du 17 mars 2014, publié au journal officiel de la République française n° 0085 du 10 avril 2022 ; 2°) d'enjoindre au ministre de l'économie de retirer la liste publiée sur le site internet https://www.tresor.economie.gouv.fr/ ; 3°) de surseoir à statuer dans l'attente d'une réponse de la Cour de justice de l'Union européenne aux questions préjudicielles suivantes : "" 1 : Le droit de l'Union européenne, et plus particulièrement l'article 5, alinéa c) du règlement (UE) 2016/679 du 27 avril 2016 relatif à la protection des données personnelles (RGPD), qui énonce le principe de la minimisation de l'utilisation des données personnelles, doit-il être interprété en ce sens qu'il s'oppose à la publication par un Etat membre de données personnelles qui identifient la personne concernée (nom, domicile, données cadastrales), sans tenir compte des mesures de précautions édictées par l'autorité nationale de protection des données personnelles ' - 2 : Le droit de l'Union européenne, et plus particulièrement l'article 5 alinéas b) et c) du règlement précité, qui énonce le principe de la légitimité des finalités du traitement des données personnelles, en exigeant que celui-ci intervienne de façon adéquate et pertinente pour des finalités déterminées, explicites et légitimes, doit-il être interprété en ce sens qu'il s'oppose au traitement par un Etat membre qui n'est pas nécessaire et qui se révèle disproportionné par rapport aux objectifs poursuivis ' "" 4°) de mettre à la charge de l'Etat une somme de 5 000 euros au titre de l'article L. 761-1 du code de justice administrative. Par un mémoire, enregistré le 16 juin 2022, M. B déclare se désister de sa requête.",exces_de_pouvoir,desistement,ORCE_464134_20220628.xml,ORCE,2022-06-28,Ordonnance,Excès de pouvoir,R. 122-12-1 Désistement,3169
"Mme B A a demandé au juge des référés du tribunal administratif de Melun, sur le fondement de l'article L. 521-2 du code de justice administrative, d'enjoindre à la préfète du Val-de-Marne de lui délivrer un récépissé de sa demande de titre de séjour dans un délai de quarante-huit heures, sous astreinte de 100 euros par jour de retard. Par une ordonnance n° 2204887 du 18 mai 2022, le juge des référés du tribunal administratif de Melun a rejeté sa demande. Par un pourvoi, enregistré le 18 mai 2022 au secrétariat du contentieux du Conseil d'Etat, Mme A demande au Conseil d'Etat : 1°) d'annuler cette ordonnance ; 2°) statuant en référé, de faire droit à sa demande ; 3°) de mettre à la charge de l'Etat la somme de 1 000 euros au titre de l'article L. 761-1 du code de justice administrative.",exces_de_pouvoir,defavorable_requerant,ORCE_464163_20220629.xml,ORCE,2022-06-29,Ordonnance,Excès de pouvoir,R.822-5 Rejet PAPC défaut ministère avocat,3290
"M. B A a demandé au juge des référés du tribunal administratif de Nantes, d'une part, d'ordonner, sur le fondement des dispositions de l'article L. 521-1 du code de justice administrative, la suspension de l'exécution de la décision implicite du 16 avril 2022 par laquelle la commission de recours contre les décisions de refus de visa d'entrée en France a rejeté le recours formé contre la décision de l'autorité consulaire française à Abidjan (Côte d'Ivoire) du 20 décembre 2021, refusant de lui délivrer un visa de retour en France et, d'autre part, d'enjoindre, à titre principal, au ministre de l'intérieur de lui délivrer un visa dans un délai de huit jours à compter de la notification de l'ordonnance à intervenir, sous astreinte de 50 euros par jour de retard et, à titre subsidiaire, de réexaminer sa demande. Par une ordonnance n° 2205029 du 9 mai 2022, le juge des référés du tribunal administratif de Nantes a rejeté sa demande. Par un pourvoi, enregistré le 20 mai 2022 au secrétariat du contentieux du Conseil d'Etat, M. A demande au Conseil d'Etat : 1°) d'annuler cette ordonnance ; 2°) statuant en référé, de faire droit à sa demande ; 3°) de mettre à la charge de l'Etat la somme de 3 000 euros au titre de l'article L. 761-1 du code de justice administrative. En application des dispositions de l'article R. 822-5-1 du code de justice administrative, l'avocat de M. A a été informé le 15 juin 2022 que la décision du Conseil d'Etat était susceptible d'être prise en application de l'article R. 822-5 du même code.",exces_de_pouvoir,defavorable_requerant,ORCE_464226_20220629.xml,ORCE,2022-06-29,Ordonnance,Excès de pouvoir,R.822-5 Rejet PAPC pourvoi non fondé,3765
"Mme B C a demandé au juge des référés du tribunal administratif de Montpellier de suspendre, sur le fondement de l'article L. 521-1 du code de justice administrative, l'exécution de l'arrêté du 10 janvier 2022 par lequel le préfet des Pyrénées-Orientales a suspendu la validité de son permis de conduire pour une durée de huit mois. Par une ordonnance n° 2200931 du 3 mars 2022, prise sur le fondement de l'article L. 522-3 du même code, le juge des référés a rejeté sa demande. Par un pourvoi, enregistré le 24 mai 2022 au secrétariat du contentieux du Conseil d'Etat, M. A C, agissant au nom de Mme C, sa sœur, demande au Conseil d'Etat : 1°) d'annuler cette ordonnance ; 2°) statuant en référé, de faire droit à sa demande.",exces_de_pouvoir,defavorable_requerant,ORCE_464336_20220630.xml,ORCE,2022-06-30,Ordonnance,Excès de pouvoir,R.822-5 Rejet PAPC défaut ministère avocat,2954
"Mme A B a demandé à la commission du contentieux du stationnement payant d'annuler le titre exécutoire émis par l'Agence nationale de traitement automatisé des infractions en vue du recouvrement du forfait de post-stationnement mis à sa charge le 10 septembre 2020 par la commune de Valence et de la majoration dont il est assorti. Par une ordonnance n° 21045101 du 8 avril 2022, la présidente de la commission du contentieux du stationnement payant a rejeté sa requête. Par un pourvoi, enregistré le 25 mai 2022 au secrétariat du contentieux du Conseil d'Etat, Mme B demande au Conseil d'Etat : 1°) d'annuler cette ordonnance ; 2°) réglant l'affaire au fond, de faire droit à sa requête.",plein_contentieux,defavorable_requerant,ORCE_464391_20220630.xml,ORCE,2022-06-30,Ordonnance,Plein contentieux,R.822-5 Rejet PAPC défaut ministère avocat,2906
"Mme A B a demandé au juge des référés du tribunal administratif de Paris, sur le fondement des dispositions de l'article L. 521-2 du code de justice administrative, de prendre en compte la requête qu'elle a adressée le 31 mai 2022 au "" Président du tribunal de Paris "". Par une ordonnance n° 2212650/9 du 11 juin 2022, le juge des référés du tribunal administratif de Paris, statuant sur le fondement des dispositions de l'article L. 522-3 du code de justice administrative, a rejeté sa demande. Par un pourvoi, enregistré le 12 juin 2022 au secrétariat du contentieux du Conseil d'Etat, Mme B demande au Conseil d'Etat : 1°) d'annuler cette ordonnance ; 2°) statuant en référé, de faire droit à sa demande.",exces_de_pouvoir,defavorable_requerant,ORCE_464880_20220630.xml,ORCE,2022-06-30,Ordonnance,Excès de pouvoir,R.822-5 Rejet PAPC défaut ministère avocat,4369
"Mme B A a demandé au tribunal administratif de Melun d'annuler pour excès de pouvoir la décision du 2 novembre 2020 par laquelle la commission de médiation de Seine-et-Marne a refusé de la désigner comme prioritaire pour être logée d'urgence. Par une ordonnance n° 2010694 du 14 avril 2022, prise sur le fondement de l'article R. 222-1 du code de justice administrative, le vice-président du tribunal administratif lui a donné acte de son désistement. Par un pourvoi, enregistré le 13 juin 2022 au secrétariat du contentieux du Conseil d'Etat, demande au Conseil d'Etat : 1°) d'annuler cette ordonnance ; 2°) réglant l'affaire au fond, de faire droit à sa demande.",exces_de_pouvoir,defavorable_requerant,ORCE_464888_20220630.xml,ORCE,2022-06-30,Ordonnance,Excès de pouvoir,R.822-5 Rejet PAPC défaut ministère avocat,2927
"Mme B A a demandé au tribunal administratif de Versailles d'annuler la décision du 11 février 2022 par laquelle le ministre de l'intérieur l'a informée du retrait de quatre points sur son permis de conduire consécutif à l'infraction commise le 13 janvier 2022. Par une ordonnance n° 2202295 du 18 mai 2022, prise sur le fondement de l'article R. 222-1 du code de justice administrative, la présidente de la 7ème chambre du tribunal administratif a rejeté sa demande. Par un pourvoi, enregistré le 13 juin 2022 au secrétariat du contentieux du Conseil d'Etat, Mme A demande au Conseil d'Etat : 1°) d'annuler cette ordonnance ; 2°) réglant l'affaire au fond, de faire droit à sa demande.",exces_de_pouvoir,defavorable_requerant,ORCE_464893_20220630.xml,ORCE,2022-06-30,Ordonnance,Excès de pouvoir,R.822-5 Rejet PAPC défaut ministère avocat,2903
